{"level":"info","time":"2024-12-13T21:56:34.886+0530","caller":"cmd/lt.go:207","msg":"LambdaTest Tunnel version: 3.2.8"}
{"level":"warn","time":"2024-12-13T21:56:34.892+0530","caller":"configmanager/setup.go:79","msg":"Tunnel Name was not specified, using: c44b89f0-c95b-440e-8738-16a8479db217"}
{"level":"info","time":"2024-12-13T21:56:36.176+0530","caller":"custom/setup.go:861","msg":"Tunnel binary started on port :9090"}
{"level":"info","time":"2024-12-13T21:56:37.673+0530","caller":"core/lifecycle.go:282","msg":"Launching tunnel"}
{"level":"info","time":"2024-12-13T21:56:42.838+0530","caller":"core/lifecycle.go:404","msg":"You can start testing now"}
{"level":"info","time":"2024-12-13T21:56:42.838+0530","caller":"core/lifecycle.go:405","msg":"Tunnel ID: 3430303"}
{"level":"info","time":"2024-12-13T22:51:54.810+0530","caller":"core/lifecycle.go:450","msg":"Stopping tunnel"}
{"level":"info","time":"2024-12-13T22:51:56.455+0530","caller":"core/lifecycle.go:457","msg":"Tunnel stopped successfully"}
ing on a random free tcp port."}
{"level":"info","time":"2024-12-13T21:56:37.112+0530","caller":"custom/setup.go:861","msg":"Tunnel binary started on port :52279"}
{"level":"warn","time":"2024-12-13T21:56:37.143+0530","caller":"custom/setup.go:846","msg":"Port 9090 is already in use. Trying on a random free tcp port."}
{"level":"info","time":"2024-12-13T21:56:37.143+0530","caller":"custom/setup.go:861","msg":"Tunnel binary started on port :52285"}
{"level":"info","time":"2024-12-13T21:56:37.738+0530","caller":"cmd/lt.go:207","msg":"LambdaTest Tunnel version: 3.2.8"}
{"level":"warn","time":"2024-12-13T21:56:37.739+0530","caller":"configmanager/setup.go:79","msg":"Tunnel Name was not specified, using: 49cb3d23-6520-4dae-a7fb-5706a3d1d03c"}
{"level":"info","time":"2024-12-13T21:56:38.401+0530","caller":"core/lifecycle.go:282","msg":"Launching tunnel"}
{"level":"info","time":"2024-12-13T21:56:38.487+0530","caller":"core/lifecycle.go:282","msg":"Launching tunnel"}
{"level":"warn","time":"2024-12-13T21:56:38.926+0530","caller":"custom/setup.go:846","msg":"Port 9090 is already in use. Trying on a random free tcp port."}
{"level":"info","time":"2024-12-13T21:56:38.927+0530","caller":"custom/setup.go:861","msg":"Tunnel binary started on port :52302"}
{"level":"info","time":"2024-12-13T21:56:40.219+0530","caller":"core/lifecycle.go:282","msg":"Launching tunnel"}
{"level":"info","time":"2024-12-13T21:56:43.248+0530","caller":"core/lifecycle.go:404","msg":"You can start testing now"}
{"level":"info","time":"2024-12-13T21:56:43.248+0530","caller":"core/lifecycle.go:405","msg":"Tunnel ID: 3430304"}
{"level":"info","time":"2024-12-13T21:56:43.597+0530","caller":"core/lifecycle.go:404","msg":"You can start testing now"}
{"level":"info","time":"2024-12-13T21:56:43.597+0530","caller":"core/lifecycle.go:405","msg":"Tunnel ID: 3430305"}
{"level":"info","time":"2024-12-13T21:56:44.185+0530","caller":"core/lifecycle.go:404","msg":"You can start testing now"}
{"level":"info","time":"2024-12-13T21:56:44.185+0530","caller":"core/lifecycle.go:405","msg":"Tunnel ID: 3430306"}
{"level":"info","time":"2024-12-13T21:57:24.582+0530","caller":"cmd/lt.go:207","msg":"LambdaTest Tunnel version: 3.2.8"}
{"level":"warn","time":"2024-12-13T21:57:24.583+0530","caller":"configmanager/setup.go:79","msg":"Tunnel Name was not specified, using: ddf4a52b-ed30-4adf-b81b-371067221556"}
{"level":"warn","time":"2024-12-13T21:57:25.553+0530","caller":"custom/setup.go:846","msg":"Port 9090 is already in use. Trying on a random free tcp port."}
{"level":"info","time":"2024-12-13T21:57:25.554+0530","caller":"custom/setup.go:861","msg":"Tunnel binary started on port :52366"}
{"level":"info","time":"2024-12-13T21:57:25.808+0530","caller":"cmd/lt.go:207","msg":"LambdaTest Tunnel version: 3.2.8"}
{"level":"warn","time":"2024-12-13T21:57:25.810+0530","caller":"configmanager/setup.go:79","msg":"Tunnel Name was not specified, using: 1e8d6811-f393-4205-a510-0d6015e09e24"}
{"level":"warn","time":"2024-12-13T21:57:26.763+0530","caller":"custom/setup.go:846","msg":"Port 9090 is already in use. Trying on a random free tcp port."}
{"level":"info","time":"2024-12-13T21:57:26.764+0530","caller":"custom/setup.go:861","msg":"Tunnel binary started on port :52374"}
{"level":"info","time":"2024-12-13T21:57:27.353+0530","caller":"core/lifecycle.go:282","msg":"Launching tunnel"}
{"level":"info","time":"2024-12-13T21:57:28.010+0530","caller":"core/lifecycle.go:282","msg":"Launching tunnel"}
{"level":"info","time":"2024-12-13T21:57:31.499+0530","caller":"core/lifecycle.go:404","msg":"You can start testing now"}
{"level":"info","time":"2024-12-13T21:57:31.499+0530","caller":"core/lifecycle.go:405","msg":"Tunnel ID: 3430328"}
{"level":"info","time":"2024-12-13T21:57:32.783+0530","caller":"core/lifecycle.go:404","msg":"You can start testing now"}
{"level":"info","time":"2024-12-13T21:57:32.783+0530","caller":"core/lifecycle.go:405","msg":"Tunnel ID: 3430329"}
{"level":"info","time":"2024-12-13T21:58:09.234+0530","caller":"cmd/lt.go:207","msg":"LambdaTest Tunnel version: 3.2.8"}
{"level":"warn","time":"2024-12-13T21:58:09.236+0530","caller":"configmanager/setup.go:79","msg":"Tunnel Name was not specified, using: 42c7f563-79fe-4904-9735-ab7ffbc9ff9d"}
{"level":"warn","time":"2024-12-13T21:58:10.641+0530","caller":"custom/setup.go:846","msg":"Port 9090 is already in use. Trying on a random free tcp port."}
{"level":"info","time":"2024-12-13T21:58:10.642+0530","caller":"custom/setup.go:861","msg":"Tunnel binary started on port :52427"}
{"level":"info","time":"2024-12-13T21:58:12.184+0530","caller":"core/lifecycle.go:282","msg":"Launching tunnel"}
{"level":"info","time":"2024-12-13T21:58:16.945+0530","caller":"core/lifecycle.go:404","msg":"You can start testing now"}
{"level":"info","time":"2024-12-13T21:58:16.945+0530","caller":"core/lifecycle.go:405","msg":"Tunnel ID: 3430353"}
{"level":"info","time":"2024-12-13T21:58:17.950+0530","caller":"cmd/lt.go:207","msg":"LambdaTest Tunnel version: 3.2.8"}
{"level":"warn","time":"2024-12-13T21:58:17.951+0530","caller":"configmanager/setup.go:79","msg":"Tunnel Name was not specified, using: 49d567e5-a0d6-423e-8691-bb48c8d18a49"}
{"level":"warn","time":"2024-12-13T21:58:18.985+0530","caller":"custom/setup.go:846","msg":"Port 9090 is already in use. Trying on a random free tcp port."}
{"level":"info","time":"2024-12-13T21:58:18.987+0530","caller":"custom/setup.go:861","msg":"Tunnel binary started on port :52455"}
{"level":"info","time":"2024-12-13T21:58:20.288+0530","caller":"core/lifecycle.go:282","msg":"Launching tunnel"}
{"level":"info","time":"2024-12-13T21:58:24.245+0530","caller":"core/lifecycle.go:404","msg":"You can start testing now"}
{"level":"info","time":"2024-12-13T21:58:24.245+0530","caller":"core/lifecycle.go:405","msg":"Tunnel ID: 3430356"}
{"level":"info","time":"2024-12-13T21:58:30.822+0530","caller":"cmd/lt.go:207","msg":"LambdaTest Tunnel version: 3.2.8"}
{"level":"warn","time":"2024-12-13T21:58:30.823+0530","caller":"configmanager/setup.go:79","msg":"Tunnel Name was not specified, using: e34051cd-9d0a-475b-9647-d60b2d77497d"}
{"level":"warn","time":"2024-12-13T21:58:31.910+0530","caller":"custom/setup.go:846","msg":"Port 9090 is already in use. Trying on a random free tcp port."}
{"level":"info","time":"2024-12-13T21:58:31.911+0530","caller":"custom/setup.go:861","msg":"Tunnel binary started on port :52482"}
{"level":"info","time":"2024-12-13T21:58:33.752+0530","caller":"core/lifecycle.go:282","msg":"Launching tunnel"}
{"level":"info","time":"2024-12-13T21:58:37.745+0530","caller":"core/lifecycle.go:404","msg":"You can start testing now"}
{"level":"info","time":"2024-12-13T21:58:37.745+0530","caller":"core/lifecycle.go:405","msg":"Tunnel ID: 3430357"}
{"level":"info","time":"2024-12-13T21:58:44.116+0530","caller":"cmd/lt.go:207","msg":"LambdaTest Tunnel version: 3.2.8"}
{"level":"warn","time":"2024-12-13T21:58:44.117+0530","caller":"configmanager/setup.go:79","msg":"Tunnel Name was not specified, using: 4571ce02-c400-4c56-bc00-b3216f04fec7"}
{"level":"warn","time":"2024-12-13T21:58:45.470+0530","caller":"custom/setup.go:846","msg":"Port 9090 is already in use. Trying on a random free tcp port."}
{"level":"info","time":"2024-12-13T21:58:45.470+0530","caller":"custom/setup.go:861","msg":"Tunnel binary started on port :52509"}
{"level":"info","time":"2024-12-13T21:58:46.831+0530","caller":"core/lifecycle.go:282","msg":"Launching tunnel"}
{"level":"info","time":"2024-12-13T21:58:50.625+0530","caller":"core/lifecycle.go:404","msg":"You can start testing now"}
{"level":"info","time":"2024-12-13T21:58:50.625+0530","caller":"core/lifecycle.go:405","msg":"Tunnel ID: 3430361"}
{"level":"info","time":"2024-12-13T21:58:56.397+0530","caller":"cmd/lt.go:207","msg":"LambdaTest Tunnel version: 3.2.8"}
{"level":"warn","time":"2024-12-13T21:58:56.398+0530","caller":"configmanager/setup.go:79","msg":"Tunnel Name was not specified, using: a3fb68af-4d7c-4a8c-ac5d-6a5130695abc"}
{"level":"warn","time":"2024-12-13T21:58:57.448+0530","caller":"custom/setup.go:846","msg":"Port 9090 is already in use. Trying on a random free tcp port."}
{"level":"info","time":"2024-12-13T21:58:57.448+0530","caller":"custom/setup.go:861","msg":"Tunnel binary started on port :52538"}
{"level":"info","time":"2024-12-13T21:58:58.810+0530","caller":"core/lifecycle.go:282","msg":"Launching tunnel"}
{"level":"info","time":"2024-12-13T21:59:02.619+0530","caller":"core/lifecycle.go:404","msg":"You can start testing now"}
{"level":"info","time":"2024-12-13T21:59:02.619+0530","caller":"core/lifecycle.go:405","msg":"Tunnel ID: 3430364"}
{"level":"info","time":"2024-12-13T21:59:47.537+0530","caller":"cmd/lt.go:207","msg":"LambdaTest Tunnel version: 3.2.8"}
{"level":"warn","time":"2024-12-13T21:59:47.538+0530","caller":"configmanager/setup.go:79","msg":"Tunnel Name was not specified, using: 3116e36e-4927-4d7a-88ed-b24026f83bfb"}
{"level":"warn","time":"2024-12-13T21:59:48.639+0530","caller":"custom/setup.go:846","msg":"Port 9090 is already in use. Trying on a random free tcp port."}
{"level":"info","time":"2024-12-13T21:59:48.640+0530","caller":"custom/setup.go:861","msg":"Tunnel binary started on port :52588"}
{"level":"info","time":"2024-12-13T21:59:50.591+0530","caller":"core/lifecycle.go:282","msg":"Launching tunnel"}
{"level":"info","time":"2024-12-13T21:59:55.200+0530","caller":"core/lifecycle.go:404","msg":"You can start testing now"}
{"level":"info","time":"2024-12-13T21:59:55.200+0530","caller":"core/lifecycle.go:405","msg":"Tunnel ID: 3430375"}
{"level":"info","time":"2024-12-13T22:08:28.912+0530","caller":"cmd/lt.go:207","msg":"LambdaTest Tunnel version: 3.2.8"}
{"level":"warn","time":"2024-12-13T22:08:28.913+0530","caller":"configmanager/setup.go:79","msg":"Tunnel Name was not specified, using: cf5f83b8-ca46-4245-b196-61c1534f12f0"}
{"level":"info","time":"2024-12-13T22:08:29.118+0530","caller":"cmd/lt.go:207","msg":"LambdaTest Tunnel version: 3.2.8"}
{"level":"warn","time":"2024-12-13T22:08:29.119+0530","caller":"configmanager/setup.go:79","msg":"Tunnel Name was not specified, using: c44120c3-da50-4c09-8c69-1ea8910ce178"}
{"level":"info","time":"2024-12-13T22:08:29.224+0530","caller":"cmd/lt.go:207","msg":"LambdaTest Tunnel version: 3.2.8"}
{"level":"warn","time":"2024-12-13T22:08:29.225+0530","caller":"configmanager/setup.go:79","msg":"Tunnel Name was not specified, using: 51617247-bcb4-4ad9-86fd-b263a40ec1e6"}
{"level":"info","time":"2024-12-13T22:08:29.243+0530","caller":"cmd/lt.go:207","msg":"LambdaTest Tunnel version: 3.2.8"}
{"level":"warn","time":"2024-12-13T22:08:29.244+0530","caller":"configmanager/setup.go:79","msg":"Tunnel Name was not specified, using: db45ba83-33ea-468f-a37f-21025ed6225b"}
{"level":"warn","time":"2024-12-13T22:08:30.043+0530","caller":"custom/setup.go:846","msg":"Port 9090 is already in use. Trying on a random free tcp port."}
{"level":"info","time":"2024-12-13T22:08:30.043+0530","caller":"custom/setup.go:861","msg":"Tunnel binary started on port :52834"}
{"level":"warn","time":"2024-12-13T22:08:30.052+0530","caller":"custom/setup.go:846","msg":"Port 9090 is already in use. Trying on a random free tcp port."}
{"level":"info","time":"2024-12-13T22:08:30.053+0530","caller":"custom/setup.go:861","msg":"Tunnel binary started on port :52836"}
{"level":"warn","time":"2024-12-13T22:08:30.657+0530","caller":"custom/setup.go:846","msg":"Port 9090 is already in use. Trying on a random free tcp port."}
{"level":"info","time":"2024-12-13T22:08:30.659+0530","caller":"custom/setup.go:861","msg":"Tunnel binary started on port :52850"}
{"level":"warn","time":"2024-12-13T22:08:30.665+0530","caller":"custom/setup.go:846","msg":"Port 9090 is already in use. Trying on a random free tcp port."}
{"level":"info","time":"2024-12-13T22:08:30.665+0530","caller":"custom/setup.go:861","msg":"Tunnel binary started on port :52856"}
{"level":"info","time":"2024-12-13T22:08:32.178+0530","caller":"core/lifecycle.go:282","msg":"Launching tunnel"}
{"level":"info","time":"2024-12-13T22:08:32.201+0530","caller":"core/lifecycle.go:282","msg":"Launching tunnel"}
{"level":"info","time":"2024-12-13T22:08:32.481+0530","caller":"core/lifecycle.go:282","msg":"Launching tunnel"}
{"level":"info","time":"2024-12-13T22:08:32.553+0530","caller":"core/lifecycle.go:282","msg":"Launching tunnel"}
{"level":"info","time":"2024-12-13T22:08:37.266+0530","caller":"core/lifecycle.go:404","msg":"You can start testing now"}
{"level":"info","time":"2024-12-13T22:08:37.266+0530","caller":"core/lifecycle.go:405","msg":"Tunnel ID: 3430443"}
{"level":"info","time":"2024-12-13T22:08:37.577+0530","caller":"core/lifecycle.go:404","msg":"You can start testing now"}
{"level":"info","time":"2024-12-13T22:08:37.577+0530","caller":"core/lifecycle.go:405","msg":"Tunnel ID: 3430444"}
{"level":"info","time":"2024-12-13T22:08:37.700+0530","caller":"core/lifecycle.go:404","msg":"You can start testing now"}
{"level":"info","time":"2024-12-13T22:08:37.700+0530","caller":"core/lifecycle.go:405","msg":"Tunnel ID: 3430445"}
{"level":"info","time":"2024-12-13T22:08:38.086+0530","caller":"core/lifecycle.go:404","msg":"You can start testing now"}
{"level":"info","time":"2024-12-13T22:08:38.086+0530","caller":"core/lifecycle.go:405","msg":"Tunnel ID: 3430446"}
{"level":"info","time":"2024-12-13T22:09:21.801+0530","caller":"cmd/lt.go:207","msg":"LambdaTest Tunnel version: 3.2.8"}
{"level":"warn","time":"2024-12-13T22:09:21.802+0530","caller":"configmanager/setup.go:79","msg":"Tunnel Name was not specified, using: ffef4cde-53da-4d49-bc4c-5dbf652e8f06"}
{"level":"warn","time":"2024-12-13T22:09:22.873+0530","caller":"custom/setup.go:846","msg":"Port 9090 is already in use. Trying on a random free tcp port."}
{"level":"info","time":"2024-12-13T22:09:22.874+0530","caller":"custom/setup.go:861","msg":"Tunnel binary started on port :52934"}
{"level":"info","time":"2024-12-13T22:09:24.311+0530","caller":"core/lifecycle.go:282","msg":"Launching tunnel"}
{"level":"info","time":"2024-12-13T22:09:28.276+0530","caller":"core/lifecycle.go:404","msg":"You can start testing now"}
{"level":"info","time":"2024-12-13T22:09:28.276+0530","caller":"core/lifecycle.go:405","msg":"Tunnel ID: 3430455"}
{"level":"info","time":"2024-12-13T22:09:33.866+0530","caller":"cmd/lt.go:207","msg":"LambdaTest Tunnel version: 3.2.8"}
{"level":"warn","time":"2024-12-13T22:09:33.866+0530","caller":"configmanager/setup.go:79","msg":"Tunnel Name was not specified, using: 6b522536-d11a-4b86-968f-87f8c884cc30"}
{"level":"warn","time":"2024-12-13T22:09:34.956+0530","caller":"custom/setup.go:846","msg":"Port 9090 is already in use. Trying on a random free tcp port."}
{"level":"info","time":"2024-12-13T22:09:34.956+0530","caller":"custom/setup.go:861","msg":"Tunnel binary started on port :52961"}
{"level":"info","time":"2024-12-13T22:09:36.947+0530","caller":"core/lifecycle.go:282","msg":"Launching tunnel"}
{"level":"info","time":"2024-12-13T22:09:41.141+0530","caller":"core/lifecycle.go:404","msg":"You can start testing now"}
{"level":"info","time":"2024-12-13T22:09:41.141+0530","caller":"core/lifecycle.go:405","msg":"Tunnel ID: 3430456"}
{"level":"info","time":"2024-12-13T22:09:58.276+0530","caller":"cmd/lt.go:207","msg":"LambdaTest Tunnel version: 3.2.8"}
{"level":"warn","time":"2024-12-13T22:09:58.278+0530","caller":"configmanager/setup.go:79","msg":"Tunnel Name was not specified, using: b895609f-d881-43e4-ba11-dbcb38028c2c"}
{"level":"warn","time":"2024-12-13T22:09:59.455+0530","caller":"custom/setup.go:846","msg":"Port 9090 is already in use. Trying on a random free tcp port."}
{"level":"info","time":"2024-12-13T22:09:59.456+0530","caller":"custom/setup.go:861","msg":"Tunnel binary started on port :52991"}
{"level":"info","time":"2024-12-13T22:10:00.849+0530","caller":"core/lifecycle.go:282","msg":"Launching tunnel"}
{"level":"info","time":"2024-12-13T22:10:05.204+0530","caller":"core/lifecycle.go:404","msg":"You can start testing now"}
{"level":"info","time":"2024-12-13T22:10:05.204+0530","caller":"core/lifecycle.go:405","msg":"Tunnel ID: 3430460"}
{"level":"info","time":"2024-12-13T22:10:09.595+0530","caller":"cmd/lt.go:207","msg":"LambdaTest Tunnel version: 3.2.8"}
{"level":"warn","time":"2024-12-13T22:10:09.596+0530","caller":"configmanager/setup.go:79","msg":"Tunnel Name was not specified, using: cab45675-3173-4986-a16f-702b6d5c5b0d"}
{"level":"warn","time":"2024-12-13T22:10:10.663+0530","caller":"custom/setup.go:846","msg":"Port 9090 is already in use. Trying on a random free tcp port."}
{"level":"info","time":"2024-12-13T22:10:10.664+0530","caller":"custom/setup.go:861","msg":"Tunnel binary started on port :53019"}
{"level":"info","time":"2024-12-13T22:10:12.091+0530","caller":"core/lifecycle.go:282","msg":"Launching tunnel"}
{"level":"info","time":"2024-12-13T22:10:16.078+0530","caller":"core/lifecycle.go:404","msg":"You can start testing now"}
{"level":"info","time":"2024-12-13T22:10:16.078+0530","caller":"core/lifecycle.go:405","msg":"Tunnel ID: 3430461"}
{"level":"info","time":"2024-12-13T22:10:25.325+0530","caller":"cmd/lt.go:207","msg":"LambdaTest Tunnel version: 3.2.8"}
{"level":"warn","time":"2024-12-13T22:10:25.327+0530","caller":"configmanager/setup.go:79","msg":"Tunnel Name was not specified, using: 920a20ef-2cb2-4059-80b0-320a82e0eec7"}
{"level":"warn","time":"2024-12-13T22:10:26.315+0530","caller":"custom/setup.go:846","msg":"Port 9090 is already in use. Trying on a random free tcp port."}
{"level":"info","time":"2024-12-13T22:10:26.316+0530","caller":"custom/setup.go:861","msg":"Tunnel binary started on port :53048"}
{"level":"info","time":"2024-12-13T22:10:27.686+0530","caller":"core/lifecycle.go:282","msg":"Launching tunnel"}
{"level":"info","time":"2024-12-13T22:10:28.947+0530","caller":"cmd/lt.go:207","msg":"LambdaTest Tunnel version: 3.2.8"}
{"level":"warn","time":"2024-12-13T22:10:28.948+0530","caller":"configmanager/setup.go:79","msg":"Tunnel Name was not specified, using: 311e444e-e891-4021-906a-cde19bf2b374"}
{"level":"warn","time":"2024-12-13T22:10:29.925+0530","caller":"custom/setup.go:846","msg":"Port 9090 is already in use. Trying on a random free tcp port."}
{"level":"info","time":"2024-12-13T22:10:29.925+0530","caller":"custom/setup.go:861","msg":"Tunnel binary started on port :53062"}
{"level":"info","time":"2024-12-13T22:10:31.266+0530","caller":"core/lifecycle.go:282","msg":"Launching tunnel"}
{"level":"info","time":"2024-12-13T22:10:31.555+0530","caller":"core/lifecycle.go:404","msg":"You can start testing now"}
{"level":"info","time":"2024-12-13T22:10:31.555+0530","caller":"core/lifecycle.go:405","msg":"Tunnel ID: 3430464"}
{"level":"info","time":"2024-12-13T22:10:35.303+0530","caller":"core/lifecycle.go:404","msg":"You can start testing now"}
{"level":"info","time":"2024-12-13T22:10:35.303+0530","caller":"core/lifecycle.go:405","msg":"Tunnel ID: 3430465"}
{"level":"info","time":"2024-12-13T22:10:43.142+0530","caller":"cmd/lt.go:207","msg":"LambdaTest Tunnel version: 3.2.8"}
{"level":"warn","time":"2024-12-13T22:10:43.143+0530","caller":"configmanager/setup.go:79","msg":"Tunnel Name was not specified, using: 3381a20e-4fdc-4e62-8cff-d655188eb54c"}
{"level":"warn","time":"2024-12-13T22:10:44.164+0530","caller":"custom/setup.go:846","msg":"Port 9090 is already in use. Trying on a random free tcp port."}
{"level":"info","time":"2024-12-13T22:10:44.165+0530","caller":"custom/setup.go:861","msg":"Tunnel binary started on port :53096"}
{"level":"info","time":"2024-12-13T22:10:46.136+0530","caller":"core/lifecycle.go:282","msg":"Launching tunnel"}
{"level":"info","time":"2024-12-13T22:10:50.697+0530","caller":"core/lifecycle.go:404","msg":"You can start testing now"}
{"level":"info","time":"2024-12-13T22:10:50.697+0530","caller":"core/lifecycle.go:405","msg":"Tunnel ID: 3430466"}
{"level":"info","time":"2024-12-13T22:11:08.884+0530","caller":"cmd/lt.go:207","msg":"LambdaTest Tunnel version: 3.2.8"}
{"level":"warn","time":"2024-12-13T22:11:08.885+0530","caller":"configmanager/setup.go:79","msg":"Tunnel Name was not specified, using: c3e7b56f-8701-4dac-9b7f-af72d148fd24"}
{"level":"warn","time":"2024-12-13T22:11:09.845+0530","caller":"custom/setup.go:846","msg":"Port 9090 is already in use. Trying on a random free tcp port."}
{"level":"info","time":"2024-12-13T22:11:09.846+0530","caller":"custom/setup.go:861","msg":"Tunnel binary started on port :53130"}
{"level":"info","time":"2024-12-13T22:11:11.277+0530","caller":"core/lifecycle.go:282","msg":"Launching tunnel"}
{"level":"info","time":"2024-12-13T22:11:15.416+0530","caller":"core/lifecycle.go:404","msg":"You can start testing now"}
{"level":"info","time":"2024-12-13T22:11:15.416+0530","caller":"core/lifecycle.go:405","msg":"Tunnel ID: 3430473"}
{"level":"info","time":"2024-12-13T22:20:56.643+0530","caller":"cmd/lt.go:207","msg":"LambdaTest Tunnel version: 3.2.8"}
{"level":"warn","time":"2024-12-13T22:20:56.647+0530","caller":"configmanager/setup.go:79","msg":"Tunnel Name was not specified, using: bff80806-d23c-41bf-af72-5a3df628c551"}
{"level":"info","time":"2024-12-13T22:20:56.707+0530","caller":"cmd/lt.go:207","msg":"LambdaTest Tunnel version: 3.2.8"}
{"level":"warn","time":"2024-12-13T22:20:56.709+0530","caller":"configmanager/setup.go:79","msg":"Tunnel Name was not specified, using: c44c1d8b-2ad4-464e-a02b-d9f7d43f5b6d"}
{"level":"info","time":"2024-12-13T22:20:56.843+0530","caller":"cmd/lt.go:207","msg":"LambdaTest Tunnel version: 3.2.8"}
{"level":"warn","time":"2024-12-13T22:20:56.843+0530","caller":"configmanager/setup.go:79","msg":"Tunnel Name was not specified, using: fc94d631-a694-48c4-b56c-10ba64bda69b"}
{"level":"info","time":"2024-12-13T22:20:56.900+0530","caller":"cmd/lt.go:207","msg":"LambdaTest Tunnel version: 3.2.8"}
{"level":"warn","time":"2024-12-13T22:20:56.901+0530","caller":"configmanager/setup.go:79","msg":"Tunnel Name was not specified, using: 3c5e1ff8-0878-4711-8f59-cd2a795df18c"}
{"level":"warn","time":"2024-12-13T22:20:57.801+0530","caller":"custom/setup.go:846","msg":"Port 9090 is already in use. Trying on a random free tcp port."}
{"level":"info","time":"2024-12-13T22:20:57.802+0530","caller":"custom/setup.go:861","msg":"Tunnel binary started on port :53276"}
{"level":"warn","time":"2024-12-13T22:20:57.838+0530","caller":"custom/setup.go:846","msg":"Port 9090 is already in use. Trying on a random free tcp port."}
{"level":"info","time":"2024-12-13T22:20:57.839+0530","caller":"custom/setup.go:861","msg":"Tunnel binary started on port :53278"}
{"level":"warn","time":"2024-12-13T22:20:57.852+0530","caller":"custom/setup.go:846","msg":"Port 9090 is already in use. Trying on a random free tcp port."}
{"level":"info","time":"2024-12-13T22:20:57.852+0530","caller":"custom/setup.go:861","msg":"Tunnel binary started on port :53280"}
{"level":"warn","time":"2024-12-13T22:20:58.269+0530","caller":"custom/setup.go:846","msg":"Port 9090 is already in use. Trying on a random free tcp port."}
{"level":"info","time":"2024-12-13T22:20:58.270+0530","caller":"custom/setup.go:861","msg":"Tunnel binary started on port :53298"}
{"level":"info","time":"2024-12-13T22:20:59.872+0530","caller":"core/lifecycle.go:282","msg":"Launching tunnel"}
{"level":"info","time":"2024-12-13T22:20:59.923+0530","caller":"core/lifecycle.go:282","msg":"Launching tunnel"}
{"level":"info","time":"2024-12-13T22:21:00.009+0530","caller":"core/lifecycle.go:282","msg":"Launching tunnel"}
{"level":"info","time":"2024-12-13T22:21:00.109+0530","caller":"core/lifecycle.go:282","msg":"Launching tunnel"}
{"level":"info","time":"2024-12-13T22:21:05.178+0530","caller":"core/lifecycle.go:404","msg":"You can start testing now"}
{"level":"info","time":"2024-12-13T22:21:05.178+0530","caller":"core/lifecycle.go:405","msg":"Tunnel ID: 3430544"}
{"level":"info","time":"2024-12-13T22:21:05.335+0530","caller":"core/lifecycle.go:404","msg":"You can start testing now"}
{"level":"info","time":"2024-12-13T22:21:05.335+0530","caller":"core/lifecycle.go:405","msg":"Tunnel ID: 3430546"}
{"level":"info","time":"2024-12-13T22:21:05.362+0530","caller":"core/lifecycle.go:404","msg":"You can start testing now"}
{"level":"info","time":"2024-12-13T22:21:05.362+0530","caller":"core/lifecycle.go:405","msg":"Tunnel ID: 3430545"}
{"level":"info","time":"2024-12-13T22:21:05.429+0530","caller":"core/lifecycle.go:404","msg":"You can start testing now"}
{"level":"info","time":"2024-12-13T22:21:05.429+0530","caller":"core/lifecycle.go:405","msg":"Tunnel ID: 3430547"}
{"level":"info","time":"2024-12-13T22:24:11.907+0530","caller":"cmd/lt.go:207","msg":"LambdaTest Tunnel version: 3.2.8"}
{"level":"warn","time":"2024-12-13T22:24:11.908+0530","caller":"configmanager/setup.go:79","msg":"Tunnel Name was not specified, using: 0dca5318-d8d2-43e6-b0e3-62776723c73c"}
{"level":"warn","time":"2024-12-13T22:24:13.153+0530","caller":"custom/setup.go:846","msg":"Port 9090 is already in use. Trying on a random free tcp port."}
{"level":"info","time":"2024-12-13T22:24:13.153+0530","caller":"custom/setup.go:861","msg":"Tunnel binary started on port :53408"}
{"level":"info","time":"2024-12-13T22:24:15.020+0530","caller":"core/lifecycle.go:282","msg":"Launching tunnel"}
{"level":"info","time":"2024-12-13T22:24:20.436+0530","caller":"core/lifecycle.go:404","msg":"You can start testing now"}
{"level":"info","time":"2024-12-13T22:24:20.436+0530","caller":"core/lifecycle.go:405","msg":"Tunnel ID: 3430579"}
{"level":"info","time":"2024-12-13T22:38:55.270+0530","caller":"cmd/lt.go:207","msg":"LambdaTest Tunnel version: 3.2.8"}
{"level":"warn","time":"2024-12-13T22:38:55.272+0530","caller":"configmanager/setup.go:79","msg":"Tunnel Name was not specified, using: 96277014-cfbf-413b-a389-d11dc8df5341"}
{"level":"info","time":"2024-12-13T22:38:55.478+0530","caller":"cmd/lt.go:207","msg":"LambdaTest Tunnel version: 3.2.8"}
{"level":"warn","time":"2024-12-13T22:38:55.479+0530","caller":"configmanager/setup.go:79","msg":"Tunnel Name was not specified, using: cfa9780c-097f-412f-abde-626670c29fa9"}
{"level":"info","time":"2024-12-13T22:38:55.528+0530","caller":"cmd/lt.go:207","msg":"LambdaTest Tunnel version: 3.2.8"}
{"level":"warn","time":"2024-12-13T22:38:55.529+0530","caller":"configmanager/setup.go:79","msg":"Tunnel Name was not specified, using: b04d53de-3375-465e-850e-fa4c2247ba03"}
{"level":"info","time":"2024-12-13T22:38:55.534+0530","caller":"cmd/lt.go:207","msg":"LambdaTest Tunnel version: 3.2.8"}
{"level":"warn","time":"2024-12-13T22:38:55.535+0530","caller":"configmanager/setup.go:79","msg":"Tunnel Name was not specified, using: 1ca72b50-0887-4271-b42a-2c19e02e7d26"}
{"level":"warn","time":"2024-12-13T22:38:56.430+0530","caller":"custom/setup.go:846","msg":"Port 9090 is already in use. Trying on a random free tcp port."}
{"level":"info","time":"2024-12-13T22:38:56.431+0530","caller":"custom/setup.go:861","msg":"Tunnel binary started on port :53891"}
{"level":"warn","time":"2024-12-13T22:38:56.809+0530","caller":"custom/setup.go:846","msg":"Port 9090 is already in use. Trying on a random free tcp port."}
{"level":"info","time":"2024-12-13T22:38:56.810+0530","caller":"custom/setup.go:861","msg":"Tunnel binary started on port :53903"}
{"level":"warn","time":"2024-12-13T22:38:57.215+0530","caller":"custom/setup.go:846","msg":"Port 9090 is already in use. Trying on a random free tcp port."}
{"level":"info","time":"2024-12-13T22:38:57.215+0530","caller":"custom/setup.go:861","msg":"Tunnel binary started on port :53909"}
{"level":"warn","time":"2024-12-13T22:38:57.281+0530","caller":"custom/setup.go:846","msg":"Port 9090 is already in use. Trying on a random free tcp port."}
{"level":"info","time":"2024-12-13T22:38:57.281+0530","caller":"custom/setup.go:861","msg":"Tunnel binary started on port :53915"}
{"level":"info","time":"2024-12-13T22:38:58.359+0530","caller":"core/lifecycle.go:282","msg":"Launching tunnel"}
{"level":"info","time":"2024-12-13T22:38:58.481+0530","caller":"core/lifecycle.go:282","msg":"Launching tunnel"}
{"level":"info","time":"2024-12-13T22:38:58.521+0530","caller":"core/lifecycle.go:282","msg":"Launching tunnel"}
{"level":"info","time":"2024-12-13T22:38:58.542+0530","caller":"core/lifecycle.go:282","msg":"Launching tunnel"}
{"level":"info","time":"2024-12-13T22:39:02.541+0530","caller":"core/lifecycle.go:404","msg":"You can start testing now"}
{"level":"info","time":"2024-12-13T22:39:02.541+0530","caller":"core/lifecycle.go:405","msg":"Tunnel ID: 3430707"}
{"level":"info","time":"2024-12-13T22:39:03.594+0530","caller":"core/lifecycle.go:404","msg":"You can start testing now"}
{"level":"info","time":"2024-12-13T22:39:03.594+0530","caller":"core/lifecycle.go:405","msg":"Tunnel ID: 3430708"}
{"level":"info","time":"2024-12-13T22:39:03.804+0530","caller":"core/lifecycle.go:404","msg":"You can start testing now"}
{"level":"info","time":"2024-12-13T22:39:03.804+0530","caller":"core/lifecycle.go:405","msg":"Tunnel ID: 3430710"}
{"level":"info","time":"2024-12-13T22:39:03.844+0530","caller":"core/lifecycle.go:404","msg":"You can start testing now"}
{"level":"info","time":"2024-12-13T22:39:03.844+0530","caller":"core/lifecycle.go:405","msg":"Tunnel ID: 3430709"}
{"level":"info","time":"2024-12-13T22:39:37.523+0530","caller":"cmd/lt.go:207","msg":"LambdaTest Tunnel version: 3.2.8"}
{"level":"warn","time":"2024-12-13T22:39:37.525+0530","caller":"configmanager/setup.go:79","msg":"Tunnel Name was not specified, using: 2c35576d-8d39-4ac9-928f-170dd28ca5f6"}
{"level":"warn","time":"2024-12-13T22:39:38.457+0530","caller":"custom/setup.go:846","msg":"Port 9090 is already in use. Trying on a random free tcp port."}
{"level":"info","time":"2024-12-13T22:39:38.458+0530","caller":"custom/setup.go:861","msg":"Tunnel binary started on port :53993"}
{"level":"info","time":"2024-12-13T22:39:39.751+0530","caller":"core/lifecycle.go:282","msg":"Launching tunnel"}
{"level":"info","time":"2024-12-13T22:39:44.350+0530","caller":"core/lifecycle.go:404","msg":"You can start testing now"}
{"level":"info","time":"2024-12-13T22:39:44.350+0530","caller":"core/lifecycle.go:405","msg":"Tunnel ID: 3430725"}
{"level":"info","time":"2024-12-13T22:39:44.372+0530","caller":"cmd/lt.go:207","msg":"LambdaTest Tunnel version: 3.2.8"}
{"level":"warn","time":"2024-12-13T22:39:44.373+0530","caller":"configmanager/setup.go:79","msg":"Tunnel Name was not specified, using: baec696f-5428-456b-a4e6-0b2f5df5f998"}
{"level":"warn","time":"2024-12-13T22:39:45.375+0530","caller":"custom/setup.go:846","msg":"Port 9090 is already in use. Trying on a random free tcp port."}
{"level":"info","time":"2024-12-13T22:39:45.376+0530","caller":"custom/setup.go:861","msg":"Tunnel binary started on port :54019"}
{"level":"info","time":"2024-12-13T22:39:46.549+0530","caller":"core/lifecycle.go:282","msg":"Launching tunnel"}
{"level":"info","time":"2024-12-13T22:39:50.729+0530","caller":"core/lifecycle.go:404","msg":"You can start testing now"}
{"level":"info","time":"2024-12-13T22:39:50.729+0530","caller":"core/lifecycle.go:405","msg":"Tunnel ID: 3430726"}
{"level":"info","time":"2024-12-13T22:40:05.225+0530","caller":"cmd/lt.go:207","msg":"LambdaTest Tunnel version: 3.2.8"}
{"level":"warn","time":"2024-12-13T22:40:05.226+0530","caller":"configmanager/setup.go:79","msg":"Tunnel Name was not specified, using: f06ccd54-4094-4fb9-b3ea-4a8549d73c84"}
{"level":"warn","time":"2024-12-13T22:40:06.300+0530","caller":"custom/setup.go:846","msg":"Port 9090 is already in use. Trying on a random free tcp port."}
{"level":"info","time":"2024-12-13T22:40:06.301+0530","caller":"custom/setup.go:861","msg":"Tunnel binary started on port :54053"}
{"level":"info","time":"2024-12-13T22:40:07.265+0530","caller":"cmd/lt.go:207","msg":"LambdaTest Tunnel version: 3.2.8"}
{"level":"warn","time":"2024-12-13T22:40:07.267+0530","caller":"configmanager/setup.go:79","msg":"Tunnel Name was not specified, using: da5fe39d-1e01-4b51-9eef-67d64d58d4d1"}
{"level":"info","time":"2024-12-13T22:40:08.224+0530","caller":"core/lifecycle.go:282","msg":"Launching tunnel"}
{"level":"warn","time":"2024-12-13T22:40:08.322+0530","caller":"custom/setup.go:846","msg":"Port 9090 is already in use. Trying on a random free tcp port."}
{"level":"info","time":"2024-12-13T22:40:08.323+0530","caller":"custom/setup.go:861","msg":"Tunnel binary started on port :54072"}
{"level":"info","time":"2024-12-13T22:40:09.528+0530","caller":"core/lifecycle.go:282","msg":"Launching tunnel"}
{"level":"info","time":"2024-12-13T22:40:11.904+0530","caller":"core/lifecycle.go:404","msg":"You can start testing now"}
{"level":"info","time":"2024-12-13T22:40:11.904+0530","caller":"core/lifecycle.go:405","msg":"Tunnel ID: 3430734"}
{"level":"info","time":"2024-12-13T22:40:14.581+0530","caller":"core/lifecycle.go:404","msg":"You can start testing now"}
{"level":"info","time":"2024-12-13T22:40:14.581+0530","caller":"core/lifecycle.go:405","msg":"Tunnel ID: 3430735"}
{"level":"info","time":"2024-12-13T22:40:28.457+0530","caller":"cmd/lt.go:207","msg":"LambdaTest Tunnel version: 3.2.8"}
{"level":"warn","time":"2024-12-13T22:40:28.459+0530","caller":"configmanager/setup.go:79","msg":"Tunnel Name was not specified, using: f4be9cd1-e0dd-49b4-8984-6cfc6a94a7fd"}
{"level":"warn","time":"2024-12-13T22:40:29.378+0530","caller":"custom/setup.go:846","msg":"Port 9090 is already in use. Trying on a random free tcp port."}
{"level":"info","time":"2024-12-13T22:40:29.379+0530","caller":"custom/setup.go:861","msg":"Tunnel binary started on port :54110"}
{"level":"info","time":"2024-12-13T22:40:30.678+0530","caller":"core/lifecycle.go:282","msg":"Launching tunnel"}
{"level":"info","time":"2024-12-13T22:40:34.815+0530","caller":"core/lifecycle.go:404","msg":"You can start testing now"}
{"level":"info","time":"2024-12-13T22:40:34.815+0530","caller":"core/lifecycle.go:405","msg":"Tunnel ID: 3430739"}
{"level":"info","time":"2024-12-13T22:40:48.154+0530","caller":"cmd/lt.go:207","msg":"LambdaTest Tunnel version: 3.2.8"}
{"level":"warn","time":"2024-12-13T22:40:48.155+0530","caller":"configmanager/setup.go:79","msg":"Tunnel Name was not specified, using: cddda784-edd4-442d-ad65-01258990031b"}
{"level":"warn","time":"2024-12-13T22:40:49.108+0530","caller":"custom/setup.go:846","msg":"Port 9090 is already in use. Trying on a random free tcp port."}
{"level":"info","time":"2024-12-13T22:40:49.109+0530","caller":"custom/setup.go:861","msg":"Tunnel binary started on port :54145"}
{"level":"info","time":"2024-12-13T22:40:50.384+0530","caller":"core/lifecycle.go:282","msg":"Launching tunnel"}
{"level":"info","time":"2024-12-13T22:40:51.193+0530","caller":"cmd/lt.go:207","msg":"LambdaTest Tunnel version: 3.2.8"}
{"level":"warn","time":"2024-12-13T22:40:51.194+0530","caller":"configmanager/setup.go:79","msg":"Tunnel Name was not specified, using: ed414a08-9782-4def-8c9e-10de8799a06a"}
{"level":"warn","time":"2024-12-13T22:40:52.271+0530","caller":"custom/setup.go:846","msg":"Port 9090 is already in use. Trying on a random free tcp port."}
{"level":"info","time":"2024-12-13T22:40:52.272+0530","caller":"custom/setup.go:861","msg":"Tunnel binary started on port :54156"}
{"level":"info","time":"2024-12-13T22:40:53.518+0530","caller":"core/lifecycle.go:282","msg":"Launching tunnel"}
{"level":"info","time":"2024-12-13T22:40:54.564+0530","caller":"core/lifecycle.go:404","msg":"You can start testing now"}
{"level":"info","time":"2024-12-13T22:40:54.564+0530","caller":"core/lifecycle.go:405","msg":"Tunnel ID: 3430744"}
{"level":"info","time":"2024-12-13T22:40:57.213+0530","caller":"core/lifecycle.go:404","msg":"You can start testing now"}
{"level":"info","time":"2024-12-13T22:40:57.213+0530","caller":"core/lifecycle.go:405","msg":"Tunnel ID: 3430745"}
{"level":"info","time":"2024-12-13T22:41:34.739+0530","caller":"cmd/lt.go:207","msg":"LambdaTest Tunnel version: 3.2.8"}
{"level":"warn","time":"2024-12-13T22:41:34.740+0530","caller":"configmanager/setup.go:79","msg":"Tunnel Name was not specified, using: 43a57a14-3591-4d63-8d45-1d85ddaa2f04"}
{"level":"warn","time":"2024-12-13T22:41:35.842+0530","caller":"custom/setup.go:846","msg":"Port 9090 is already in use. Trying on a random free tcp port."}
{"level":"info","time":"2024-12-13T22:41:35.843+0530","caller":"custom/setup.go:861","msg":"Tunnel binary started on port :54197"}
{"level":"info","time":"2024-12-13T22:41:37.240+0530","caller":"core/lifecycle.go:282","msg":"Launching tunnel"}
{"level":"info","time":"2024-12-13T22:41:40.982+0530","caller":"core/lifecycle.go:404","msg":"You can start testing now"}
{"level":"info","time":"2024-12-13T22:41:40.983+0530","caller":"core/lifecycle.go:405","msg":"Tunnel ID: 3430756"}
{"level":"error","time":"2024-12-13T22:42:47.003+0530","caller":"custom/setup.go:524","msg":"Error Response unsupported protocol scheme \"\" for http request from host 23.106.54.77:5985","tunnelID":"3430579","requestID":1}
{"level":"error","time":"2024-12-13T22:42:57.692+0530","caller":"custom/setup.go:524","msg":"Error Response unsupported protocol scheme \"\" for http request from host 23.106.54.77:5985","tunnelID":"3430579","requestID":2}
{"level":"error","time":"2024-12-13T22:43:07.549+0530","caller":"custom/setup.go:524","msg":"Error Response unsupported protocol scheme \"\" for http request from host 23.106.54.77:5985","tunnelID":"3430579","requestID":3}
{"level":"error","time":"2024-12-13T22:43:08.219+0530","caller":"custom/setup.go:524","msg":"Error Response unsupported protocol scheme \"\" for http request from host ","tunnelID":"3430579","requestID":4}
{"level":"info","time":"2024-12-13T22:46:55.717+0530","caller":"cmd/lt.go:207","msg":"LambdaTest Tunnel version: 3.2.8"}
{"level":"warn","time":"2024-12-13T22:46:55.720+0530","caller":"configmanager/setup.go:79","msg":"Tunnel Name was not specified, using: 08c96f48-67dd-48d1-98fd-a46fef3ac4ff"}
{"level":"info","time":"2024-12-13T22:46:55.880+0530","caller":"cmd/lt.go:207","msg":"LambdaTest Tunnel version: 3.2.8"}
{"level":"warn","time":"2024-12-13T22:46:55.882+0530","caller":"configmanager/setup.go:79","msg":"Tunnel Name was not specified, using: d97504c0-e76e-4bc9-966b-3645a221c259"}
{"level":"info","time":"2024-12-13T22:46:55.972+0530","caller":"cmd/lt.go:207","msg":"LambdaTest Tunnel version: 3.2.8"}
{"level":"warn","time":"2024-12-13T22:46:55.974+0530","caller":"configmanager/setup.go:79","msg":"Tunnel Name was not specified, using: 0c636242-c650-40b0-a7b9-8ed0ea98c186"}
{"level":"info","time":"2024-12-13T22:46:56.012+0530","caller":"cmd/lt.go:207","msg":"LambdaTest Tunnel version: 3.2.8"}
{"level":"warn","time":"2024-12-13T22:46:56.012+0530","caller":"configmanager/setup.go:79","msg":"Tunnel Name was not specified, using: bd73b2ba-8a11-4dca-b758-b5c8d13d8bf7"}
{"level":"warn","time":"2024-12-13T22:46:56.866+0530","caller":"custom/setup.go:846","msg":"Port 9090 is already in use. Trying on a random free tcp port."}
{"level":"info","time":"2024-12-13T22:46:56.866+0530","caller":"custom/setup.go:861","msg":"Tunnel binary started on port :54618"}
{"level":"warn","time":"2024-12-13T22:46:57.006+0530","caller":"custom/setup.go:846","msg":"Port 9090 is already in use. Trying on a random free tcp port."}
{"level":"info","time":"2024-12-13T22:46:57.006+0530","caller":"custom/setup.go:861","msg":"Tunnel binary started on port :54620"}
{"level":"warn","time":"2024-12-13T22:46:57.020+0530","caller":"custom/setup.go:846","msg":"Port 9090 is already in use. Trying on a random free tcp port."}
{"level":"info","time":"2024-12-13T22:46:57.021+0530","caller":"custom/setup.go:861","msg":"Tunnel binary started on port :54622"}
{"level":"warn","time":"2024-12-13T22:46:57.192+0530","caller":"custom/setup.go:846","msg":"Port 9090 is already in use. Trying on a random free tcp port."}
{"level":"info","time":"2024-12-13T22:46:57.192+0530","caller":"custom/setup.go:861","msg":"Tunnel binary started on port :54640"}
{"level":"info","time":"2024-12-13T22:46:59.035+0530","caller":"core/lifecycle.go:282","msg":"Launching tunnel"}
{"level":"info","time":"2024-12-13T22:46:59.042+0530","caller":"core/lifecycle.go:282","msg":"Launching tunnel"}
{"level":"info","time":"2024-12-13T22:46:59.067+0530","caller":"core/lifecycle.go:282","msg":"Launching tunnel"}
{"level":"info","time":"2024-12-13T22:46:59.161+0530","caller":"core/lifecycle.go:282","msg":"Launching tunnel"}
{"level":"info","time":"2024-12-13T22:47:04.365+0530","caller":"core/lifecycle.go:404","msg":"You can start testing now"}
{"level":"info","time":"2024-12-13T22:47:04.365+0530","caller":"core/lifecycle.go:405","msg":"Tunnel ID: 3430802"}
{"level":"info","time":"2024-12-13T22:47:04.405+0530","caller":"core/lifecycle.go:404","msg":"You can start testing now"}
{"level":"info","time":"2024-12-13T22:47:04.405+0530","caller":"core/lifecycle.go:405","msg":"Tunnel ID: 3430803"}
{"level":"info","time":"2024-12-13T22:47:04.483+0530","caller":"core/lifecycle.go:404","msg":"You can start testing now"}
{"level":"info","time":"2024-12-13T22:47:04.483+0530","caller":"core/lifecycle.go:405","msg":"Tunnel ID: 3430805"}
{"level":"info","time":"2024-12-13T22:47:04.502+0530","caller":"core/lifecycle.go:404","msg":"You can start testing now"}
{"level":"info","time":"2024-12-13T22:47:04.502+0530","caller":"core/lifecycle.go:405","msg":"Tunnel ID: 3430804"}
{"level":"info","time":"2024-12-13T22:47:25.791+0530","caller":"cmd/lt.go:207","msg":"LambdaTest Tunnel version: 3.2.8"}
{"level":"warn","time":"2024-12-13T22:47:25.792+0530","caller":"configmanager/setup.go:79","msg":"Tunnel Name was not specified, using: 2308f3d6-e5ea-4903-a42e-0bf5e2242660"}
{"level":"warn","time":"2024-12-13T22:47:26.828+0530","caller":"custom/setup.go:846","msg":"Port 9090 is already in use. Trying on a random free tcp port."}
{"level":"info","time":"2024-12-13T22:47:26.830+0530","caller":"custom/setup.go:861","msg":"Tunnel binary started on port :54718"}
{"level":"info","time":"2024-12-13T22:47:28.105+0530","caller":"core/lifecycle.go:282","msg":"Launching tunnel"}
{"level":"info","time":"2024-12-13T22:47:31.903+0530","caller":"core/lifecycle.go:404","msg":"You can start testing now"}
{"level":"info","time":"2024-12-13T22:47:31.903+0530","caller":"core/lifecycle.go:405","msg":"Tunnel ID: 3430811"}
{"level":"info","time":"2024-12-13T22:47:43.015+0530","caller":"cmd/lt.go:207","msg":"LambdaTest Tunnel version: 3.2.8"}
{"level":"warn","time":"2024-12-13T22:47:43.015+0530","caller":"configmanager/setup.go:79","msg":"Tunnel Name was not specified, using: f7bd1dce-2138-458e-87b2-c4df250440b5"}
{"level":"info","time":"2024-12-13T22:47:43.319+0530","caller":"cmd/lt.go:207","msg":"LambdaTest Tunnel version: 3.2.8"}
{"level":"warn","time":"2024-12-13T22:47:43.321+0530","caller":"configmanager/setup.go:79","msg":"Tunnel Name was not specified, using: c4492579-ecc7-4919-be5e-e3a570b5e82d"}
{"level":"warn","time":"2024-12-13T22:47:44.033+0530","caller":"custom/setup.go:846","msg":"Port 9090 is already in use. Trying on a random free tcp port."}
{"level":"info","time":"2024-12-13T22:47:44.035+0530","caller":"custom/setup.go:861","msg":"Tunnel binary started on port :54751"}
{"level":"warn","time":"2024-12-13T22:47:44.478+0530","caller":"custom/setup.go:846","msg":"Port 9090 is already in use. Trying on a random free tcp port."}
{"level":"info","time":"2024-12-13T22:47:44.479+0530","caller":"custom/setup.go:861","msg":"Tunnel binary started on port :54757"}
{"level":"info","time":"2024-12-13T22:47:45.363+0530","caller":"core/lifecycle.go:282","msg":"Launching tunnel"}
{"level":"info","time":"2024-12-13T22:47:45.699+0530","caller":"core/lifecycle.go:282","msg":"Launching tunnel"}
{"level":"info","time":"2024-12-13T22:47:49.156+0530","caller":"core/lifecycle.go:404","msg":"You can start testing now"}
{"level":"info","time":"2024-12-13T22:47:49.156+0530","caller":"core/lifecycle.go:405","msg":"Tunnel ID: 3430812"}
{"level":"info","time":"2024-12-13T22:47:50.452+0530","caller":"core/lifecycle.go:404","msg":"You can start testing now"}
{"level":"info","time":"2024-12-13T22:47:50.452+0530","caller":"core/lifecycle.go:405","msg":"Tunnel ID: 3430813"}
{"level":"info","time":"2024-12-13T22:47:52.950+0530","caller":"cmd/lt.go:207","msg":"LambdaTest Tunnel version: 3.2.8"}
{"level":"warn","time":"2024-12-13T22:47:52.951+0530","caller":"configmanager/setup.go:79","msg":"Tunnel Name was not specified, using: fa180978-a93e-45e8-ba8b-48bfd1f2cde3"}
{"level":"warn","time":"2024-12-13T22:47:53.958+0530","caller":"custom/setup.go:846","msg":"Port 9090 is already in use. Trying on a random free tcp port."}
{"level":"info","time":"2024-12-13T22:47:53.958+0530","caller":"custom/setup.go:861","msg":"Tunnel binary started on port :54795"}
{"level":"info","time":"2024-12-13T22:47:55.189+0530","caller":"core/lifecycle.go:282","msg":"Launching tunnel"}
{"level":"info","time":"2024-12-13T22:47:57.542+0530","caller":"cmd/lt.go:207","msg":"LambdaTest Tunnel version: 3.2.8"}
{"level":"warn","time":"2024-12-13T22:47:57.543+0530","caller":"configmanager/setup.go:79","msg":"Tunnel Name was not specified, using: 10aee635-b350-4d6c-a916-85b99b702d87"}
{"level":"warn","time":"2024-12-13T22:47:58.517+0530","caller":"custom/setup.go:846","msg":"Port 9090 is already in use. Trying on a random free tcp port."}
{"level":"info","time":"2024-12-13T22:47:58.518+0530","caller":"custom/setup.go:861","msg":"Tunnel binary started on port :54818"}
{"level":"info","time":"2024-12-13T22:47:59.013+0530","caller":"core/lifecycle.go:404","msg":"You can start testing now"}
{"level":"info","time":"2024-12-13T22:47:59.013+0530","caller":"core/lifecycle.go:405","msg":"Tunnel ID: 3430814"}
{"level":"info","time":"2024-12-13T22:48:00.176+0530","caller":"core/lifecycle.go:282","msg":"Launching tunnel"}
{"level":"info","time":"2024-12-13T22:48:04.003+0530","caller":"core/lifecycle.go:404","msg":"You can start testing now"}
{"level":"info","time":"2024-12-13T22:48:04.003+0530","caller":"core/lifecycle.go:405","msg":"Tunnel ID: 3430817"}
{"level":"info","time":"2024-12-13T22:48:09.200+0530","caller":"cmd/lt.go:207","msg":"LambdaTest Tunnel version: 3.2.8"}
{"level":"warn","time":"2024-12-13T22:48:09.201+0530","caller":"configmanager/setup.go:79","msg":"Tunnel Name was not specified, using: b99415fc-c6af-4364-8743-f7cf7e7c4f31"}
{"level":"warn","time":"2024-12-13T22:48:10.246+0530","caller":"custom/setup.go:846","msg":"Port 9090 is already in use. Trying on a random free tcp port."}
{"level":"info","time":"2024-12-13T22:48:10.247+0530","caller":"custom/setup.go:861","msg":"Tunnel binary started on port :54848"}
{"level":"info","time":"2024-12-13T22:48:11.554+0530","caller":"core/lifecycle.go:282","msg":"Launching tunnel"}
{"level":"info","time":"2024-12-13T22:48:15.242+0530","caller":"core/lifecycle.go:404","msg":"You can start testing now"}
{"level":"info","time":"2024-12-13T22:48:15.242+0530","caller":"core/lifecycle.go:405","msg":"Tunnel ID: 3430820"}
{"level":"error","time":"2024-12-13T22:48:18.242+0530","caller":"custom/setup.go:524","msg":"Error Response unsupported protocol scheme \"\" for http request from host 23.106.54.77:2443","tunnelID":"3430814","requestID":1}
{"level":"info","time":"2024-12-13T22:48:26.328+0530","caller":"cmd/lt.go:207","msg":"LambdaTest Tunnel version: 3.2.8"}
{"level":"warn","time":"2024-12-13T22:48:26.329+0530","caller":"configmanager/setup.go:79","msg":"Tunnel Name was not specified, using: 913cd83f-1aad-474d-86a8-29d8141aafa9"}
{"level":"error","time":"2024-12-13T22:48:27.691+0530","caller":"custom/setup.go:524","msg":"Error Response unsupported protocol scheme \"\" for http request from host 23.106.54.77:2443","tunnelID":"3430814","requestID":2}
{"level":"warn","time":"2024-12-13T22:48:27.776+0530","caller":"custom/setup.go:846","msg":"Port 9090 is already in use. Trying on a random free tcp port."}
{"level":"info","time":"2024-12-13T22:48:27.776+0530","caller":"custom/setup.go:861","msg":"Tunnel binary started on port :54892"}
{"level":"error","time":"2024-12-13T22:48:28.561+0530","caller":"custom/setup.go:524","msg":"Error Response unsupported protocol scheme \"\" for http request from host ","tunnelID":"3430814","requestID":3}
{"level":"info","time":"2024-12-13T22:48:29.087+0530","caller":"core/lifecycle.go:282","msg":"Launching tunnel"}
{"level":"info","time":"2024-12-13T22:48:32.824+0530","caller":"core/lifecycle.go:404","msg":"You can start testing now"}
{"level":"info","time":"2024-12-13T22:48:32.824+0530","caller":"core/lifecycle.go:405","msg":"Tunnel ID: 3430829"}
{"level":"info","time":"2024-12-13T22:48:37.929+0530","caller":"cmd/lt.go:207","msg":"LambdaTest Tunnel version: 3.2.8"}
{"level":"warn","time":"2024-12-13T22:48:37.930+0530","caller":"configmanager/setup.go:79","msg":"Tunnel Name was not specified, using: 98aaf041-8848-480e-b87b-767a679767e9"}
{"level":"warn","time":"2024-12-13T22:48:38.971+0530","caller":"custom/setup.go:846","msg":"Port 9090 is already in use. Trying on a random free tcp port."}
{"level":"info","time":"2024-12-13T22:48:38.972+0530","caller":"custom/setup.go:861","msg":"Tunnel binary started on port :54923"}
{"level":"info","time":"2024-12-13T22:48:40.269+0530","caller":"core/lifecycle.go:282","msg":"Launching tunnel"}
{"level":"info","time":"2024-12-13T22:48:44.041+0530","caller":"core/lifecycle.go:404","msg":"You can start testing now"}
{"level":"info","time":"2024-12-13T22:48:44.041+0530","caller":"core/lifecycle.go:405","msg":"Tunnel ID: 3430834"}
{"level":"info","time":"2024-12-13T22:51:51.093+0530","caller":"core/lifecycle.go:450","msg":"Stopping tunnel"}
{"level":"info","time":"2024-12-13T22:51:51.094+0530","caller":"core/lifecycle.go:450","msg":"Stopping tunnel"}
{"level":"info","time":"2024-12-13T22:51:51.094+0530","caller":"core/lifecycle.go:450","msg":"Stopping tunnel"}
{"level":"info","time":"2024-12-13T22:51:51.094+0530","caller":"core/lifecycle.go:450","msg":"Stopping tunnel"}
{"level":"info","time":"2024-12-13T22:51:51.094+0530","caller":"core/lifecycle.go:450","msg":"Stopping tunnel"}
{"level":"info","time":"2024-12-13T22:51:51.094+0530","caller":"core/lifecycle.go:450","msg":"Stopping tunnel"}
{"level":"info","time":"2024-12-13T22:51:51.094+0530","caller":"core/lifecycle.go:450","msg":"Stopping tunnel"}
{"level":"info","time":"2024-12-13T22:51:51.095+0530","caller":"core/lifecycle.go:450","msg":"Stopping tunnel"}
{"level":"info","time":"2024-12-13T22:51:51.095+0530","caller":"core/lifecycle.go:450","msg":"Stopping tunnel"}
{"level":"info","time":"2024-12-13T22:51:51.095+0530","caller":"core/lifecycle.go:450","msg":"Stopping tunnel"}
{"level":"info","time":"2024-12-13T22:51:51.095+0530","caller":"core/lifecycle.go:450","msg":"Stopping tunnel"}
{"level":"info","time":"2024-12-13T22:51:51.099+0530","caller":"core/lifecycle.go:450","msg":"Stopping tunnel"}
{"level":"info","time":"2024-12-13T22:51:51.099+0530","caller":"core/lifecycle.go:450","msg":"Stopping tunnel"}
{"level":"info","time":"2024-12-13T22:51:51.099+0530","caller":"core/lifecycle.go:450","msg":"Stopping tunnel"}
{"level":"info","time":"2024-12-13T22:51:51.097+0530","caller":"core/lifecycle.go:450","msg":"Stopping tunnel"}
{"level":"info","time":"2024-12-13T22:51:51.110+0530","caller":"core/lifecycle.go:450","msg":"Stopping tunnel"}
{"level":"info","time":"2024-12-13T22:51:53.126+0530","caller":"core/lifecycle.go:457","msg":"Tunnel stopped successfully"}
{"level":"info","time":"2024-12-13T22:51:54.200+0530","caller":"core/lifecycle.go:457","msg":"Tunnel stopped successfully"}
{"level":"info","time":"2024-12-13T22:51:54.209+0530","caller":"core/lifecycle.go:457","msg":"Tunnel stopped successfully"}
{"level":"info","time":"2024-12-13T22:51:54.229+0530","caller":"core/lifecycle.go:457","msg":"Tunnel stopped successfully"}
{"level":"info","time":"2024-12-13T22:51:54.229+0530","caller":"core/lifecycle.go:457","msg":"Tunnel stopped successfully"}
{"level":"info","time":"2024-12-13T22:51:54.249+0530","caller":"core/lifecycle.go:457","msg":"Tunnel stopped successfully"}
{"level":"info","time":"2024-12-13T22:51:54.311+0530","caller":"core/lifecycle.go:457","msg":"Tunnel stopped successfully"}
{"level":"info","time":"2024-12-13T22:51:54.311+0530","caller":"core/lifecycle.go:457","msg":"Tunnel stopped successfully"}
{"level":"info","time":"2024-12-13T22:51:54.316+0530","caller":"core/lifecycle.go:457","msg":"Tunnel stopped successfully"}
{"level":"info","time":"2024-12-13T22:51:54.327+0530","caller":"core/lifecycle.go:457","msg":"Tunnel stopped successfully"}
{"level":"info","time":"2024-12-13T22:51:54.352+0530","caller":"core/lifecycle.go:457","msg":"Tunnel stopped successfully"}
{"level":"info","time":"2024-12-13T22:51:54.374+0530","caller":"core/lifecycle.go:457","msg":"Tunnel stopped successfully"}
{"level":"info","time":"2024-12-13T22:51:54.384+0530","caller":"core/lifecycle.go:457","msg":"Tunnel stopped successfully"}
{"level":"info","time":"2024-12-13T22:51:54.415+0530","caller":"core/lifecycle.go:457","msg":"Tunnel stopped successfully"}
{"level":"info","time":"2024-12-13T22:51:54.465+0530","caller":"core/lifecycle.go:457","msg":"Tunnel stopped successfully"}
{"level":"info","time":"2024-12-13T22:51:54.489+0530","caller":"core/lifecycle.go:457","msg":"Tunnel stopped successfully"}
{"level":"info","time":"2024-12-13T22:51:54.791+0530","caller":"core/lifecycle.go:450","msg":"Stopping tunnel"}
{"level":"info","time":"2024-12-13T22:51:54.794+0530","caller":"core/lifecycle.go:450","msg":"Stopping tunnel"}
{"level":"info","time":"2024-12-13T22:51:54.794+0530","caller":"core/lifecycle.go:450","msg":"Stopping tunnel"}
{"level":"info","time":"2024-12-13T22:51:54.795+0530","caller":"core/lifecycle.go:450","msg":"Stopping tunnel"}
{"level":"info","time":"2024-12-13T22:51:54.797+0530","caller":"core/lifecycle.go:450","msg":"Stopping tunnel"}
{"level":"info","time":"2024-12-13T22:51:54.800+0530","caller":"core/lifecycle.go:450","msg":"Stopping tunnel"}
{"level":"info","time":"2024-12-13T22:51:54.800+0530","caller":"core/lifecycle.go:450","msg":"Stopping tunnel"}
{"level":"info","time":"2024-12-13T22:51:54.800+0530","caller":"core/lifecycle.go:450","msg":"Stopping tunnel"}
{"level":"info","time":"2024-12-13T22:51:54.800+0530","caller":"core/lifecycle.go:450","msg":"Stopping tunnel"}
{"level":"info","time":"2024-12-13T22:51:54.801+0530","caller":"core/lifecycle.go:450","msg":"Stopping tunnel"}
{"level":"info","time":"2024-12-13T22:51:54.800+0530","caller":"core/lifecycle.go:450","msg":"Stopping tunnel"}
{"level":"info","time":"2024-12-13T22:51:54.800+0530","caller":"core/lifecycle.go:450","msg":"Stopping tunnel"}
{"level":"info","time":"2024-12-13T22:51:54.804+0530","caller":"core/lifecycle.go:450","msg":"Stopping tunnel"}
{"level":"info","time":"2024-12-13T22:51:54.804+0530","caller":"core/lifecycle.go:450","msg":"Stopping tunnel"}
{"level":"info","time":"2024-12-13T22:51:54.805+0530","caller":"core/lifecycle.go:450","msg":"Stopping tunnel"}
{"level":"info","time":"2024-12-13T22:51:54.807+0530","caller":"core/lifecycle.go:450","msg":"Stopping tunnel"}
{"level":"info","time":"2024-12-13T22:51:54.807+0530","caller":"core/lifecycle.go:450","msg":"Stopping tunnel"}
{"level":"info","time":"2024-12-13T22:51:54.807+0530","caller":"core/lifecycle.go:450","msg":"Stopping tunnel"}
{"level":"info","time":"2024-12-13T22:51:54.807+0530","caller":"core/lifecycle.go:450","msg":"Stopping tunnel"}
{"level":"info","time":"2024-12-13T22:51:54.808+0530","caller":"core/lifecycle.go:450","msg":"Stopping tunnel"}
{"level":"info","time":"2024-12-13T22:51:54.809+0530","caller":"core/lifecycle.go:450","msg":"Stopping tunnel"}
{"level":"info","time":"2024-12-13T22:51:54.807+0530","caller":"core/lifecycle.go:450","msg":"Stopping tunnel"}
{"level":"info","time":"2024-12-13T22:51:54.809+0530","caller":"core/lifecycle.go:450","msg":"Stopping tunnel"}
{"level":"info","time":"2024-12-13T22:51:54.809+0530","caller":"core/lifecycle.go:450","msg":"Stopping tunnel"}
{"level":"info","time":"2024-12-13T22:51:54.811+0530","caller":"core/lifecycle.go:450","msg":"Stopping tunnel"}
{"level":"info","time":"2024-12-13T22:51:54.811+0530","caller":"core/lifecycle.go:450","msg":"Stopping tunnel"}
{"level":"info","time":"2024-12-13T22:51:54.811+0530","caller":"core/lifecycle.go:450","msg":"Stopping tunnel"}
{"level":"info","time":"2024-12-13T22:51:54.813+0530","caller":"core/lifecycle.go:450","msg":"Stopping tunnel"}
{"level":"info","time":"2024-12-13T22:51:54.814+0530","caller":"core/lifecycle.go:450","msg":"Stopping tunnel"}
{"level":"info","time":"2024-12-13T22:51:54.815+0530","caller":"core/lifecycle.go:450","msg":"Stopping tunnel"}
{"level":"info","time":"2024-12-13T22:51:54.817+0530","caller":"core/lifecycle.go:450","msg":"Stopping tunnel"}
{"level":"info","time":"2024-12-13T22:51:54.818+0530","caller":"core/lifecycle.go:450","msg":"Stopping tunnel"}
{"level":"info","time":"2024-12-13T22:51:54.819+0530","caller":"core/lifecycle.go:450","msg":"Stopping tunnel"}
{"level":"info","time":"2024-12-13T22:51:54.825+0530","caller":"core/lifecycle.go:450","msg":"Stopping tunnel"}
{"level":"info","time":"2024-12-13T22:51:54.826+0530","caller":"core/lifecycle.go:450","msg":"Stopping tunnel"}
{"level":"info","time":"2024-12-13T22:51:54.827+0530","caller":"core/lifecycle.go:450","msg":"Stopping tunnel"}
{"level":"info","time":"2024-12-13T22:51:55.900+0530","caller":"core/lifecycle.go:457","msg":"Tunnel stopped successfully"}
{"level":"info","time":"2024-12-13T22:51:55.900+0530","caller":"core/lifecycle.go:457","msg":"Tunnel stopped successfully"}
{"level":"info","time":"2024-12-13T22:51:55.900+0530","caller":"core/lifecycle.go:457","msg":"Tunnel stopped successfully"}
{"level":"info","time":"2024-12-13T22:51:55.900+0530","caller":"core/lifecycle.go:457","msg":"Tunnel stopped successfully"}
{"level":"info","time":"2024-12-13T22:51:55.901+0530","caller":"core/lifecycle.go:457","msg":"Tunnel stopped successfully"}
{"level":"info","time":"2024-12-13T22:51:55.950+0530","caller":"core/lifecycle.go:457","msg":"Tunnel stopped successfully"}
{"level":"info","time":"2024-12-13T22:51:56.208+0530","caller":"core/lifecycle.go:457","msg":"Tunnel stopped successfully"}
{"level":"info","time":"2024-12-13T22:51:56.284+0530","caller":"core/lifecycle.go:457","msg":"Tunnel stopped successfully"}
{"level":"info","time":"2024-12-13T22:51:56.302+0530","caller":"core/lifecycle.go:457","msg":"Tunnel stopped successfully"}
{"level":"info","time":"2024-12-13T22:51:56.307+0530","caller":"core/lifecycle.go:457","msg":"Tunnel stopped successfully"}
{"level":"info","time":"2024-12-13T22:51:56.332+0530","caller":"core/lifecycle.go:457","msg":"Tunnel stopped successfully"}
{"level":"info","time":"2024-12-13T22:51:56.341+0530","caller":"core/lifecycle.go:457","msg":"Tunnel stopped successfully"}
{"level":"info","time":"2024-12-13T22:51:56.418+0530","caller":"core/lifecycle.go:457","msg":"Tunnel stopped successfully"}
{"level":"info","time":"2024-12-13T22:51:56.418+0530","caller":"core/lifecycle.go:457","msg":"Tunnel stopped successfully"}
{"level":"info","time":"2024-12-13T22:51:56.423+0530","caller":"core/lifecycle.go:457","msg":"Tunnel stopped successfully"}
{"level":"info","time":"2024-12-13T22:51:56.446+0530","caller":"core/lifecycle.go:457","msg":"Tunnel stopped successfully"}
{"level":"info","time":"2024-12-13T22:51:56.455+0530","caller":"core/lifecycle.go:457","msg":"Tunnel stopped successfully"}
{"level":"info","time":"2024-12-13T22:51:56.470+0530","caller":"core/lifecycle.go:457","msg":"Tunnel stopped successfully"}
{"level":"info","time":"2024-12-13T22:51:56.515+0530","caller":"core/lifecycle.go:457","msg":"Tunnel stopped successfully"}
{"level":"info","time":"2024-12-13T22:51:56.520+0530","caller":"core/lifecycle.go:457","msg":"Tunnel stopped successfully"}
{"level":"info","time":"2024-12-13T22:51:56.520+0530","caller":"core/lifecycle.go:457","msg":"Tunnel stopped successfully"}
{"level":"info","time":"2024-12-13T22:51:56.525+0530","caller":"core/lifecycle.go:457","msg":"Tunnel stopped successfully"}
{"level":"info","time":"2024-12-13T22:51:56.538+0530","caller":"core/lifecycle.go:457","msg":"Tunnel stopped successfully"}
{"level":"info","time":"2024-12-13T22:51:56.539+0530","caller":"core/lifecycle.go:457","msg":"Tunnel stopped successfully"}
{"level":"info","time":"2024-12-13T22:51:56.557+0530","caller":"core/lifecycle.go:457","msg":"Tunnel stopped successfully"}
{"level":"info","time":"2024-12-13T22:51:56.566+0530","caller":"core/lifecycle.go:457","msg":"Tunnel stopped successfully"}
{"level":"info","time":"2024-12-13T22:51:56.595+0530","caller":"core/lifecycle.go:457","msg":"Tunnel stopped successfully"}
{"level":"info","time":"2024-12-13T22:51:56.648+0530","caller":"core/lifecycle.go:457","msg":"Tunnel stopped successfully"}
{"level":"info","time":"2024-12-13T22:51:56.660+0530","caller":"core/lifecycle.go:457","msg":"Tunnel stopped successfully"}
{"level":"info","time":"2024-12-13T22:51:56.660+0530","caller":"core/lifecycle.go:457","msg":"Tunnel stopped successfully"}
{"level":"info","time":"2024-12-13T22:51:56.662+0530","caller":"core/lifecycle.go:457","msg":"Tunnel stopped successfully"}
{"level":"info","time":"2024-12-13T22:51:56.671+0530","caller":"core/lifecycle.go:457","msg":"Tunnel stopped successfully"}
{"level":"info","time":"2024-12-13T22:51:56.677+0530","caller":"core/lifecycle.go:457","msg":"Tunnel stopped successfully"}
{"level":"info","time":"2024-12-13T22:51:56.725+0530","caller":"core/lifecycle.go:457","msg":"Tunnel stopped successfully"}
{"level":"info","time":"2024-12-13T22:51:56.725+0530","caller":"core/lifecycle.go:457","msg":"Tunnel stopped successfully"}
{"level":"info","time":"2024-12-13T22:51:56.743+0530","caller":"core/lifecycle.go:457","msg":"Tunnel stopped successfully"}
{"level":"info","time":"2024-12-14T11:44:36.514+0530","caller":"cmd/lt.go:207","msg":"LambdaTest Tunnel version: 3.2.8"}
{"level":"warn","time":"2024-12-14T11:44:36.516+0530","caller":"configmanager/setup.go:79","msg":"Tunnel Name was not specified, using: 4044d3b4-e5fc-4b7b-b0f9-21e2912a6641"}
{"level":"info","time":"2024-12-14T11:44:36.518+0530","caller":"cmd/lt.go:207","msg":"LambdaTest Tunnel version: 3.2.8"}
{"level":"warn","time":"2024-12-14T11:44:36.519+0530","caller":"configmanager/setup.go:79","msg":"Tunnel Name was not specified, using: 04e85265-9d8a-481c-ba2c-3fadfc0cbebd"}
{"level":"info","time":"2024-12-14T11:44:36.525+0530","caller":"cmd/lt.go:207","msg":"LambdaTest Tunnel version: 3.2.8"}
{"level":"warn","time":"2024-12-14T11:44:36.526+0530","caller":"configmanager/setup.go:79","msg":"Tunnel Name was not specified, using: 75aea049-b3b2-4ff8-8249-2cedcd3ea789"}
{"level":"info","time":"2024-12-14T11:44:36.529+0530","caller":"cmd/lt.go:207","msg":"LambdaTest Tunnel version: 3.2.8"}
{"level":"warn","time":"2024-12-14T11:44:36.532+0530","caller":"configmanager/setup.go:79","msg":"Tunnel Name was not specified, using: c82603e2-15aa-4698-8209-3bc642f211b0"}
{"level":"info","time":"2024-12-14T11:44:37.578+0530","caller":"custom/setup.go:861","msg":"Tunnel binary started on port :9090"}
{"level":"warn","time":"2024-12-14T11:44:37.593+0530","caller":"custom/setup.go:846","msg":"Port 9090 is already in use. Trying on a random free tcp port."}
{"level":"info","time":"2024-12-14T11:44:37.593+0530","caller":"custom/setup.go:861","msg":"Tunnel binary started on port :51404"}
{"level":"warn","time":"2024-12-14T11:44:37.917+0530","caller":"custom/setup.go:846","msg":"Port 9090 is already in use. Trying on a random free tcp port."}
{"level":"info","time":"2024-12-14T11:44:37.918+0530","caller":"custom/setup.go:861","msg":"Tunnel binary started on port :51418"}
{"level":"warn","time":"2024-12-14T11:44:38.768+0530","caller":"custom/setup.go:846","msg":"Port 9090 is already in use. Trying on a random free tcp port."}
{"level":"info","time":"2024-12-14T11:44:38.769+0530","caller":"custom/setup.go:861","msg":"Tunnel binary started on port :51424"}
{"level":"info","time":"2024-12-14T11:44:39.040+0530","caller":"core/lifecycle.go:282","msg":"Launching tunnel"}
{"level":"info","time":"2024-12-14T11:44:39.054+0530","caller":"core/lifecycle.go:282","msg":"Launching tunnel"}
{"level":"info","time":"2024-12-14T11:44:39.102+0530","caller":"core/lifecycle.go:282","msg":"Launching tunnel"}
{"level":"info","time":"2024-12-14T11:44:39.947+0530","caller":"core/lifecycle.go:282","msg":"Launching tunnel"}
{"level":"info","time":"2024-12-14T11:44:42.816+0530","caller":"core/lifecycle.go:404","msg":"You can start testing now"}
{"level":"info","time":"2024-12-14T11:44:42.816+0530","caller":"core/lifecycle.go:405","msg":"Tunnel ID: 3437918"}
{"level":"info","time":"2024-12-14T11:44:44.244+0530","caller":"core/lifecycle.go:404","msg":"You can start testing now"}
{"level":"info","time":"2024-12-14T11:44:44.244+0530","caller":"core/lifecycle.go:405","msg":"Tunnel ID: 3437919"}
{"level":"info","time":"2024-12-14T11:44:44.977+0530","caller":"core/lifecycle.go:404","msg":"You can start testing now"}
{"level":"info","time":"2024-12-14T11:44:44.977+0530","caller":"core/lifecycle.go:405","msg":"Tunnel ID: 3437920"}
{"level":"info","time":"2024-12-14T11:44:45.153+0530","caller":"core/lifecycle.go:404","msg":"You can start testing now"}
{"level":"info","time":"2024-12-14T11:44:45.153+0530","caller":"core/lifecycle.go:405","msg":"Tunnel ID: 3437921"}
{"level":"info","time":"2024-12-14T11:45:02.069+0530","caller":"cmd/lt.go:207","msg":"LambdaTest Tunnel version: 3.2.8"}
{"level":"warn","time":"2024-12-14T11:45:02.069+0530","caller":"configmanager/setup.go:79","msg":"Tunnel Name was not specified, using: fe082fa5-d548-4c47-973f-ee99222f36a3"}
{"level":"warn","time":"2024-12-14T11:45:03.277+0530","caller":"custom/setup.go:846","msg":"Port 9090 is already in use. Trying on a random free tcp port."}
{"level":"info","time":"2024-12-14T11:45:03.278+0530","caller":"custom/setup.go:861","msg":"Tunnel binary started on port :51482"}
{"level":"info","time":"2024-12-14T11:45:04.579+0530","caller":"core/lifecycle.go:282","msg":"Launching tunnel"}
{"level":"info","time":"2024-12-14T11:45:06.268+0530","caller":"cmd/lt.go:207","msg":"LambdaTest Tunnel version: 3.2.8"}
{"level":"warn","time":"2024-12-14T11:45:06.270+0530","caller":"configmanager/setup.go:79","msg":"Tunnel Name was not specified, using: 58f91658-fae5-46df-ac7d-f32a0f13b33d"}
{"level":"warn","time":"2024-12-14T11:45:07.168+0530","caller":"custom/setup.go:846","msg":"Port 9090 is already in use. Trying on a random free tcp port."}
{"level":"info","time":"2024-12-14T11:45:07.169+0530","caller":"custom/setup.go:861","msg":"Tunnel binary started on port :51493"}
{"level":"info","time":"2024-12-14T11:45:08.830+0530","caller":"core/lifecycle.go:404","msg":"You can start testing now"}
{"level":"info","time":"2024-12-14T11:45:08.830+0530","caller":"core/lifecycle.go:405","msg":"Tunnel ID: 3437926"}
{"level":"info","time":"2024-12-14T11:45:08.897+0530","caller":"core/lifecycle.go:282","msg":"Launching tunnel"}
{"level":"info","time":"2024-12-14T11:45:12.581+0530","caller":"core/lifecycle.go:404","msg":"You can start testing now"}
{"level":"info","time":"2024-12-14T11:45:12.581+0530","caller":"core/lifecycle.go:405","msg":"Tunnel ID: 3437927"}
{"level":"info","time":"2024-12-14T11:45:17.625+0530","caller":"cmd/lt.go:207","msg":"LambdaTest Tunnel version: 3.2.8"}
{"level":"warn","time":"2024-12-14T11:45:17.626+0530","caller":"configmanager/setup.go:79","msg":"Tunnel Name was not specified, using: fae75faf-d00d-4462-9976-a9f82004c656"}
{"level":"warn","time":"2024-12-14T11:45:18.577+0530","caller":"custom/setup.go:846","msg":"Port 9090 is already in use. Trying on a random free tcp port."}
{"level":"info","time":"2024-12-14T11:45:18.578+0530","caller":"custom/setup.go:861","msg":"Tunnel binary started on port :51522"}
{"level":"info","time":"2024-12-14T11:45:19.864+0530","caller":"core/lifecycle.go:282","msg":"Launching tunnel"}
{"level":"info","time":"2024-12-14T11:45:23.620+0530","caller":"core/lifecycle.go:404","msg":"You can start testing now"}
{"level":"info","time":"2024-12-14T11:45:23.620+0530","caller":"core/lifecycle.go:405","msg":"Tunnel ID: 3437930"}
{"level":"info","time":"2024-12-14T11:45:37.447+0530","caller":"cmd/lt.go:207","msg":"LambdaTest Tunnel version: 3.2.8"}
{"level":"warn","time":"2024-12-14T11:45:37.448+0530","caller":"configmanager/setup.go:79","msg":"Tunnel Name was not specified, using: ef469f2a-7624-40e5-99d4-b9fbddfcd289"}
{"level":"warn","time":"2024-12-14T11:45:38.631+0530","caller":"custom/setup.go:846","msg":"Port 9090 is already in use. Trying on a random free tcp port."}
{"level":"info","time":"2024-12-14T11:45:38.632+0530","caller":"custom/setup.go:861","msg":"Tunnel binary started on port :51547"}
{"level":"info","time":"2024-12-14T11:45:39.691+0530","caller":"cmd/lt.go:207","msg":"LambdaTest Tunnel version: 3.2.8"}
{"level":"warn","time":"2024-12-14T11:45:39.692+0530","caller":"configmanager/setup.go:79","msg":"Tunnel Name was not specified, using: d2311fbd-2046-40c2-ae73-eceb61d4b43d"}
{"level":"info","time":"2024-12-14T11:45:39.977+0530","caller":"core/lifecycle.go:282","msg":"Launching tunnel"}
{"level":"warn","time":"2024-12-14T11:45:40.599+0530","caller":"custom/setup.go:846","msg":"Port 9090 is already in use. Trying on a random free tcp port."}
{"level":"info","time":"2024-12-14T11:45:40.600+0530","caller":"custom/setup.go:861","msg":"Tunnel binary started on port :51562"}
{"level":"info","time":"2024-12-14T11:45:41.806+0530","caller":"core/lifecycle.go:282","msg":"Launching tunnel"}
{"level":"info","time":"2024-12-14T11:45:45.209+0530","caller":"core/lifecycle.go:404","msg":"You can start testing now"}
{"level":"info","time":"2024-12-14T11:45:45.209+0530","caller":"core/lifecycle.go:405","msg":"Tunnel ID: 3437936"}
{"level":"info","time":"2024-12-14T11:45:45.537+0530","caller":"core/lifecycle.go:404","msg":"You can start testing now"}
{"level":"info","time":"2024-12-14T11:45:45.537+0530","caller":"core/lifecycle.go:405","msg":"Tunnel ID: 3437937"}
{"level":"info","time":"2024-12-14T11:45:54.380+0530","caller":"cmd/lt.go:207","msg":"LambdaTest Tunnel version: 3.2.8"}
{"level":"warn","time":"2024-12-14T11:45:54.380+0530","caller":"configmanager/setup.go:79","msg":"Tunnel Name was not specified, using: b14d5d89-3b8e-47b4-9927-4055cca7fdf6"}
{"level":"warn","time":"2024-12-14T11:45:55.421+0530","caller":"custom/setup.go:846","msg":"Port 9090 is already in use. Trying on a random free tcp port."}
{"level":"info","time":"2024-12-14T11:45:55.422+0530","caller":"custom/setup.go:861","msg":"Tunnel binary started on port :51592"}
{"level":"info","time":"2024-12-14T11:45:56.707+0530","caller":"core/lifecycle.go:282","msg":"Launching tunnel"}
{"level":"info","time":"2024-12-14T11:45:59.489+0530","caller":"cmd/lt.go:207","msg":"LambdaTest Tunnel version: 3.2.8"}
{"level":"warn","time":"2024-12-14T11:45:59.491+0530","caller":"configmanager/setup.go:79","msg":"Tunnel Name was not specified, using: 984138aa-610c-42d8-9511-4f14b5a16a8c"}
{"level":"info","time":"2024-12-14T11:46:00.370+0530","caller":"core/lifecycle.go:404","msg":"You can start testing now"}
{"level":"info","time":"2024-12-14T11:46:00.370+0530","caller":"core/lifecycle.go:405","msg":"Tunnel ID: 3437941"}
{"level":"warn","time":"2024-12-14T11:46:00.511+0530","caller":"custom/setup.go:846","msg":"Port 9090 is already in use. Trying on a random free tcp port."}
{"level":"info","time":"2024-12-14T11:46:00.512+0530","caller":"custom/setup.go:861","msg":"Tunnel binary started on port :51611"}
{"level":"info","time":"2024-12-14T11:46:01.786+0530","caller":"core/lifecycle.go:282","msg":"Launching tunnel"}
{"level":"info","time":"2024-12-14T11:46:05.577+0530","caller":"core/lifecycle.go:404","msg":"You can start testing now"}
{"level":"info","time":"2024-12-14T11:46:05.577+0530","caller":"core/lifecycle.go:405","msg":"Tunnel ID: 3437942"}
{"level":"info","time":"2024-12-14T11:46:31.270+0530","caller":"cmd/lt.go:207","msg":"LambdaTest Tunnel version: 3.2.8"}
{"level":"warn","time":"2024-12-14T11:46:31.272+0530","caller":"configmanager/setup.go:79","msg":"Tunnel Name was not specified, using: 8e63c158-a87b-4a59-a48b-43cc12df55d1"}
{"level":"warn","time":"2024-12-14T11:46:32.283+0530","caller":"custom/setup.go:846","msg":"Port 9090 is already in use. Trying on a random free tcp port."}
{"level":"info","time":"2024-12-14T11:46:32.283+0530","caller":"custom/setup.go:861","msg":"Tunnel binary started on port :51637"}
{"level":"info","time":"2024-12-14T11:46:33.508+0530","caller":"core/lifecycle.go:282","msg":"Launching tunnel"}
{"level":"info","time":"2024-12-14T11:46:37.334+0530","caller":"core/lifecycle.go:404","msg":"You can start testing now"}
{"level":"info","time":"2024-12-14T11:46:37.334+0530","caller":"core/lifecycle.go:405","msg":"Tunnel ID: 3437947"}
{"level":"info","time":"2024-12-14T11:59:32.071+0530","caller":"cmd/lt.go:207","msg":"LambdaTest Tunnel version: 3.2.8"}
{"level":"warn","time":"2024-12-14T11:59:32.078+0530","caller":"configmanager/setup.go:79","msg":"Tunnel Name was not specified, using: 57bb64f1-7b39-4400-bdb8-269502e7e9a3"}
{"level":"info","time":"2024-12-14T11:59:32.128+0530","caller":"cmd/lt.go:207","msg":"LambdaTest Tunnel version: 3.2.8"}
{"level":"warn","time":"2024-12-14T11:59:32.129+0530","caller":"configmanager/setup.go:79","msg":"Tunnel Name was not specified, using: e3ee5ee8-6153-4f95-803a-e74fbdb0a97c"}
{"level":"info","time":"2024-12-14T11:59:32.205+0530","caller":"cmd/lt.go:207","msg":"LambdaTest Tunnel version: 3.2.8"}
{"level":"warn","time":"2024-12-14T11:59:32.207+0530","caller":"configmanager/setup.go:79","msg":"Tunnel Name was not specified, using: d3be1721-f11b-48d7-b04f-4a128a281245"}
{"level":"info","time":"2024-12-14T11:59:32.251+0530","caller":"cmd/lt.go:207","msg":"LambdaTest Tunnel version: 3.2.8"}
{"level":"warn","time":"2024-12-14T11:59:32.252+0530","caller":"configmanager/setup.go:79","msg":"Tunnel Name was not specified, using: e0eb831f-ca39-44ba-9113-31e08c400291"}
{"level":"warn","time":"2024-12-14T11:59:33.653+0530","caller":"custom/setup.go:846","msg":"Port 9090 is already in use. Trying on a random free tcp port."}
{"level":"info","time":"2024-12-14T11:59:33.654+0530","caller":"custom/setup.go:861","msg":"Tunnel binary started on port :51972"}
{"level":"warn","time":"2024-12-14T11:59:33.764+0530","caller":"custom/setup.go:846","msg":"Port 9090 is already in use. Trying on a random free tcp port."}
{"level":"info","time":"2024-12-14T11:59:33.764+0530","caller":"custom/setup.go:861","msg":"Tunnel binary started on port :51982"}
{"level":"warn","time":"2024-12-14T11:59:33.784+0530","caller":"custom/setup.go:846","msg":"Port 9090 is already in use. Trying on a random free tcp port."}
{"level":"info","time":"2024-12-14T11:59:33.785+0530","caller":"custom/setup.go:861","msg":"Tunnel binary started on port :51988"}
{"level":"warn","time":"2024-12-14T11:59:34.371+0530","caller":"custom/setup.go:846","msg":"Port 9090 is already in use. Trying on a random free tcp port."}
{"level":"info","time":"2024-12-14T11:59:34.372+0530","caller":"custom/setup.go:861","msg":"Tunnel binary started on port :51994"}
{"level":"info","time":"2024-12-14T11:59:35.571+0530","caller":"core/lifecycle.go:282","msg":"Launching tunnel"}
{"level":"info","time":"2024-12-14T11:59:35.571+0530","caller":"core/lifecycle.go:282","msg":"Launching tunnel"}
{"level":"info","time":"2024-12-14T11:59:35.579+0530","caller":"core/lifecycle.go:282","msg":"Launching tunnel"}
{"level":"info","time":"2024-12-14T11:59:35.583+0530","caller":"core/lifecycle.go:282","msg":"Launching tunnel"}
{"level":"info","time":"2024-12-14T11:59:40.754+0530","caller":"core/lifecycle.go:404","msg":"You can start testing now"}
{"level":"info","time":"2024-12-14T11:59:40.754+0530","caller":"core/lifecycle.go:405","msg":"Tunnel ID: 3438042"}
{"level":"info","time":"2024-12-14T11:59:40.783+0530","caller":"core/lifecycle.go:404","msg":"You can start testing now"}
{"level":"info","time":"2024-12-14T11:59:40.783+0530","caller":"core/lifecycle.go:405","msg":"Tunnel ID: 3438041"}
{"level":"info","time":"2024-12-14T11:59:40.794+0530","caller":"core/lifecycle.go:404","msg":"You can start testing now"}
{"level":"info","time":"2024-12-14T11:59:40.794+0530","caller":"core/lifecycle.go:405","msg":"Tunnel ID: 3438040"}
{"level":"info","time":"2024-12-14T11:59:40.878+0530","caller":"core/lifecycle.go:404","msg":"You can start testing now"}
{"level":"info","time":"2024-12-14T11:59:40.878+0530","caller":"core/lifecycle.go:405","msg":"Tunnel ID: 3438043"}
{"level":"info","time":"2024-12-14T11:59:58.702+0530","caller":"cmd/lt.go:207","msg":"LambdaTest Tunnel version: 3.2.8"}
{"level":"warn","time":"2024-12-14T11:59:58.703+0530","caller":"configmanager/setup.go:79","msg":"Tunnel Name was not specified, using: fd1e739f-5a3c-4227-abbe-ffa02668b6c4"}
{"level":"warn","time":"2024-12-14T11:59:59.686+0530","caller":"custom/setup.go:846","msg":"Port 9090 is already in use. Trying on a random free tcp port."}
{"level":"info","time":"2024-12-14T11:59:59.687+0530","caller":"custom/setup.go:861","msg":"Tunnel binary started on port :52066"}
{"level":"info","time":"2024-12-14T12:00:01.001+0530","caller":"core/lifecycle.go:282","msg":"Launching tunnel"}
{"level":"info","time":"2024-12-14T12:00:02.710+0530","caller":"cmd/lt.go:207","msg":"LambdaTest Tunnel version: 3.2.8"}
{"level":"warn","time":"2024-12-14T12:00:02.711+0530","caller":"configmanager/setup.go:79","msg":"Tunnel Name was not specified, using: 710cab97-2cb7-4dd4-9f26-02bf1be174a4"}
{"level":"warn","time":"2024-12-14T12:00:03.833+0530","caller":"custom/setup.go:846","msg":"Port 9090 is already in use. Trying on a random free tcp port."}
{"level":"info","time":"2024-12-14T12:00:03.835+0530","caller":"custom/setup.go:861","msg":"Tunnel binary started on port :52085"}
{"level":"info","time":"2024-12-14T12:00:05.230+0530","caller":"core/lifecycle.go:404","msg":"You can start testing now"}
{"level":"info","time":"2024-12-14T12:00:05.230+0530","caller":"core/lifecycle.go:405","msg":"Tunnel ID: 3438046"}
{"level":"info","time":"2024-12-14T12:00:05.457+0530","caller":"core/lifecycle.go:282","msg":"Launching tunnel"}
{"level":"info","time":"2024-12-14T12:00:09.198+0530","caller":"core/lifecycle.go:404","msg":"You can start testing now"}
{"level":"info","time":"2024-12-14T12:00:09.198+0530","caller":"core/lifecycle.go:405","msg":"Tunnel ID: 3438047"}
{"level":"info","time":"2024-12-14T12:00:13.519+0530","caller":"cmd/lt.go:207","msg":"LambdaTest Tunnel version: 3.2.8"}
{"level":"warn","time":"2024-12-14T12:00:13.520+0530","caller":"configmanager/setup.go:79","msg":"Tunnel Name was not specified, using: ec8ad60d-077e-400b-b59e-b53298ba1ec4"}
{"level":"warn","time":"2024-12-14T12:00:14.458+0530","caller":"custom/setup.go:846","msg":"Port 9090 is already in use. Trying on a random free tcp port."}
{"level":"info","time":"2024-12-14T12:00:14.459+0530","caller":"custom/setup.go:861","msg":"Tunnel binary started on port :52111"}
{"level":"info","time":"2024-12-14T12:00:15.680+0530","caller":"core/lifecycle.go:282","msg":"Launching tunnel"}
{"level":"info","time":"2024-12-14T12:00:19.493+0530","caller":"core/lifecycle.go:404","msg":"You can start testing now"}
{"level":"info","time":"2024-12-14T12:00:19.493+0530","caller":"core/lifecycle.go:405","msg":"Tunnel ID: 3438050"}
{"level":"info","time":"2024-12-14T12:00:30.670+0530","caller":"cmd/lt.go:207","msg":"LambdaTest Tunnel version: 3.2.8"}
{"level":"warn","time":"2024-12-14T12:00:30.676+0530","caller":"configmanager/setup.go:79","msg":"Tunnel Name was not specified, using: 9e5c94db-7a1e-4528-bfb5-74922bbc2993"}
{"level":"warn","time":"2024-12-14T12:00:33.180+0530","caller":"custom/setup.go:846","msg":"Port 9090 is already in use. Trying on a random free tcp port."}
{"level":"info","time":"2024-12-14T12:00:33.181+0530","caller":"custom/setup.go:861","msg":"Tunnel binary started on port :52151"}
{"level":"info","time":"2024-12-14T12:00:34.882+0530","caller":"core/lifecycle.go:282","msg":"Launching tunnel"}
{"level":"info","time":"2024-12-14T12:00:35.019+0530","caller":"cmd/lt.go:207","msg":"LambdaTest Tunnel version: 3.2.8"}
{"level":"warn","time":"2024-12-14T12:00:35.020+0530","caller":"configmanager/setup.go:79","msg":"Tunnel Name was not specified, using: e2cfc969-0ac9-4a57-8c2c-9fdb3be2763b"}
{"level":"warn","time":"2024-12-14T12:00:36.129+0530","caller":"custom/setup.go:846","msg":"Port 9090 is already in use. Trying on a random free tcp port."}
{"level":"info","time":"2024-12-14T12:00:36.130+0530","caller":"custom/setup.go:861","msg":"Tunnel binary started on port :52165"}
{"level":"info","time":"2024-12-14T12:00:39.304+0530","caller":"core/lifecycle.go:404","msg":"You can start testing now"}
{"level":"info","time":"2024-12-14T12:00:39.304+0530","caller":"core/lifecycle.go:405","msg":"Tunnel ID: 3438052"}
{"level":"info","time":"2024-12-14T12:00:39.360+0530","caller":"core/lifecycle.go:282","msg":"Launching tunnel"}
{"level":"info","time":"2024-12-14T12:00:43.232+0530","caller":"core/lifecycle.go:404","msg":"You can start testing now"}
{"level":"info","time":"2024-12-14T12:00:43.232+0530","caller":"core/lifecycle.go:405","msg":"Tunnel ID: 3438054"}
{"level":"info","time":"2024-12-14T12:00:45.823+0530","caller":"cmd/lt.go:207","msg":"LambdaTest Tunnel version: 3.2.8"}
{"level":"warn","time":"2024-12-14T12:00:45.823+0530","caller":"configmanager/setup.go:79","msg":"Tunnel Name was not specified, using: f1f2b5e5-ad43-494b-b677-407a3482cdd4"}
{"level":"warn","time":"2024-12-14T12:00:46.843+0530","caller":"custom/setup.go:846","msg":"Port 9090 is already in use. Trying on a random free tcp port."}
{"level":"info","time":"2024-12-14T12:00:46.844+0530","caller":"custom/setup.go:861","msg":"Tunnel binary started on port :52203"}
{"level":"info","time":"2024-12-14T12:00:48.299+0530","caller":"core/lifecycle.go:282","msg":"Launching tunnel"}
{"level":"info","time":"2024-12-14T12:00:52.393+0530","caller":"core/lifecycle.go:404","msg":"You can start testing now"}
{"level":"info","time":"2024-12-14T12:00:52.393+0530","caller":"core/lifecycle.go:405","msg":"Tunnel ID: 3438055"}
{"level":"info","time":"2024-12-14T12:00:53.262+0530","caller":"cmd/lt.go:207","msg":"LambdaTest Tunnel version: 3.2.8"}
{"level":"warn","time":"2024-12-14T12:00:53.263+0530","caller":"configmanager/setup.go:79","msg":"Tunnel Name was not specified, using: 296e61fd-ddf5-428d-b8b7-ab4b0aa3c12c"}
{"level":"warn","time":"2024-12-14T12:00:54.627+0530","caller":"custom/setup.go:846","msg":"Port 9090 is already in use. Trying on a random free tcp port."}
{"level":"info","time":"2024-12-14T12:00:54.628+0530","caller":"custom/setup.go:861","msg":"Tunnel binary started on port :52231"}
{"level":"info","time":"2024-12-14T12:00:57.211+0530","caller":"core/lifecycle.go:282","msg":"Launching tunnel"}
{"level":"info","time":"2024-12-14T12:01:02.570+0530","caller":"core/lifecycle.go:404","msg":"You can start testing now"}
{"level":"info","time":"2024-12-14T12:01:02.570+0530","caller":"core/lifecycle.go:405","msg":"Tunnel ID: 3438057"}
{"level":"info","time":"2024-12-14T12:01:32.006+0530","caller":"cmd/lt.go:207","msg":"LambdaTest Tunnel version: 3.2.8"}
{"level":"warn","time":"2024-12-14T12:01:32.008+0530","caller":"configmanager/setup.go:79","msg":"Tunnel Name was not specified, using: eadc8798-e29b-4a3f-8c40-9509fe0c7111"}
{"level":"warn","time":"2024-12-14T12:01:33.265+0530","caller":"custom/setup.go:846","msg":"Port 9090 is already in use. Trying on a random free tcp port."}
{"level":"info","time":"2024-12-14T12:01:33.266+0530","caller":"custom/setup.go:861","msg":"Tunnel binary started on port :52275"}
{"level":"info","time":"2024-12-14T12:01:34.605+0530","caller":"core/lifecycle.go:282","msg":"Launching tunnel"}
{"level":"error","time":"2024-12-14T12:01:56.607+0530","caller":"ws/control.go:79","msg":"Control connection break error"}
{"level":"warn","time":"2024-12-14T12:01:56.608+0530","caller":"ws/control.go:80","msg":"Retrying"}
{"level":"error","time":"2024-12-14T12:01:56.608+0530","caller":"ws/control.go:81","msg":"ERR::WS::CTRL::CONN::DWN : Control websocket connection closed read tcp 192.168.217.53:51488->23.106.54.77:443: wsarecv: A connection attempt failed because the connected party did not properly respond after a period of time, or established connection failed because connected host has failed to respond. "}
{"level":"error","time":"2024-12-14T12:01:56.747+0530","caller":"ws/control.go:79","msg":"Control connection break error"}
{"level":"warn","time":"2024-12-14T12:01:56.748+0530","caller":"ws/control.go:80","msg":"Retrying"}
{"level":"error","time":"2024-12-14T12:01:56.748+0530","caller":"ws/control.go:81","msg":"ERR::WS::CTRL::CONN::DWN : Control websocket connection closed read tcp 192.168.217.53:51528->23.106.54.77:443: wsarecv: A connection attempt failed because the connected party did not properly respond after a period of time, or established connection failed because connected host has failed to respond. "}
{"level":"error","time":"2024-12-14T12:01:57.493+0530","caller":"ws/control.go:79","msg":"Control connection break error"}
{"level":"warn","time":"2024-12-14T12:01:57.493+0530","caller":"ws/control.go:80","msg":"Retrying"}
{"level":"error","time":"2024-12-14T12:01:57.493+0530","caller":"ws/control.go:81","msg":"ERR::WS::CTRL::CONN::DWN : Control websocket connection closed read tcp 192.168.217.53:51507->23.106.54.77:443: wsarecv: A connection attempt failed because the connected party did not properly respond after a period of time, or established connection failed because connected host has failed to respond. "}
{"level":"error","time":"2024-12-14T12:01:57.815+0530","caller":"ws/control.go:79","msg":"Control connection break error"}
{"level":"warn","time":"2024-12-14T12:01:57.815+0530","caller":"ws/control.go:80","msg":"Retrying"}
{"level":"error","time":"2024-12-14T12:01:57.815+0530","caller":"ws/control.go:81","msg":"ERR::WS::CTRL::CONN::DWN : Control websocket connection closed websocket: close 1006 (abnormal closure): unexpected EOF "}
{"level":"error","time":"2024-12-14T12:01:57.819+0530","caller":"ws/control.go:79","msg":"Control connection break error"}
{"level":"warn","time":"2024-12-14T12:01:57.819+0530","caller":"ws/control.go:80","msg":"Retrying"}
{"level":"error","time":"2024-12-14T12:01:57.819+0530","caller":"ws/control.go:81","msg":"ERR::WS::CTRL::CONN::DWN : Control websocket connection closed websocket: close 1006 (abnormal closure): unexpected EOF "}
{"level":"error","time":"2024-12-14T12:01:57.915+0530","caller":"ws/control.go:79","msg":"Control connection break error"}
{"level":"warn","time":"2024-12-14T12:01:57.915+0530","caller":"ws/control.go:80","msg":"Retrying"}
{"level":"error","time":"2024-12-14T12:01:57.915+0530","caller":"ws/control.go:81","msg":"ERR::WS::CTRL::CONN::DWN : Control websocket connection closed read tcp 192.168.217.53:52072->23.106.54.77:443: wsarecv: A connection attempt failed because the connected party did not properly respond after a period of time, or established connection failed because connected host has failed to respond. "}
{"level":"error","time":"2024-12-14T12:01:58.338+0530","caller":"ws/control.go:79","msg":"Control connection break error"}
{"level":"warn","time":"2024-12-14T12:01:58.338+0530","caller":"ws/control.go:80","msg":"Retrying"}
{"level":"error","time":"2024-12-14T12:01:58.339+0530","caller":"ws/control.go:81","msg":"ERR::WS::CTRL::CONN::DWN : Control websocket connection closed read tcp 192.168.217.53:51555->23.106.54.77:443: wsarecv: A connection attempt failed because the connected party did not properly respond after a period of time, or established connection failed because connected host has failed to respond. "}
{"level":"error","time":"2024-12-14T12:01:58.367+0530","caller":"ws/control.go:79","msg":"Control connection break error"}
{"level":"warn","time":"2024-12-14T12:01:58.368+0530","caller":"ws/control.go:80","msg":"Retrying"}
{"level":"error","time":"2024-12-14T12:01:58.369+0530","caller":"ws/control.go:81","msg":"ERR::WS::CTRL::CONN::DWN : Control websocket connection closed read tcp 192.168.217.53:51436->23.106.54.77:443: wsarecv: A connection attempt failed because the connected party did not properly respond after a period of time, or established connection failed because connected host has failed to respond. "}
{"level":"error","time":"2024-12-14T12:01:58.477+0530","caller":"ws/control.go:79","msg":"Control connection break error"}
{"level":"warn","time":"2024-12-14T12:01:58.477+0530","caller":"ws/control.go:80","msg":"Retrying"}
{"level":"error","time":"2024-12-14T12:01:58.477+0530","caller":"ws/control.go:81","msg":"ERR::WS::CTRL::CONN::DWN : Control websocket connection closed websocket: close 1006 (abnormal closure): unexpected EOF "}
{"level":"error","time":"2024-12-14T12:01:58.488+0530","caller":"ws/control.go:79","msg":"Control connection break error"}
{"level":"warn","time":"2024-12-14T12:01:58.488+0530","caller":"ws/control.go:80","msg":"Retrying"}
{"level":"error","time":"2024-12-14T12:01:58.488+0530","caller":"ws/control.go:81","msg":"ERR::WS::CTRL::CONN::DWN : Control websocket connection closed websocket: close 1006 (abnormal closure): unexpected EOF "}
{"level":"error","time":"2024-12-14T12:01:58.561+0530","caller":"ws/control.go:79","msg":"Control connection break error"}
{"level":"warn","time":"2024-12-14T12:01:58.561+0530","caller":"ws/control.go:80","msg":"Retrying"}
{"level":"error","time":"2024-12-14T12:01:58.561+0530","caller":"ws/control.go:81","msg":"ERR::WS::CTRL::CONN::DWN : Control websocket connection closed websocket: close 1006 (abnormal closure): unexpected EOF "}
{"level":"error","time":"2024-12-14T12:01:58.802+0530","caller":"ws/control.go:79","msg":"Control connection break error"}
{"level":"warn","time":"2024-12-14T12:01:58.802+0530","caller":"ws/control.go:80","msg":"Retrying"}
{"level":"error","time":"2024-12-14T12:01:58.802+0530","caller":"ws/control.go:81","msg":"ERR::WS::CTRL::CONN::DWN : Control websocket connection closed read tcp 192.168.217.53:52004->23.106.54.77:443: wsarecv: A connection attempt failed because the connected party did not properly respond after a period of time, or established connection failed because connected host has failed to respond. "}
{"level":"error","time":"2024-12-14T12:01:58.818+0530","caller":"ws/control.go:79","msg":"Control connection break error"}
{"level":"warn","time":"2024-12-14T12:01:58.818+0530","caller":"ws/control.go:80","msg":"Retrying"}
{"level":"error","time":"2024-12-14T12:01:58.818+0530","caller":"ws/control.go:81","msg":"ERR::WS::CTRL::CONN::DWN : Control websocket connection closed read tcp 192.168.217.53:52000->23.106.54.77:443: wsarecv: A connection attempt failed because the connected party did not properly respond after a period of time, or established connection failed because connected host has failed to respond. "}
{"level":"error","time":"2024-12-14T12:01:58.848+0530","caller":"ws/control.go:79","msg":"Control connection break error"}
{"level":"warn","time":"2024-12-14T12:01:58.848+0530","caller":"ws/control.go:80","msg":"Retrying"}
{"level":"error","time":"2024-12-14T12:01:58.848+0530","caller":"ws/control.go:81","msg":"ERR::WS::CTRL::CONN::DWN : Control websocket connection closed read tcp 192.168.217.53:52002->23.106.54.77:443: wsarecv: A connection attempt failed because the connected party did not properly respond after a period of time, or established connection failed because connected host has failed to respond. "}
{"level":"error","time":"2024-12-14T12:01:58.894+0530","caller":"ws/control.go:79","msg":"Control connection break error"}
{"level":"warn","time":"2024-12-14T12:01:58.894+0530","caller":"ws/control.go:80","msg":"Retrying"}
{"level":"error","time":"2024-12-14T12:01:58.894+0530","caller":"ws/control.go:81","msg":"ERR::WS::CTRL::CONN::DWN : Control websocket connection closed read tcp 192.168.217.53:52006->23.106.54.77:443: wsarecv: A connection attempt failed because the connected party did not properly respond after a period of time, or established connection failed because connected host has failed to respond. "}
{"level":"error","time":"2024-12-14T12:02:02.315+0530","caller":"ws/control.go:79","msg":"Control connection break error"}
{"level":"warn","time":"2024-12-14T12:02:02.315+0530","caller":"ws/control.go:80","msg":"Retrying"}
{"level":"error","time":"2024-12-14T12:02:02.315+0530","caller":"ws/control.go:81","msg":"ERR::WS::CTRL::CONN::DWN : Control websocket connection closed read tcp 192.168.217.53:52093->23.106.54.77:443: wsarecv: A connection attempt failed because the connected party did not properly respond after a period of time, or established connection failed because connected host has failed to respond. "}
{"level":"error","time":"2024-12-14T12:02:02.407+0530","caller":"ws/control.go:79","msg":"Control connection break error"}
{"level":"warn","time":"2024-12-14T12:02:02.407+0530","caller":"ws/control.go:80","msg":"Retrying"}
{"level":"error","time":"2024-12-14T12:02:02.407+0530","caller":"ws/control.go:81","msg":"ERR::WS::CTRL::CONN::DWN : Control websocket connection closed read tcp 192.168.217.53:51426->23.106.54.77:443: wsarecv: A connection attempt failed because the connected party did not properly respond after a period of time, or established connection failed because connected host has failed to respond. "}
{"level":"error","time":"2024-12-14T12:02:02.656+0530","caller":"ws/control.go:79","msg":"Control connection break error"}
{"level":"warn","time":"2024-12-14T12:02:02.656+0530","caller":"ws/control.go:80","msg":"Retrying"}
{"level":"error","time":"2024-12-14T12:02:02.656+0530","caller":"ws/control.go:81","msg":"ERR::WS::CTRL::CONN::DWN : Control websocket connection closed read tcp 192.168.217.53:52118->23.106.54.77:443: wsarecv: A connection attempt failed because the connected party did not properly respond after a period of time, or established connection failed because connected host has failed to respond. "}
{"level":"error","time":"2024-12-14T12:02:03.032+0530","caller":"ws/control.go:79","msg":"Control connection break error"}
{"level":"warn","time":"2024-12-14T12:02:03.033+0530","caller":"ws/control.go:80","msg":"Retrying"}
{"level":"error","time":"2024-12-14T12:02:03.033+0530","caller":"ws/control.go:81","msg":"ERR::WS::CTRL::CONN::DWN : Control websocket connection closed read tcp 192.168.217.53:52159->23.106.54.77:443: wsarecv: A connection attempt failed because the connected party did not properly respond after a period of time, or established connection failed because connected host has failed to respond. "}
{"level":"error","time":"2024-12-14T12:02:04.007+0530","caller":"ws/control.go:79","msg":"Control connection break error"}
{"level":"warn","time":"2024-12-14T12:02:04.007+0530","caller":"ws/control.go:80","msg":"Retrying"}
{"level":"error","time":"2024-12-14T12:02:04.007+0530","caller":"ws/control.go:81","msg":"ERR::WS::CTRL::CONN::DWN : Control websocket connection closed websocket: close 1006 (abnormal closure): unexpected EOF "}
{"level":"error","time":"2024-12-14T12:02:04.088+0530","caller":"ssh/ssh.go:191","msg":"failed to start remote listener on port: 31159 ssh: tcpip-forward request denied by peer"}
{"level":"error","time":"2024-12-14T12:02:04.089+0530","caller":"ssh/ssh.go:191","msg":"failed to start remote listener on port: 21272 ssh: tcpip-forward request denied by peer"}
{"level":"warn","time":"2024-12-14T12:02:04.089+0530","caller":"ssh/ssh.go:200","msg":"Retrying"}
{"level":"warn","time":"2024-12-14T12:02:04.089+0530","caller":"ssh/ssh.go:200","msg":"Retrying"}
{"level":"error","time":"2024-12-14T12:02:08.340+0530","caller":"core/lifecycle.go:285","msg":"There was an error while starting tunnel: ERR::LUNCH::TUNN : Launch tunnel failed Post \"https://ts-dc.lambdatest.com/v1.0/setup-tunnel\": read tcp 192.168.217.53:52280->23.106.54.77:443: wsarecv: A connection attempt failed because the connected party did not properly respond after a period of time, or established connection failed because connected host has failed to respond. "}
{"level":"error","time":"2024-12-14T12:02:12.127+0530","caller":"ssh/ssh.go:191","msg":"failed to start remote listener on port: 30398 ssh: tcpip-forward request denied by peer"}
{"level":"warn","time":"2024-12-14T12:02:12.127+0530","caller":"ssh/ssh.go:200","msg":"Retrying"}
{"level":"error","time":"2024-12-14T12:02:13.666+0530","caller":"ssh/ssh.go:191","msg":"failed to start remote listener on port: 28948 ssh: tcpip-forward request denied by peer"}
{"level":"warn","time":"2024-12-14T12:02:13.666+0530","caller":"ssh/ssh.go:200","msg":"Retrying"}
{"level":"error","time":"2024-12-14T12:02:13.708+0530","caller":"ssh/ssh.go:191","msg":"failed to start remote listener on port: 19085 ssh: tcpip-forward request denied by peer"}
{"level":"warn","time":"2024-12-14T12:02:13.708+0530","caller":"ssh/ssh.go:200","msg":"Retrying"}
{"level":"error","time":"2024-12-14T12:02:13.738+0530","caller":"ssh/ssh.go:191","msg":"failed to start remote listener on port: 31159 ssh: tcpip-forward request denied by peer"}
{"level":"warn","time":"2024-12-14T12:02:13.738+0530","caller":"ssh/ssh.go:200","msg":"Retrying"}
{"level":"error","time":"2024-12-14T12:02:13.741+0530","caller":"ssh/ssh.go:191","msg":"failed to start remote listener on port: 21272 ssh: tcpip-forward request denied by peer"}
{"level":"warn","time":"2024-12-14T12:02:13.741+0530","caller":"ssh/ssh.go:200","msg":"Retrying"}
{"level":"error","time":"2024-12-14T12:02:14.303+0530","caller":"ssh/ssh.go:191","msg":"failed to start remote listener on port: 30398 ssh: tcpip-forward request denied by peer"}
{"level":"warn","time":"2024-12-14T12:02:14.303+0530","caller":"ssh/ssh.go:200","msg":"Retrying"}
{"level":"error","time":"2024-12-14T12:02:14.411+0530","caller":"ssh/ssh.go:191","msg":"failed to start remote listener on port: 27334 ssh: tcpip-forward request denied by peer"}
{"level":"warn","time":"2024-12-14T12:02:14.411+0530","caller":"ssh/ssh.go:200","msg":"Retrying"}
{"level":"error","time":"2024-12-14T12:02:15.065+0530","caller":"ssh/ssh.go:191","msg":"failed to start remote listener on port: 5901 ssh: tcpip-forward request denied by peer"}
{"level":"warn","time":"2024-12-14T12:02:15.065+0530","caller":"ssh/ssh.go:200","msg":"Retrying"}
{"level":"error","time":"2024-12-14T12:02:15.341+0530","caller":"ssh/ssh.go:191","msg":"failed to start remote listener on port: 2028 ssh: tcpip-forward request denied by peer"}
{"level":"warn","time":"2024-12-14T12:02:15.341+0530","caller":"ssh/ssh.go:200","msg":"Retrying"}
{"level":"error","time":"2024-12-14T12:02:15.357+0530","caller":"ssh/ssh.go:191","msg":"failed to start remote listener on port: 28892 ssh: tcpip-forward request denied by peer"}
{"level":"warn","time":"2024-12-14T12:02:15.357+0530","caller":"ssh/ssh.go:200","msg":"Retrying"}
{"level":"error","time":"2024-12-14T12:02:15.457+0530","caller":"ssh/ssh.go:191","msg":"failed to start remote listener on port: 7369 ssh: tcpip-forward request denied by peer"}
{"level":"warn","time":"2024-12-14T12:02:15.457+0530","caller":"ssh/ssh.go:200","msg":"Retrying"}
{"level":"error","time":"2024-12-14T12:02:15.467+0530","caller":"ssh/ssh.go:191","msg":"failed to start remote listener on port: 23144 ssh: tcpip-forward request denied by peer"}
{"level":"warn","time":"2024-12-14T12:02:15.467+0530","caller":"ssh/ssh.go:200","msg":"Retrying"}
{"level":"error","time":"2024-12-14T12:02:15.825+0530","caller":"ssh/ssh.go:191","msg":"failed to start remote listener on port: 28948 ssh: tcpip-forward request denied by peer"}
{"level":"warn","time":"2024-12-14T12:02:15.825+0530","caller":"ssh/ssh.go:200","msg":"Retrying"}
{"level":"error","time":"2024-12-14T12:02:15.931+0530","caller":"ssh/ssh.go:191","msg":"failed to start remote listener on port: 19085 ssh: tcpip-forward request denied by peer"}
{"level":"warn","time":"2024-12-14T12:02:15.931+0530","caller":"ssh/ssh.go:200","msg":"Retrying"}
{"level":"error","time":"2024-12-14T12:02:16.449+0530","caller":"ssh/ssh.go:191","msg":"failed to start remote listener on port: 6752 ssh: tcpip-forward request denied by peer"}
{"level":"warn","time":"2024-12-14T12:02:16.449+0530","caller":"ssh/ssh.go:200","msg":"Retrying"}
{"level":"error","time":"2024-12-14T12:02:16.483+0530","caller":"ssh/ssh.go:191","msg":"failed to start remote listener on port: 15373 ssh: tcpip-forward request denied by peer"}
{"level":"warn","time":"2024-12-14T12:02:16.483+0530","caller":"ssh/ssh.go:200","msg":"Retrying"}
{"level":"error","time":"2024-12-14T12:02:16.721+0530","caller":"ssh/ssh.go:191","msg":"failed to start remote listener on port: 27334 ssh: tcpip-forward request denied by peer"}
{"level":"warn","time":"2024-12-14T12:02:16.721+0530","caller":"ssh/ssh.go:200","msg":"Retrying"}
{"level":"error","time":"2024-12-14T12:02:16.905+0530","caller":"ssh/ssh.go:191","msg":"failed to start remote listener on port: 21272 ssh: tcpip-forward request denied by peer"}
{"level":"error","time":"2024-12-14T12:02:16.905+0530","caller":"ssh/ssh.go:191","msg":"failed to start remote listener on port: 31159 ssh: tcpip-forward request denied by peer"}
{"level":"error","time":"2024-12-14T12:02:17.290+0530","caller":"ssh/ssh.go:191","msg":"failed to start remote listener on port: 5901 ssh: tcpip-forward request denied by peer"}
{"level":"warn","time":"2024-12-14T12:02:17.290+0530","caller":"ssh/ssh.go:200","msg":"Retrying"}
{"level":"error","time":"2024-12-14T12:02:17.543+0530","caller":"ssh/ssh.go:191","msg":"failed to start remote listener on port: 2028 ssh: tcpip-forward request denied by peer"}
{"level":"warn","time":"2024-12-14T12:02:17.543+0530","caller":"ssh/ssh.go:200","msg":"Retrying"}
{"level":"error","time":"2024-12-14T12:02:17.561+0530","caller":"ssh/ssh.go:191","msg":"failed to start remote listener on port: 30398 ssh: tcpip-forward request denied by peer"}
{"level":"error","time":"2024-12-14T12:02:17.593+0530","caller":"ssh/ssh.go:191","msg":"failed to start remote listener on port: 23144 ssh: tcpip-forward request denied by peer"}
{"level":"warn","time":"2024-12-14T12:02:17.593+0530","caller":"ssh/ssh.go:200","msg":"Retrying"}
{"level":"error","time":"2024-12-14T12:02:17.613+0530","caller":"ssh/ssh.go:191","msg":"failed to start remote listener on port: 28892 ssh: tcpip-forward request denied by peer"}
{"level":"warn","time":"2024-12-14T12:02:17.613+0530","caller":"ssh/ssh.go:200","msg":"Retrying"}
{"level":"error","time":"2024-12-14T12:02:17.644+0530","caller":"ssh/ssh.go:191","msg":"failed to start remote listener on port: 7369 ssh: tcpip-forward request denied by peer"}
{"level":"warn","time":"2024-12-14T12:02:17.644+0530","caller":"ssh/ssh.go:200","msg":"Retrying"}
{"level":"error","time":"2024-12-14T12:02:17.949+0530","caller":"ssh/ssh.go:191","msg":"failed to start remote listener on port: 21799 ssh: tcpip-forward request denied by peer"}
{"level":"warn","time":"2024-12-14T12:02:17.949+0530","caller":"ssh/ssh.go:200","msg":"Retrying"}
{"level":"error","time":"2024-12-14T12:02:18.612+0530","caller":"ssh/ssh.go:191","msg":"failed to start remote listener on port: 6752 ssh: tcpip-forward request denied by peer"}
{"level":"warn","time":"2024-12-14T12:02:18.612+0530","caller":"ssh/ssh.go:200","msg":"Retrying"}
{"level":"error","time":"2024-12-14T12:02:18.635+0530","caller":"ssh/ssh.go:191","msg":"failed to start remote listener on port: 8168 ssh: tcpip-forward request denied by peer"}
{"level":"warn","time":"2024-12-14T12:02:18.635+0530","caller":"ssh/ssh.go:200","msg":"Retrying"}
{"level":"error","time":"2024-12-14T12:02:18.707+0530","caller":"ssh/ssh.go:191","msg":"failed to start remote listener on port: 15373 ssh: tcpip-forward request denied by peer"}
{"level":"warn","time":"2024-12-14T12:02:18.707+0530","caller":"ssh/ssh.go:200","msg":"Retrying"}
{"level":"error","time":"2024-12-14T12:02:18.890+0530","caller":"ssh/ssh.go:191","msg":"failed to start remote listener on port: 1337 ssh: tcpip-forward request denied by peer"}
{"level":"warn","time":"2024-12-14T12:02:18.890+0530","caller":"ssh/ssh.go:200","msg":"Retrying"}
{"level":"error","time":"2024-12-14T12:02:18.891+0530","caller":"ssh/ssh.go:191","msg":"failed to start remote listener on port: 22462 ssh: tcpip-forward request denied by peer"}
{"level":"warn","time":"2024-12-14T12:02:18.891+0530","caller":"ssh/ssh.go:200","msg":"Retrying"}
{"level":"error","time":"2024-12-14T12:02:18.900+0530","caller":"ssh/ssh.go:191","msg":"failed to start remote listener on port: 3617 ssh: tcpip-forward request denied by peer"}
{"level":"warn","time":"2024-12-14T12:02:18.900+0530","caller":"ssh/ssh.go:200","msg":"Retrying"}
{"level":"error","time":"2024-12-14T12:02:18.903+0530","caller":"ssh/ssh.go:191","msg":"failed to start remote listener on port: 28715 ssh: tcpip-forward request denied by peer"}
{"level":"error","time":"2024-12-14T12:02:18.903+0530","caller":"ssh/ssh.go:191","msg":"failed to start remote listener on port: 6499 ssh: tcpip-forward request denied by peer"}
{"level":"error","time":"2024-12-14T12:02:18.903+0530","caller":"ssh/ssh.go:191","msg":"failed to start remote listener on port: 6343 ssh: tcpip-forward request denied by peer"}
{"level":"warn","time":"2024-12-14T12:02:18.903+0530","caller":"ssh/ssh.go:200","msg":"Retrying"}
{"level":"warn","time":"2024-12-14T12:02:18.903+0530","caller":"ssh/ssh.go:200","msg":"Retrying"}
{"level":"warn","time":"2024-12-14T12:02:18.903+0530","caller":"ssh/ssh.go:200","msg":"Retrying"}
{"level":"error","time":"2024-12-14T12:02:18.911+0530","caller":"ssh/ssh.go:191","msg":"failed to start remote listener on port: 2879 ssh: tcpip-forward request denied by peer"}
{"level":"error","time":"2024-12-14T12:02:18.911+0530","caller":"ssh/ssh.go:191","msg":"failed to start remote listener on port: 29588 ssh: tcpip-forward request denied by peer"}
{"level":"error","time":"2024-12-14T12:02:18.911+0530","caller":"ssh/ssh.go:191","msg":"failed to start remote listener on port: 5500 ssh: tcpip-forward request denied by peer"}
{"level":"error","time":"2024-12-14T12:02:18.911+0530","caller":"ssh/ssh.go:191","msg":"failed to start remote listener on port: 15228 ssh: tcpip-forward request denied by peer"}
{"level":"warn","time":"2024-12-14T12:02:18.911+0530","caller":"ssh/ssh.go:200","msg":"Retrying"}
{"level":"warn","time":"2024-12-14T12:02:18.911+0530","caller":"ssh/ssh.go:200","msg":"Retrying"}
{"level":"warn","time":"2024-12-14T12:02:18.911+0530","caller":"ssh/ssh.go:200","msg":"Retrying"}
{"level":"warn","time":"2024-12-14T12:02:18.911+0530","caller":"ssh/ssh.go:200","msg":"Retrying"}
{"level":"error","time":"2024-12-14T12:02:19.007+0530","caller":"ssh/ssh.go:191","msg":"failed to start remote listener on port: 28948 ssh: tcpip-forward request denied by peer"}
{"level":"error","time":"2024-12-14T12:02:19.162+0530","caller":"ssh/ssh.go:191","msg":"failed to start remote listener on port: 11132 ssh: tcpip-forward request denied by peer"}
{"level":"warn","time":"2024-12-14T12:02:19.163+0530","caller":"ssh/ssh.go:200","msg":"Retrying"}
{"level":"error","time":"2024-12-14T12:02:19.201+0530","caller":"ssh/ssh.go:191","msg":"failed to start remote listener on port: 2109 ssh: tcpip-forward request denied by peer"}
{"level":"error","time":"2024-12-14T12:02:19.201+0530","caller":"ssh/ssh.go:191","msg":"failed to start remote listener on port: 19085 ssh: tcpip-forward request denied by peer"}
{"level":"warn","time":"2024-12-14T12:02:19.202+0530","caller":"ssh/ssh.go:200","msg":"Retrying"}
{"level":"error","time":"2024-12-14T12:02:19.300+0530","caller":"ssh/ssh.go:191","msg":"failed to start remote listener on port: 8441 ssh: tcpip-forward request denied by peer"}
{"level":"warn","time":"2024-12-14T12:02:19.300+0530","caller":"ssh/ssh.go:200","msg":"Retrying"}
{"level":"error","time":"2024-12-14T12:02:19.304+0530","caller":"ssh/ssh.go:191","msg":"failed to start remote listener on port: 10533 ssh: tcpip-forward request denied by peer"}
{"level":"warn","time":"2024-12-14T12:02:19.304+0530","caller":"ssh/ssh.go:200","msg":"Retrying"}
{"level":"error","time":"2024-12-14T12:02:19.336+0530","caller":"ssh/ssh.go:191","msg":"failed to start remote listener on port: 23441 ssh: tcpip-forward request denied by peer"}
{"level":"warn","time":"2024-12-14T12:02:19.336+0530","caller":"ssh/ssh.go:200","msg":"Retrying"}
{"level":"error","time":"2024-12-14T12:02:19.405+0530","caller":"ssh/ssh.go:191","msg":"failed to start remote listener on port: 18164 ssh: tcpip-forward request denied by peer"}
{"level":"error","time":"2024-12-14T12:02:19.405+0530","caller":"ssh/ssh.go:191","msg":"failed to start remote listener on port: 22438 ssh: tcpip-forward request denied by peer"}
{"level":"warn","time":"2024-12-14T12:02:19.405+0530","caller":"ssh/ssh.go:200","msg":"Retrying"}
{"level":"warn","time":"2024-12-14T12:02:19.405+0530","caller":"ssh/ssh.go:200","msg":"Retrying"}
{"level":"error","time":"2024-12-14T12:02:19.508+0530","caller":"ssh/ssh.go:191","msg":"failed to start remote listener on port: 17398 ssh: tcpip-forward request denied by peer"}
{"level":"warn","time":"2024-12-14T12:02:19.508+0530","caller":"ssh/ssh.go:200","msg":"Retrying"}
{"level":"error","time":"2024-12-14T12:02:19.535+0530","caller":"ssh/ssh.go:191","msg":"failed to start remote listener on port: 6492 ssh: tcpip-forward request denied by peer"}
{"level":"warn","time":"2024-12-14T12:02:19.535+0530","caller":"ssh/ssh.go:200","msg":"Retrying"}
{"level":"error","time":"2024-12-14T12:02:19.541+0530","caller":"ssh/ssh.go:191","msg":"failed to start remote listener on port: 7898 ssh: tcpip-forward request denied by peer"}
{"level":"warn","time":"2024-12-14T12:02:19.541+0530","caller":"ssh/ssh.go:200","msg":"Retrying"}
{"level":"error","time":"2024-12-14T12:02:19.636+0530","caller":"ssh/ssh.go:191","msg":"failed to start remote listener on port: 22985 ssh: tcpip-forward request denied by peer"}
{"level":"warn","time":"2024-12-14T12:02:19.636+0530","caller":"ssh/ssh.go:200","msg":"Retrying"}
{"level":"error","time":"2024-12-14T12:02:19.694+0530","caller":"ws/control.go:79","msg":"Control connection break error"}
{"level":"warn","time":"2024-12-14T12:02:19.694+0530","caller":"ws/control.go:80","msg":"Retrying"}
{"level":"error","time":"2024-12-14T12:02:19.694+0530","caller":"ssh/ssh.go:191","msg":"failed to start remote listener on port: 10865 ssh: tcpip-forward request denied by peer"}
{"level":"error","time":"2024-12-14T12:02:19.694+0530","caller":"ws/control.go:81","msg":"ERR::WS::CTRL::CONN::DWN : Control websocket connection closed websocket: close 1006 (abnormal closure): unexpected EOF "}
{"level":"warn","time":"2024-12-14T12:02:19.694+0530","caller":"ssh/ssh.go:200","msg":"Retrying"}
{"level":"error","time":"2024-12-14T12:02:19.701+0530","caller":"ssh/ssh.go:191","msg":"failed to start remote listener on port: 15975 ssh: tcpip-forward request denied by peer"}
{"level":"warn","time":"2024-12-14T12:02:19.701+0530","caller":"ssh/ssh.go:200","msg":"Retrying"}
{"level":"error","time":"2024-12-14T12:02:19.844+0530","caller":"ssh/ssh.go:191","msg":"failed to start remote listener on port: 13898 ssh: tcpip-forward request denied by peer"}
{"level":"warn","time":"2024-12-14T12:02:19.844+0530","caller":"ssh/ssh.go:200","msg":"Retrying"}
{"level":"error","time":"2024-12-14T12:02:19.844+0530","caller":"ssh/ssh.go:191","msg":"failed to start remote listener on port: 17748 ssh: tcpip-forward request denied by peer"}
{"level":"warn","time":"2024-12-14T12:02:19.844+0530","caller":"ssh/ssh.go:200","msg":"Retrying"}
{"level":"error","time":"2024-12-14T12:02:19.847+0530","caller":"ssh/ssh.go:191","msg":"failed to start remote listener on port: 13236 ssh: tcpip-forward request denied by peer"}
{"level":"warn","time":"2024-12-14T12:02:19.847+0530","caller":"ssh/ssh.go:200","msg":"Retrying"}
{"level":"error","time":"2024-12-14T12:02:19.849+0530","caller":"ssh/ssh.go:191","msg":"failed to start remote listener on port: 17174 ssh: tcpip-forward request denied by peer"}
{"level":"warn","time":"2024-12-14T12:02:19.849+0530","caller":"ssh/ssh.go:200","msg":"Retrying"}
{"level":"error","time":"2024-12-14T12:02:19.868+0530","caller":"ssh/ssh.go:191","msg":"failed to start remote listener on port: 23981 ssh: tcpip-forward request denied by peer"}
{"level":"warn","time":"2024-12-14T12:02:19.868+0530","caller":"ssh/ssh.go:200","msg":"Retrying"}
{"level":"error","time":"2024-12-14T12:02:19.883+0530","caller":"ssh/ssh.go:191","msg":"failed to start remote listener on port: 10208 ssh: tcpip-forward request denied by peer"}
{"level":"warn","time":"2024-12-14T12:02:19.883+0530","caller":"ssh/ssh.go:200","msg":"Retrying"}
{"level":"error","time":"2024-12-14T12:02:19.885+0530","caller":"ssh/ssh.go:191","msg":"failed to start remote listener on port: 12416 ssh: tcpip-forward request denied by peer"}
{"level":"warn","time":"2024-12-14T12:02:19.885+0530","caller":"ssh/ssh.go:200","msg":"Retrying"}
{"level":"error","time":"2024-12-14T12:02:19.905+0530","caller":"ssh/ssh.go:191","msg":"failed to start remote listener on port: 23200 ssh: tcpip-forward request denied by peer"}
{"level":"warn","time":"2024-12-14T12:02:19.905+0530","caller":"ssh/ssh.go:200","msg":"Retrying"}
{"level":"error","time":"2024-12-14T12:02:19.906+0530","caller":"ssh/ssh.go:191","msg":"failed to start remote listener on port: 4327 ssh: tcpip-forward request denied by peer"}
{"level":"warn","time":"2024-12-14T12:02:19.906+0530","caller":"ssh/ssh.go:200","msg":"Retrying"}
{"level":"error","time":"2024-12-14T12:02:19.931+0530","caller":"ssh/ssh.go:191","msg":"failed to start remote listener on port: 12800 ssh: tcpip-forward request denied by peer"}
{"level":"warn","time":"2024-12-14T12:02:19.931+0530","caller":"ssh/ssh.go:200","msg":"Retrying"}
{"level":"error","time":"2024-12-14T12:02:19.931+0530","caller":"ssh/ssh.go:191","msg":"failed to start remote listener on port: 17066 ssh: tcpip-forward request denied by peer"}
{"level":"error","time":"2024-12-14T12:02:19.931+0530","caller":"ssh/ssh.go:191","msg":"failed to start remote listener on port: 29488 ssh: tcpip-forward request denied by peer"}
{"level":"warn","time":"2024-12-14T12:02:19.931+0530","caller":"ssh/ssh.go:200","msg":"Retrying"}
{"level":"error","time":"2024-12-14T12:02:19.931+0530","caller":"ssh/ssh.go:191","msg":"failed to start remote listener on port: 18769 ssh: tcpip-forward request denied by peer"}
{"level":"error","time":"2024-12-14T12:02:19.931+0530","caller":"ssh/ssh.go:191","msg":"failed to start remote listener on port: 7802 ssh: tcpip-forward request denied by peer"}
{"level":"warn","time":"2024-12-14T12:02:19.931+0530","caller":"ssh/ssh.go:200","msg":"Retrying"}
{"level":"warn","time":"2024-12-14T12:02:19.931+0530","caller":"ssh/ssh.go:200","msg":"Retrying"}
{"level":"warn","time":"2024-12-14T12:02:19.931+0530","caller":"ssh/ssh.go:200","msg":"Retrying"}
{"level":"error","time":"2024-12-14T12:02:19.979+0530","caller":"ssh/ssh.go:191","msg":"failed to start remote listener on port: 29985 ssh: tcpip-forward request denied by peer"}
{"level":"error","time":"2024-12-14T12:02:19.979+0530","caller":"ssh/ssh.go:191","msg":"failed to start remote listener on port: 31795 ssh: tcpip-forward request denied by peer"}
{"level":"warn","time":"2024-12-14T12:02:19.979+0530","caller":"ssh/ssh.go:200","msg":"Retrying"}
{"level":"error","time":"2024-12-14T12:02:19.979+0530","caller":"ssh/ssh.go:191","msg":"failed to start remote listener on port: 6856 ssh: tcpip-forward request denied by peer"}
{"level":"warn","time":"2024-12-14T12:02:19.979+0530","caller":"ssh/ssh.go:200","msg":"Retrying"}
{"level":"error","time":"2024-12-14T12:02:19.979+0530","caller":"ssh/ssh.go:191","msg":"failed to start remote listener on port: 2173 ssh: tcpip-forward request denied by peer"}
{"level":"warn","time":"2024-12-14T12:02:19.979+0530","caller":"ssh/ssh.go:200","msg":"Retrying"}
{"level":"error","time":"2024-12-14T12:02:19.979+0530","caller":"ssh/ssh.go:191","msg":"failed to start remote listener on port: 22017 ssh: tcpip-forward request denied by peer"}
{"level":"warn","time":"2024-12-14T12:02:19.979+0530","caller":"ssh/ssh.go:200","msg":"Retrying"}
{"level":"warn","time":"2024-12-14T12:02:19.980+0530","caller":"ssh/ssh.go:200","msg":"Retrying"}
{"level":"error","time":"2024-12-14T12:02:19.985+0530","caller":"ssh/ssh.go:191","msg":"failed to start remote listener on port: 25112 ssh: tcpip-forward request denied by peer"}
{"level":"warn","time":"2024-12-14T12:02:19.985+0530","caller":"ssh/ssh.go:200","msg":"Retrying"}
{"level":"error","time":"2024-12-14T12:02:19.991+0530","caller":"ssh/ssh.go:191","msg":"failed to start remote listener on port: 13780 ssh: tcpip-forward request denied by peer"}
{"level":"warn","time":"2024-12-14T12:02:19.991+0530","caller":"ssh/ssh.go:200","msg":"Retrying"}
{"level":"error","time":"2024-12-14T12:02:19.993+0530","caller":"ssh/ssh.go:191","msg":"failed to start remote listener on port: 13506 ssh: tcpip-forward request denied by peer"}
{"level":"warn","time":"2024-12-14T12:02:19.993+0530","caller":"ssh/ssh.go:200","msg":"Retrying"}
{"level":"error","time":"2024-12-14T12:02:19.996+0530","caller":"ssh/ssh.go:191","msg":"failed to start remote listener on port: 8094 ssh: tcpip-forward request denied by peer"}
{"level":"warn","time":"2024-12-14T12:02:19.996+0530","caller":"ssh/ssh.go:200","msg":"Retrying"}
{"level":"error","time":"2024-12-14T12:02:19.999+0530","caller":"ssh/ssh.go:191","msg":"failed to start remote listener on port: 3504 ssh: tcpip-forward request denied by peer"}
{"level":"warn","time":"2024-12-14T12:02:20.001+0530","caller":"ssh/ssh.go:200","msg":"Retrying"}
{"level":"error","time":"2024-12-14T12:02:20.033+0530","caller":"ssh/ssh.go:191","msg":"failed to start remote listener on port: 27334 ssh: tcpip-forward request denied by peer"}
{"level":"error","time":"2024-12-14T12:02:20.165+0530","caller":"ssh/ssh.go:191","msg":"failed to start remote listener on port: 21799 ssh: tcpip-forward request denied by peer"}
{"level":"warn","time":"2024-12-14T12:02:20.165+0530","caller":"ssh/ssh.go:200","msg":"Retrying"}
{"level":"error","time":"2024-12-14T12:02:20.283+0530","caller":"ssh/ssh.go:191","msg":"failed to start remote listener on port: 14562 ssh: tcpip-forward request denied by peer"}
{"level":"warn","time":"2024-12-14T12:02:20.283+0530","caller":"ssh/ssh.go:200","msg":"Retrying"}
{"level":"error","time":"2024-12-14T12:02:20.283+0530","caller":"ssh/ssh.go:191","msg":"failed to start remote listener on port: 6676 ssh: tcpip-forward request denied by peer"}
{"level":"warn","time":"2024-12-14T12:02:20.283+0530","caller":"ssh/ssh.go:200","msg":"Retrying"}
{"level":"error","time":"2024-12-14T12:02:20.596+0530","caller":"ssh/ssh.go:191","msg":"failed to start remote listener on port: 5901 ssh: tcpip-forward request denied by peer"}
{"level":"error","time":"2024-12-14T12:02:20.846+0530","caller":"ssh/ssh.go:191","msg":"failed to start remote listener on port: 2028 ssh: tcpip-forward request denied by peer"}
{"level":"error","time":"2024-12-14T12:02:20.846+0530","caller":"ssh/ssh.go:191","msg":"failed to start remote listener on port: 28892 ssh: tcpip-forward request denied by peer"}
{"level":"error","time":"2024-12-14T12:02:20.855+0530","caller":"ssh/ssh.go:191","msg":"failed to start remote listener on port: 7369 ssh: tcpip-forward request denied by peer"}
{"level":"error","time":"2024-12-14T12:02:20.972+0530","caller":"ssh/ssh.go:191","msg":"failed to start remote listener on port: 23144 ssh: tcpip-forward request denied by peer"}
{"level":"error","time":"2024-12-14T12:02:20.987+0530","caller":"ssh/ssh.go:191","msg":"failed to start remote listener on port: 8168 ssh: tcpip-forward request denied by peer"}
{"level":"warn","time":"2024-12-14T12:02:20.987+0530","caller":"ssh/ssh.go:200","msg":"Retrying"}
{"level":"error","time":"2024-12-14T12:02:21.143+0530","caller":"ssh/ssh.go:191","msg":"failed to start remote listener on port: 1337 ssh: tcpip-forward request denied by peer"}
{"level":"warn","time":"2024-12-14T12:02:21.143+0530","caller":"ssh/ssh.go:200","msg":"Retrying"}
{"level":"error","time":"2024-12-14T12:02:21.200+0530","caller":"ssh/ssh.go:191","msg":"failed to start remote listener on port: 28715 ssh: tcpip-forward request denied by peer"}
{"level":"warn","time":"2024-12-14T12:02:21.200+0530","caller":"ssh/ssh.go:200","msg":"Retrying"}
{"level":"error","time":"2024-12-14T12:02:21.249+0530","caller":"ssh/ssh.go:191","msg":"failed to start remote listener on port: 5500 ssh: tcpip-forward request denied by peer"}
{"level":"warn","time":"2024-12-14T12:02:21.249+0530","caller":"ssh/ssh.go:200","msg":"Retrying"}
{"level":"error","time":"2024-12-14T12:02:21.250+0530","caller":"ssh/ssh.go:191","msg":"failed to start remote listener on port: 22462 ssh: tcpip-forward request denied by peer"}
{"level":"error","time":"2024-12-14T12:02:21.250+0530","caller":"ssh/ssh.go:191","msg":"failed to start remote listener on port: 2879 ssh: tcpip-forward request denied by peer"}
{"level":"warn","time":"2024-12-14T12:02:21.250+0530","caller":"ssh/ssh.go:200","msg":"Retrying"}
{"level":"warn","time":"2024-12-14T12:02:21.250+0530","caller":"ssh/ssh.go:200","msg":"Retrying"}
{"level":"error","time":"2024-12-14T12:02:21.250+0530","caller":"ssh/ssh.go:191","msg":"failed to start remote listener on port: 15228 ssh: tcpip-forward request denied by peer"}
{"level":"error","time":"2024-12-14T12:02:21.250+0530","caller":"ssh/ssh.go:191","msg":"failed to start remote listener on port: 29588 ssh: tcpip-forward request denied by peer"}
{"level":"warn","time":"2024-12-14T12:02:21.250+0530","caller":"ssh/ssh.go:200","msg":"Retrying"}
{"level":"warn","time":"2024-12-14T12:02:21.250+0530","caller":"ssh/ssh.go:200","msg":"Retrying"}
{"level":"error","time":"2024-12-14T12:02:21.270+0530","caller":"ssh/ssh.go:191","msg":"failed to start remote listener on port: 6343 ssh: tcpip-forward request denied by peer"}
{"level":"warn","time":"2024-12-14T12:02:21.270+0530","caller":"ssh/ssh.go:200","msg":"Retrying"}
{"level":"error","time":"2024-12-14T12:02:21.270+0530","caller":"ssh/ssh.go:191","msg":"failed to start remote listener on port: 3617 ssh: tcpip-forward request denied by peer"}
{"level":"warn","time":"2024-12-14T12:02:21.271+0530","caller":"ssh/ssh.go:200","msg":"Retrying"}
{"level":"error","time":"2024-12-14T12:02:21.289+0530","caller":"ssh/ssh.go:191","msg":"failed to start remote listener on port: 6499 ssh: tcpip-forward request denied by peer"}
{"level":"warn","time":"2024-12-14T12:02:21.290+0530","caller":"ssh/ssh.go:200","msg":"Retrying"}
{"level":"error","time":"2024-12-14T12:02:21.355+0530","caller":"ssh/ssh.go:191","msg":"failed to start remote listener on port: 2109 ssh: tcpip-forward request denied by peer"}
{"level":"warn","time":"2024-12-14T12:02:21.355+0530","caller":"ssh/ssh.go:200","msg":"Retrying"}
{"level":"error","time":"2024-12-14T12:02:21.358+0530","caller":"ssh/ssh.go:191","msg":"failed to start remote listener on port: 11132 ssh: tcpip-forward request denied by peer"}
{"level":"warn","time":"2024-12-14T12:02:21.358+0530","caller":"ssh/ssh.go:200","msg":"Retrying"}
{"level":"error","time":"2024-12-14T12:02:21.518+0530","caller":"ssh/ssh.go:191","msg":"failed to start remote listener on port: 8441 ssh: tcpip-forward request denied by peer"}
{"level":"warn","time":"2024-12-14T12:02:21.519+0530","caller":"ssh/ssh.go:200","msg":"Retrying"}
{"level":"error","time":"2024-12-14T12:02:21.622+0530","caller":"ssh/ssh.go:191","msg":"failed to start remote listener on port: 10533 ssh: tcpip-forward request denied by peer"}
{"level":"warn","time":"2024-12-14T12:02:21.622+0530","caller":"ssh/ssh.go:200","msg":"Retrying"}
{"level":"error","time":"2024-12-14T12:02:21.622+0530","caller":"ssh/ssh.go:191","msg":"failed to start remote listener on port: 18164 ssh: tcpip-forward request denied by peer"}
{"level":"warn","time":"2024-12-14T12:02:21.624+0530","caller":"ssh/ssh.go:200","msg":"Retrying"}
{"level":"error","time":"2024-12-14T12:02:21.672+0530","caller":"ssh/ssh.go:191","msg":"failed to start remote listener on port: 23441 ssh: tcpip-forward request denied by peer"}
{"level":"warn","time":"2024-12-14T12:02:21.672+0530","caller":"ssh/ssh.go:200","msg":"Retrying"}
{"level":"error","time":"2024-12-14T12:02:21.675+0530","caller":"ssh/ssh.go:191","msg":"failed to start remote listener on port: 22438 ssh: tcpip-forward request denied by peer"}
{"level":"warn","time":"2024-12-14T12:02:21.675+0530","caller":"ssh/ssh.go:200","msg":"Retrying"}
{"level":"error","time":"2024-12-14T12:02:21.806+0530","caller":"ssh/ssh.go:191","msg":"failed to start remote listener on port: 6492 ssh: tcpip-forward request denied by peer"}
{"level":"warn","time":"2024-12-14T12:02:21.806+0530","caller":"ssh/ssh.go:200","msg":"Retrying"}
{"level":"error","time":"2024-12-14T12:02:21.819+0530","caller":"ssh/ssh.go:191","msg":"failed to start remote listener on port: 7898 ssh: tcpip-forward request denied by peer"}
{"level":"warn","time":"2024-12-14T12:02:21.819+0530","caller":"ssh/ssh.go:200","msg":"Retrying"}
{"level":"error","time":"2024-12-14T12:02:21.854+0530","caller":"ssh/ssh.go:191","msg":"failed to start remote listener on port: 6752 ssh: tcpip-forward request denied by peer"}
{"level":"error","time":"2024-12-14T12:02:21.892+0530","caller":"ssh/ssh.go:191","msg":"failed to start remote listener on port: 15373 ssh: tcpip-forward request denied by peer"}
{"level":"error","time":"2024-12-14T12:02:21.919+0530","caller":"ssh/ssh.go:191","msg":"failed to start remote listener on port: 10865 ssh: tcpip-forward request denied by peer"}
{"level":"warn","time":"2024-12-14T12:02:21.919+0530","caller":"ssh/ssh.go:200","msg":"Retrying"}
{"level":"error","time":"2024-12-14T12:02:21.928+0530","caller":"ssh/ssh.go:191","msg":"failed to start remote listener on port: 22985 ssh: tcpip-forward request denied by peer"}
{"level":"warn","time":"2024-12-14T12:02:21.928+0530","caller":"ssh/ssh.go:200","msg":"Retrying"}
{"level":"error","time":"2024-12-14T12:02:21.935+0530","caller":"ssh/ssh.go:191","msg":"failed to start remote listener on port: 17398 ssh: tcpip-forward request denied by peer"}
{"level":"warn","time":"2024-12-14T12:02:21.935+0530","caller":"ssh/ssh.go:200","msg":"Retrying"}
{"level":"error","time":"2024-12-14T12:02:22.010+0530","caller":"ssh/ssh.go:191","msg":"failed to start remote listener on port: 15975 ssh: tcpip-forward request denied by peer"}
{"level":"warn","time":"2024-12-14T12:02:22.010+0530","caller":"ssh/ssh.go:200","msg":"Retrying"}
{"level":"error","time":"2024-12-14T12:02:22.015+0530","caller":"ssh/ssh.go:191","msg":"failed to start remote listener on port: 17748 ssh: tcpip-forward request denied by peer"}
{"level":"warn","time":"2024-12-14T12:02:22.015+0530","caller":"ssh/ssh.go:200","msg":"Retrying"}
{"level":"error","time":"2024-12-14T12:02:22.131+0530","caller":"ssh/ssh.go:191","msg":"failed to start remote listener on port: 17174 ssh: tcpip-forward request denied by peer"}
{"level":"warn","time":"2024-12-14T12:02:22.131+0530","caller":"ssh/ssh.go:200","msg":"Retrying"}
{"level":"error","time":"2024-12-14T12:02:22.131+0530","caller":"ssh/ssh.go:191","msg":"failed to start remote listener on port: 10208 ssh: tcpip-forward request denied by peer"}
{"level":"warn","time":"2024-12-14T12:02:22.131+0530","caller":"ssh/ssh.go:200","msg":"Retrying"}
{"level":"error","time":"2024-12-14T12:02:22.184+0530","caller":"ssh/ssh.go:191","msg":"failed to start remote listener on port: 12800 ssh: tcpip-forward request denied by peer"}
{"level":"warn","time":"2024-12-14T12:02:22.184+0530","caller":"ssh/ssh.go:200","msg":"Retrying"}
{"level":"error","time":"2024-12-14T12:02:22.218+0530","caller":"ssh/ssh.go:191","msg":"failed to start remote listener on port: 7802 ssh: tcpip-forward request denied by peer"}
{"level":"warn","time":"2024-12-14T12:02:22.218+0530","caller":"ssh/ssh.go:200","msg":"Retrying"}
{"level":"error","time":"2024-12-14T12:02:22.225+0530","caller":"ssh/ssh.go:191","msg":"failed to start remote listener on port: 23200 ssh: tcpip-forward request denied by peer"}
{"level":"warn","time":"2024-12-14T12:02:22.225+0530","caller":"ssh/ssh.go:200","msg":"Retrying"}
{"level":"error","time":"2024-12-14T12:02:22.230+0530","caller":"ssh/ssh.go:191","msg":"failed to start remote listener on port: 13898 ssh: tcpip-forward request denied by peer"}
{"level":"warn","time":"2024-12-14T12:02:22.230+0530","caller":"ssh/ssh.go:200","msg":"Retrying"}
{"level":"error","time":"2024-12-14T12:02:22.274+0530","caller":"ssh/ssh.go:191","msg":"failed to start remote listener on port: 17066 ssh: tcpip-forward request denied by peer"}
{"level":"warn","time":"2024-12-14T12:02:22.274+0530","caller":"ssh/ssh.go:200","msg":"Retrying"}
{"level":"error","time":"2024-12-14T12:02:22.276+0530","caller":"ssh/ssh.go:191","msg":"failed to start remote listener on port: 31795 ssh: tcpip-forward request denied by peer"}
{"level":"warn","time":"2024-12-14T12:02:22.276+0530","caller":"ssh/ssh.go:200","msg":"Retrying"}
{"level":"error","time":"2024-12-14T12:02:22.289+0530","caller":"ssh/ssh.go:191","msg":"failed to start remote listener on port: 12416 ssh: tcpip-forward request denied by peer"}
{"level":"warn","time":"2024-12-14T12:02:22.289+0530","caller":"ssh/ssh.go:200","msg":"Retrying"}
{"level":"error","time":"2024-12-14T12:02:22.289+0530","caller":"ssh/ssh.go:191","msg":"failed to start remote listener on port: 13236 ssh: tcpip-forward request denied by peer"}
{"level":"warn","time":"2024-12-14T12:02:22.289+0530","caller":"ssh/ssh.go:200","msg":"Retrying"}
{"level":"error","time":"2024-12-14T12:02:22.307+0530","caller":"ssh/ssh.go:191","msg":"failed to start remote listener on port: 22017 ssh: tcpip-forward request denied by peer"}
{"level":"warn","time":"2024-12-14T12:02:22.307+0530","caller":"ssh/ssh.go:200","msg":"Retrying"}
{"level":"error","time":"2024-12-14T12:02:22.311+0530","caller":"ssh/ssh.go:191","msg":"failed to start remote listener on port: 23981 ssh: tcpip-forward request denied by peer"}
{"level":"warn","time":"2024-12-14T12:02:22.311+0530","caller":"ssh/ssh.go:200","msg":"Retrying"}
{"level":"error","time":"2024-12-14T12:02:22.329+0530","caller":"ssh/ssh.go:191","msg":"failed to start remote listener on port: 18769 ssh: tcpip-forward request denied by peer"}
{"level":"warn","time":"2024-12-14T12:02:22.329+0530","caller":"ssh/ssh.go:200","msg":"Retrying"}
{"level":"error","time":"2024-12-14T12:02:22.371+0530","caller":"ssh/ssh.go:191","msg":"failed to start remote listener on port: 13780 ssh: tcpip-forward request denied by peer"}
{"level":"warn","time":"2024-12-14T12:02:22.371+0530","caller":"ssh/ssh.go:200","msg":"Retrying"}
{"level":"error","time":"2024-12-14T12:02:22.373+0530","caller":"ssh/ssh.go:191","msg":"failed to start remote listener on port: 13506 ssh: tcpip-forward request denied by peer"}
{"level":"warn","time":"2024-12-14T12:02:22.373+0530","caller":"ssh/ssh.go:200","msg":"Retrying"}
{"level":"error","time":"2024-12-14T12:02:22.373+0530","caller":"ssh/ssh.go:191","msg":"failed to start remote listener on port: 29985 ssh: tcpip-forward request denied by peer"}
{"level":"warn","time":"2024-12-14T12:02:22.374+0530","caller":"ssh/ssh.go:200","msg":"Retrying"}
{"level":"error","time":"2024-12-14T12:02:22.376+0530","caller":"ssh/ssh.go:191","msg":"failed to start remote listener on port: 29488 ssh: tcpip-forward request denied by peer"}
{"level":"warn","time":"2024-12-14T12:02:22.376+0530","caller":"ssh/ssh.go:200","msg":"Retrying"}
{"level":"error","time":"2024-12-14T12:02:22.396+0530","caller":"ssh/ssh.go:191","msg":"failed to start remote listener on port: 3504 ssh: tcpip-forward request denied by peer"}
{"level":"warn","time":"2024-12-14T12:02:22.396+0530","caller":"ssh/ssh.go:200","msg":"Retrying"}
{"level":"error","time":"2024-12-14T12:02:22.398+0530","caller":"ssh/ssh.go:191","msg":"failed to start remote listener on port: 2173 ssh: tcpip-forward request denied by peer"}
{"level":"warn","time":"2024-12-14T12:02:22.398+0530","caller":"ssh/ssh.go:200","msg":"Retrying"}
{"level":"error","time":"2024-12-14T12:02:22.401+0530","caller":"ssh/ssh.go:191","msg":"failed to start remote listener on port: 6856 ssh: tcpip-forward request denied by peer"}
{"level":"warn","time":"2024-12-14T12:02:22.401+0530","caller":"ssh/ssh.go:200","msg":"Retrying"}
{"level":"error","time":"2024-12-14T12:02:22.401+0530","caller":"ssh/ssh.go:191","msg":"failed to start remote listener on port: 8094 ssh: tcpip-forward request denied by peer"}
{"level":"error","time":"2024-12-14T12:02:22.401+0530","caller":"ssh/ssh.go:191","msg":"failed to start remote listener on port: 25112 ssh: tcpip-forward request denied by peer"}
{"level":"warn","time":"2024-12-14T12:02:22.401+0530","caller":"ssh/ssh.go:200","msg":"Retrying"}
{"level":"warn","time":"2024-12-14T12:02:22.401+0530","caller":"ssh/ssh.go:200","msg":"Retrying"}
{"level":"error","time":"2024-12-14T12:02:22.473+0530","caller":"ssh/ssh.go:191","msg":"failed to start remote listener on port: 6676 ssh: tcpip-forward request denied by peer"}
{"level":"warn","time":"2024-12-14T12:02:22.473+0530","caller":"ssh/ssh.go:200","msg":"Retrying"}
{"level":"error","time":"2024-12-14T12:02:22.544+0530","caller":"ssh/ssh.go:191","msg":"failed to start remote listener on port: 14562 ssh: tcpip-forward request denied by peer"}
{"level":"warn","time":"2024-12-14T12:02:22.544+0530","caller":"ssh/ssh.go:200","msg":"Retrying"}
{"level":"error","time":"2024-12-14T12:02:23.118+0530","caller":"ssh/ssh.go:191","msg":"failed to start remote listener on port: 4327 ssh: tcpip-forward request denied by peer"}
{"level":"warn","time":"2024-12-14T12:02:23.118+0530","caller":"ssh/ssh.go:200","msg":"Retrying"}
{"level":"error","time":"2024-12-14T12:02:23.387+0530","caller":"ssh/ssh.go:191","msg":"failed to start remote listener on port: 21799 ssh: tcpip-forward request denied by peer"}
{"level":"error","time":"2024-12-14T12:02:24.126+0530","caller":"ssh/ssh.go:191","msg":"failed to start remote listener on port: 8168 ssh: tcpip-forward request denied by peer"}
{"level":"error","time":"2024-12-14T12:02:24.263+0530","caller":"ssh/ssh.go:191","msg":"failed to start remote listener on port: 1337 ssh: tcpip-forward request denied by peer"}
{"level":"error","time":"2024-12-14T12:02:24.508+0530","caller":"ssh/ssh.go:191","msg":"failed to start remote listener on port: 6499 ssh: tcpip-forward request denied by peer"}
{"level":"error","time":"2024-12-14T12:02:24.544+0530","caller":"ssh/ssh.go:191","msg":"failed to start remote listener on port: 2109 ssh: tcpip-forward request denied by peer"}
{"level":"error","time":"2024-12-14T12:02:24.548+0530","caller":"ssh/ssh.go:191","msg":"failed to start remote listener on port: 15228 ssh: tcpip-forward request denied by peer"}
{"level":"error","time":"2024-12-14T12:02:24.551+0530","caller":"ssh/ssh.go:191","msg":"failed to start remote listener on port: 29588 ssh: tcpip-forward request denied by peer"}
{"level":"error","time":"2024-12-14T12:02:24.551+0530","caller":"ssh/ssh.go:191","msg":"failed to start remote listener on port: 28715 ssh: tcpip-forward request denied by peer"}
{"level":"error","time":"2024-12-14T12:02:24.551+0530","caller":"ssh/ssh.go:191","msg":"failed to start remote listener on port: 6343 ssh: tcpip-forward request denied by peer"}
{"level":"error","time":"2024-12-14T12:02:24.551+0530","caller":"ssh/ssh.go:191","msg":"failed to start remote listener on port: 5500 ssh: tcpip-forward request denied by peer"}
{"level":"error","time":"2024-12-14T12:02:24.552+0530","caller":"core/lifecycle.go:413","msg":"Err occurred: ERR::ALL::SSH::FAIL : All SSH connections failed "}
{"level":"error","time":"2024-12-14T12:02:24.552+0530","caller":"core/lifecycle.go:414","msg":"Aborting"}
{"level":"error","time":"2024-12-14T12:02:24.572+0530","caller":"ssh/ssh.go:191","msg":"failed to start remote listener on port: 22462 ssh: tcpip-forward request denied by peer"}
{"level":"error","time":"2024-12-14T12:02:24.572+0530","caller":"core/lifecycle.go:413","msg":"Err occurred: ERR::ALL::SSH::FAIL : All SSH connections failed "}
{"level":"error","time":"2024-12-14T12:02:24.572+0530","caller":"core/lifecycle.go:414","msg":"Aborting"}
{"level":"error","time":"2024-12-14T12:02:24.647+0530","caller":"ssh/ssh.go:191","msg":"failed to start remote listener on port: 11132 ssh: tcpip-forward request denied by peer"}
{"level":"error","time":"2024-12-14T12:02:24.654+0530","caller":"ssh/ssh.go:191","msg":"failed to start remote listener on port: 3617 ssh: tcpip-forward request denied by peer"}
{"level":"error","time":"2024-12-14T12:02:24.693+0530","caller":"ssh/ssh.go:191","msg":"failed to start remote listener on port: 2879 ssh: tcpip-forward request denied by peer"}
{"level":"error","time":"2024-12-14T12:02:24.732+0530","caller":"ssh/ssh.go:191","msg":"failed to start remote listener on port: 8441 ssh: tcpip-forward request denied by peer"}
{"level":"error","time":"2024-12-14T12:02:24.759+0530","caller":"ssh/ssh.go:191","msg":"failed to start remote listener on port: 10533 ssh: tcpip-forward request denied by peer"}
{"level":"error","time":"2024-12-14T12:02:24.981+0530","caller":"ssh/ssh.go:191","msg":"failed to start remote listener on port: 22438 ssh: tcpip-forward request denied by peer"}
{"level":"error","time":"2024-12-14T12:02:24.981+0530","caller":"ssh/ssh.go:191","msg":"failed to start remote listener on port: 23441 ssh: tcpip-forward request denied by peer"}
{"level":"error","time":"2024-12-14T12:02:24.991+0530","caller":"ssh/ssh.go:191","msg":"failed to start remote listener on port: 7898 ssh: tcpip-forward request denied by peer"}
{"level":"error","time":"2024-12-14T12:02:24.999+0530","caller":"ssh/ssh.go:191","msg":"failed to start remote listener on port: 18164 ssh: tcpip-forward request denied by peer"}
{"level":"error","time":"2024-12-14T12:02:24.999+0530","caller":"core/lifecycle.go:413","msg":"Err occurred: ERR::ALL::SSH::FAIL : All SSH connections failed "}
{"level":"error","time":"2024-12-14T12:02:24.999+0530","caller":"core/lifecycle.go:414","msg":"Aborting"}
{"level":"error","time":"2024-12-14T12:02:25.089+0530","caller":"ssh/ssh.go:191","msg":"failed to start remote listener on port: 10865 ssh: tcpip-forward request denied by peer"}
{"level":"error","time":"2024-12-14T12:02:25.092+0530","caller":"ssh/ssh.go:191","msg":"failed to start remote listener on port: 17398 ssh: tcpip-forward request denied by peer"}
{"level":"error","time":"2024-12-14T12:02:25.158+0530","caller":"ssh/ssh.go:191","msg":"failed to start remote listener on port: 6492 ssh: tcpip-forward request denied by peer"}
{"level":"error","time":"2024-12-14T12:02:25.175+0530","caller":"ssh/ssh.go:191","msg":"failed to start remote listener on port: 22985 ssh: tcpip-forward request denied by peer"}
{"level":"error","time":"2024-12-14T12:02:25.230+0530","caller":"ssh/ssh.go:191","msg":"failed to start remote listener on port: 17748 ssh: tcpip-forward request denied by peer"}
{"level":"error","time":"2024-12-14T12:02:25.321+0530","caller":"ssh/ssh.go:191","msg":"failed to start remote listener on port: 10208 ssh: tcpip-forward request denied by peer"}
{"level":"error","time":"2024-12-14T12:02:25.330+0530","caller":"ssh/ssh.go:191","msg":"failed to start remote listener on port: 17174 ssh: tcpip-forward request denied by peer"}
{"level":"error","time":"2024-12-14T12:02:25.330+0530","caller":"ssh/ssh.go:191","msg":"failed to start remote listener on port: 15975 ssh: tcpip-forward request denied by peer"}
{"level":"error","time":"2024-12-14T12:02:25.406+0530","caller":"ssh/ssh.go:191","msg":"failed to start remote listener on port: 7802 ssh: tcpip-forward request denied by peer"}
{"level":"error","time":"2024-12-14T12:02:25.459+0530","caller":"ssh/ssh.go:191","msg":"failed to start remote listener on port: 13898 ssh: tcpip-forward request denied by peer"}
{"level":"error","time":"2024-12-14T12:02:25.461+0530","caller":"ssh/ssh.go:191","msg":"failed to start remote listener on port: 17066 ssh: tcpip-forward request denied by peer"}
{"level":"error","time":"2024-12-14T12:02:25.461+0530","caller":"core/lifecycle.go:413","msg":"Err occurred: ERR::ALL::SSH::FAIL : All SSH connections failed "}
{"level":"error","time":"2024-12-14T12:02:25.461+0530","caller":"core/lifecycle.go:414","msg":"Aborting"}
{"level":"error","time":"2024-12-14T12:02:25.520+0530","caller":"ssh/ssh.go:191","msg":"failed to start remote listener on port: 18769 ssh: tcpip-forward request denied by peer"}
{"level":"error","time":"2024-12-14T12:02:25.522+0530","caller":"ssh/ssh.go:191","msg":"failed to start remote listener on port: 22017 ssh: tcpip-forward request denied by peer"}
{"level":"error","time":"2024-12-14T12:02:25.522+0530","caller":"core/lifecycle.go:413","msg":"Err occurred: ERR::ALL::SSH::FAIL : All SSH connections failed "}
{"level":"error","time":"2024-12-14T12:02:25.522+0530","caller":"core/lifecycle.go:414","msg":"Aborting"}
{"level":"error","time":"2024-12-14T12:02:25.526+0530","caller":"ssh/ssh.go:191","msg":"failed to start remote listener on port: 12800 ssh: tcpip-forward request denied by peer"}
{"level":"error","time":"2024-12-14T12:02:25.570+0530","caller":"ssh/ssh.go:191","msg":"failed to start remote listener on port: 13780 ssh: tcpip-forward request denied by peer"}
{"level":"error","time":"2024-12-14T12:02:25.574+0530","caller":"ssh/ssh.go:191","msg":"failed to start remote listener on port: 23200 ssh: tcpip-forward request denied by peer"}
{"level":"error","time":"2024-12-14T12:02:25.602+0530","caller":"ssh/ssh.go:191","msg":"failed to start remote listener on port: 12416 ssh: tcpip-forward request denied by peer"}
{"level":"error","time":"2024-12-14T12:02:25.602+0530","caller":"core/lifecycle.go:413","msg":"Err occurred: ERR::ALL::SSH::FAIL : All SSH connections failed "}
{"level":"error","time":"2024-12-14T12:02:25.602+0530","caller":"core/lifecycle.go:414","msg":"Aborting"}
{"level":"error","time":"2024-12-14T12:02:25.604+0530","caller":"ssh/ssh.go:191","msg":"failed to start remote listener on port: 13236 ssh: tcpip-forward request denied by peer"}
{"level":"error","time":"2024-12-14T12:02:25.637+0530","caller":"ssh/ssh.go:191","msg":"failed to start remote listener on port: 3504 ssh: tcpip-forward request denied by peer"}
{"level":"error","time":"2024-12-14T12:02:25.641+0530","caller":"ssh/ssh.go:191","msg":"failed to start remote listener on port: 29488 ssh: tcpip-forward request denied by peer"}
{"level":"error","time":"2024-12-14T12:02:25.647+0530","caller":"ssh/ssh.go:191","msg":"failed to start remote listener on port: 8094 ssh: tcpip-forward request denied by peer"}
{"level":"error","time":"2024-12-14T12:02:25.647+0530","caller":"ssh/ssh.go:191","msg":"failed to start remote listener on port: 31795 ssh: tcpip-forward request denied by peer"}
{"level":"error","time":"2024-12-14T12:02:25.682+0530","caller":"ssh/ssh.go:191","msg":"failed to start remote listener on port: 25112 ssh: tcpip-forward request denied by peer"}
{"level":"error","time":"2024-12-14T12:02:25.682+0530","caller":"ssh/ssh.go:191","msg":"failed to start remote listener on port: 6856 ssh: tcpip-forward request denied by peer"}
{"level":"error","time":"2024-12-14T12:02:25.682+0530","caller":"core/lifecycle.go:413","msg":"Err occurred: ERR::ALL::SSH::FAIL : All SSH connections failed "}
{"level":"error","time":"2024-12-14T12:02:25.683+0530","caller":"core/lifecycle.go:414","msg":"Aborting"}
{"level":"error","time":"2024-12-14T12:02:25.721+0530","caller":"ssh/ssh.go:191","msg":"failed to start remote listener on port: 2173 ssh: tcpip-forward request denied by peer"}
{"level":"error","time":"2024-12-14T12:02:25.726+0530","caller":"ssh/ssh.go:191","msg":"failed to start remote listener on port: 13506 ssh: tcpip-forward request denied by peer"}
{"level":"error","time":"2024-12-14T12:02:25.729+0530","caller":"ssh/ssh.go:191","msg":"failed to start remote listener on port: 14562 ssh: tcpip-forward request denied by peer"}
{"level":"error","time":"2024-12-14T12:02:25.729+0530","caller":"ssh/ssh.go:191","msg":"failed to start remote listener on port: 23981 ssh: tcpip-forward request denied by peer"}
{"level":"error","time":"2024-12-14T12:02:25.730+0530","caller":"core/lifecycle.go:413","msg":"Err occurred: ERR::ALL::SSH::FAIL : All SSH connections failed "}
{"level":"error","time":"2024-12-14T12:02:25.730+0530","caller":"core/lifecycle.go:414","msg":"Aborting"}
{"level":"error","time":"2024-12-14T12:02:25.767+0530","caller":"ssh/ssh.go:191","msg":"failed to start remote listener on port: 29985 ssh: tcpip-forward request denied by peer"}
{"level":"error","time":"2024-12-14T12:02:25.767+0530","caller":"ssh/ssh.go:191","msg":"failed to start remote listener on port: 6676 ssh: tcpip-forward request denied by peer"}
{"level":"info","time":"2024-12-14T12:02:26.028+0530","caller":"core/lifecycle.go:435","msg":"Tunnel stopped successfully"}
{"level":"info","time":"2024-12-14T12:02:26.028+0530","caller":"cmd/lt.go:238","msg":"Tunnel aborted, starting new tunnel."}
{"level":"error","time":"2024-12-14T12:02:26.278+0530","caller":"ssh/ssh.go:191","msg":"failed to start remote listener on port: 4327 ssh: tcpip-forward request denied by peer"}
{"level":"error","time":"2024-12-14T12:02:26.278+0530","caller":"core/lifecycle.go:413","msg":"Err occurred: ERR::ALL::SSH::FAIL : All SSH connections failed "}
{"level":"error","time":"2024-12-14T12:02:26.278+0530","caller":"core/lifecycle.go:414","msg":"Aborting"}
{"level":"info","time":"2024-12-14T12:02:26.968+0530","caller":"core/lifecycle.go:435","msg":"Tunnel stopped successfully"}
{"level":"info","time":"2024-12-14T12:02:26.968+0530","caller":"cmd/lt.go:238","msg":"Tunnel aborted, starting new tunnel."}
{"level":"info","time":"2024-12-14T12:02:27.044+0530","caller":"core/lifecycle.go:435","msg":"Tunnel stopped successfully"}
{"level":"info","time":"2024-12-14T12:02:27.044+0530","caller":"cmd/lt.go:238","msg":"Tunnel aborted, starting new tunnel."}
{"level":"info","time":"2024-12-14T12:02:27.510+0530","caller":"core/lifecycle.go:435","msg":"Tunnel stopped successfully"}
{"level":"info","time":"2024-12-14T12:02:27.510+0530","caller":"cmd/lt.go:238","msg":"Tunnel aborted, starting new tunnel."}
{"level":"info","time":"2024-12-14T12:02:27.982+0530","caller":"core/lifecycle.go:435","msg":"Tunnel stopped successfully"}
{"level":"info","time":"2024-12-14T12:02:27.982+0530","caller":"cmd/lt.go:238","msg":"Tunnel aborted, starting new tunnel."}
{"level":"info","time":"2024-12-14T12:02:28.068+0530","caller":"core/lifecycle.go:435","msg":"Tunnel stopped successfully"}
{"level":"info","time":"2024-12-14T12:02:28.068+0530","caller":"cmd/lt.go:238","msg":"Tunnel aborted, starting new tunnel."}
{"level":"info","time":"2024-12-14T12:02:28.145+0530","caller":"core/lifecycle.go:435","msg":"Tunnel stopped successfully"}
{"level":"info","time":"2024-12-14T12:02:28.145+0530","caller":"cmd/lt.go:238","msg":"Tunnel aborted, starting new tunnel."}
{"level":"info","time":"2024-12-14T12:02:28.161+0530","caller":"core/lifecycle.go:435","msg":"Tunnel stopped successfully"}
{"level":"info","time":"2024-12-14T12:02:28.161+0530","caller":"cmd/lt.go:238","msg":"Tunnel aborted, starting new tunnel."}
{"level":"info","time":"2024-12-14T12:02:28.657+0530","caller":"core/lifecycle.go:435","msg":"Tunnel stopped successfully"}
{"level":"info","time":"2024-12-14T12:02:28.657+0530","caller":"cmd/lt.go:238","msg":"Tunnel aborted, starting new tunnel."}
{"level":"info","time":"2024-12-14T12:02:39.297+0530","caller":"core/lifecycle.go:282","msg":"Launching tunnel"}
{"level":"info","time":"2024-12-14T12:02:39.297+0530","caller":"custom/setup.go:861","msg":"Tunnel binary started on port :9090","tunnelID":"3437918"}
{"level":"info","time":"2024-12-14T12:02:41.618+0530","caller":"core/lifecycle.go:282","msg":"Launching tunnel"}
{"level":"info","time":"2024-12-14T12:02:41.619+0530","caller":"custom/setup.go:861","msg":"Tunnel binary started on port :51994","tunnelID":"3438040"}
{"level":"info","time":"2024-12-14T12:02:41.719+0530","caller":"core/lifecycle.go:282","msg":"Launching tunnel"}
{"level":"info","time":"2024-12-14T12:02:41.720+0530","caller":"custom/setup.go:861","msg":"Tunnel binary started on port :51982","tunnelID":"3438043"}
{"level":"error","time":"2024-12-14T12:02:43.544+0530","caller":"callback/setup.go:96","msg":"ERR::API::WEB::HOK : Unable to call webhook url :  \nPost \"http://127.0.0.1:51392\": dial tcp 127.0.0.1:51392: connectex: No connection could be made because the target machine actively refused it. "}
{"level":"info","time":"2024-12-14T12:02:44.578+0530","caller":"core/lifecycle.go:282","msg":"Launching tunnel"}
{"level":"info","time":"2024-12-14T12:02:44.578+0530","caller":"custom/setup.go:861","msg":"Tunnel binary started on port :51482","tunnelID":"3437926"}
{"level":"info","time":"2024-12-14T12:02:44.697+0530","caller":"core/lifecycle.go:282","msg":"Launching tunnel"}
{"level":"info","time":"2024-12-14T12:02:44.698+0530","caller":"custom/setup.go:861","msg":"Tunnel binary started on port :51972","tunnelID":"3438041"}
{"level":"info","time":"2024-12-14T12:02:55.939+0530","caller":"core/lifecycle.go:282","msg":"Launching tunnel"}
{"level":"info","time":"2024-12-14T12:02:55.940+0530","caller":"custom/setup.go:861","msg":"Tunnel binary started on port :51493","tunnelID":"3437927"}
{"level":"info","time":"2024-12-14T12:02:56.502+0530","caller":"core/lifecycle.go:282","msg":"Launching tunnel"}
{"level":"info","time":"2024-12-14T12:02:56.503+0530","caller":"custom/setup.go:861","msg":"Tunnel binary started on port :51592","tunnelID":"3437941"}
{"level":"info","time":"2024-12-14T12:02:57.100+0530","caller":"core/lifecycle.go:282","msg":"Launching tunnel"}
{"level":"info","time":"2024-12-14T12:02:57.101+0530","caller":"custom/setup.go:861","msg":"Tunnel binary started on port :51988","tunnelID":"3438042"}
{"level":"error","time":"2024-12-14T12:02:59.184+0530","caller":"callback/setup.go:96","msg":"ERR::API::WEB::HOK : Unable to call webhook url :  \nPost \"http://127.0.0.1:51478\": dial tcp 127.0.0.1:51478: connectex: No connection could be made because the target machine actively refused it. "}
{"level":"info","time":"2024-12-14T12:02:59.221+0530","caller":"core/lifecycle.go:404","msg":"You can start testing now"}
{"level":"info","time":"2024-12-14T12:02:59.221+0530","caller":"core/lifecycle.go:405","msg":"Tunnel ID: 3438068"}
{"level":"error","time":"2024-12-14T12:03:00.153+0530","caller":"callback/setup.go:96","msg":"ERR::API::WEB::HOK : Unable to call webhook url :  \nPost \"http://127.0.0.1:51585\": dial tcp 127.0.0.1:51585: connectex: No connection could be made because the target machine actively refused it. "}
{"level":"error","time":"2024-12-14T12:03:00.352+0530","caller":"callback/setup.go:96","msg":"ERR::API::WEB::HOK : Unable to call webhook url :  \nPost \"http://127.0.0.1:51956\": dial tcp 127.0.0.1:51956: connectex: No connection could be made because the target machine actively refused it. "}
{"level":"error","time":"2024-12-14T12:03:01.312+0530","caller":"callback/setup.go:96","msg":"ERR::API::WEB::HOK : Unable to call webhook url :  \nPost \"http://127.0.0.1:51954\": dial tcp 127.0.0.1:51954: connectex: No connection could be made because the target machine actively refused it. "}
{"level":"info","time":"2024-12-14T12:03:01.788+0530","caller":"core/lifecycle.go:282","msg":"Launching tunnel"}
{"level":"info","time":"2024-12-14T12:03:01.788+0530","caller":"custom/setup.go:861","msg":"Tunnel binary started on port :52066","tunnelID":"3438046"}
{"level":"error","time":"2024-12-14T12:03:06.016+0530","caller":"callback/setup.go:96","msg":"ERR::API::WEB::HOK : Unable to call webhook url :  \nPost \"http://127.0.0.1:51958\": dial tcp 127.0.0.1:51958: connectex: No connection could be made because the target machine actively refused it. "}
{"level":"info","time":"2024-12-14T12:03:06.224+0530","caller":"core/lifecycle.go:404","msg":"You can start testing now"}
{"level":"info","time":"2024-12-14T12:03:06.224+0530","caller":"core/lifecycle.go:405","msg":"Tunnel ID: 3438072"}
{"level":"info","time":"2024-12-14T12:03:06.462+0530","caller":"core/lifecycle.go:404","msg":"You can start testing now"}
{"level":"info","time":"2024-12-14T12:03:06.462+0530","caller":"core/lifecycle.go:405","msg":"Tunnel ID: 3438070"}
{"level":"info","time":"2024-12-14T12:03:06.558+0530","caller":"core/lifecycle.go:404","msg":"You can start testing now"}
{"level":"info","time":"2024-12-14T12:03:06.558+0530","caller":"core/lifecycle.go:405","msg":"Tunnel ID: 3438071"}
{"level":"info","time":"2024-12-14T12:03:07.179+0530","caller":"core/lifecycle.go:404","msg":"You can start testing now"}
{"level":"info","time":"2024-12-14T12:03:07.179+0530","caller":"core/lifecycle.go:405","msg":"Tunnel ID: 3438074"}
{"level":"error","time":"2024-12-14T12:03:07.338+0530","caller":"callback/setup.go:96","msg":"ERR::API::WEB::HOK : Unable to call webhook url :  \nPost \"http://127.0.0.1:52056\": dial tcp 127.0.0.1:52056: connectex: No connection could be made because the target machine actively refused it. "}
{"level":"info","time":"2024-12-14T12:03:07.637+0530","caller":"core/lifecycle.go:404","msg":"You can start testing now"}
{"level":"info","time":"2024-12-14T12:03:07.637+0530","caller":"core/lifecycle.go:405","msg":"Tunnel ID: 3438073"}
{"level":"info","time":"2024-12-14T12:03:08.509+0530","caller":"core/lifecycle.go:404","msg":"You can start testing now"}
{"level":"info","time":"2024-12-14T12:03:08.509+0530","caller":"core/lifecycle.go:405","msg":"Tunnel ID: 3438075"}
{"level":"error","time":"2024-12-14T12:03:11.112+0530","caller":"callback/setup.go:96","msg":"ERR::API::WEB::HOK : Unable to call webhook url :  \nPost \"http://127.0.0.1:51475\": dial tcp 127.0.0.1:51475: connectex: No connection could be made because the target machine actively refused it. "}
{"level":"info","time":"2024-12-14T12:03:12.305+0530","caller":"core/lifecycle.go:404","msg":"You can start testing now"}
{"level":"info","time":"2024-12-14T12:03:12.305+0530","caller":"core/lifecycle.go:405","msg":"Tunnel ID: 3438076"}
{"level":"error","time":"2024-12-14T12:03:20.464+0530","caller":"callback/setup.go:96","msg":"ERR::API::WEB::HOK : Unable to call webhook url :  \nPost \"http://127.0.0.1:51960\": dial tcp 127.0.0.1:51960: connectex: No connection could be made because the target machine actively refused it. "}
{"level":"info","time":"2024-12-14T12:03:21.741+0530","caller":"core/lifecycle.go:404","msg":"You can start testing now"}
{"level":"info","time":"2024-12-14T12:03:21.741+0530","caller":"core/lifecycle.go:405","msg":"Tunnel ID: 3438069"}
{"level":"error","time":"2024-12-14T13:32:38.662+0530","caller":"ws/control.go:79","msg":"Control connection break error"}
{"level":"error","time":"2024-12-14T13:32:38.662+0530","caller":"ws/control.go:79","msg":"Control connection break error"}
{"level":"error","time":"2024-12-14T13:32:38.662+0530","caller":"ws/control.go:79","msg":"Control connection break error"}
{"level":"error","time":"2024-12-14T13:32:38.662+0530","caller":"ws/control.go:79","msg":"Control connection break error"}
{"level":"error","time":"2024-12-14T13:32:38.663+0530","caller":"ws/control.go:79","msg":"Control connection break error"}
{"level":"error","time":"2024-12-14T13:32:38.663+0530","caller":"ws/control.go:79","msg":"Control connection break error"}
{"level":"error","time":"2024-12-14T13:32:38.662+0530","caller":"ws/control.go:79","msg":"Control connection break error"}
{"level":"error","time":"2024-12-14T13:32:38.662+0530","caller":"ws/control.go:79","msg":"Control connection break error"}
{"level":"warn","time":"2024-12-14T13:32:38.665+0530","caller":"ws/control.go:80","msg":"Retrying"}
{"level":"warn","time":"2024-12-14T13:32:38.665+0530","caller":"ws/control.go:80","msg":"Retrying"}
{"level":"warn","time":"2024-12-14T13:32:38.665+0530","caller":"ws/control.go:80","msg":"Retrying"}
{"level":"warn","time":"2024-12-14T13:32:38.665+0530","caller":"ws/control.go:80","msg":"Retrying"}
{"level":"warn","time":"2024-12-14T13:32:38.665+0530","caller":"ws/control.go:80","msg":"Retrying"}
{"level":"warn","time":"2024-12-14T13:32:38.665+0530","caller":"ws/control.go:80","msg":"Retrying"}
{"level":"error","time":"2024-12-14T13:32:38.662+0530","caller":"ws/control.go:79","msg":"Control connection break error"}
{"level":"warn","time":"2024-12-14T13:32:38.665+0530","caller":"ws/control.go:80","msg":"Retrying"}
{"level":"warn","time":"2024-12-14T13:32:38.665+0530","caller":"ws/control.go:80","msg":"Retrying"}
{"level":"error","time":"2024-12-14T13:32:38.665+0530","caller":"ws/control.go:81","msg":"ERR::WS::CTRL::CONN::DWN : Control websocket connection closed read tcp 192.168.217.53:51430->23.106.54.77:443: wsarecv: A connection attempt failed because the connected party did not properly respond after a period of time, or established connection failed because connected host has failed to respond. "}
{"level":"error","time":"2024-12-14T13:32:38.665+0530","caller":"ws/control.go:81","msg":"ERR::WS::CTRL::CONN::DWN : Control websocket connection closed read tcp 192.168.217.53:52320->23.106.54.77:443: wsarecv: A connection attempt failed because the connected party did not properly respond after a period of time, or established connection failed because connected host has failed to respond. "}
{"level":"error","time":"2024-12-14T13:32:38.665+0530","caller":"ws/control.go:81","msg":"ERR::WS::CTRL::CONN::DWN : Control websocket connection closed read tcp 192.168.217.53:52574->23.106.54.77:443: wsarecv: A connection attempt failed because the connected party did not properly respond after a period of time, or established connection failed because connected host has failed to respond. "}
{"level":"error","time":"2024-12-14T13:32:38.665+0530","caller":"ws/control.go:81","msg":"ERR::WS::CTRL::CONN::DWN : Control websocket connection closed read tcp 192.168.217.53:52353->23.106.54.77:443: wsarecv: A connection attempt failed because the connected party did not properly respond after a period of time, or established connection failed because connected host has failed to respond. "}
{"level":"error","time":"2024-12-14T13:32:38.665+0530","caller":"ws/control.go:81","msg":"ERR::WS::CTRL::CONN::DWN : Control websocket connection closed read tcp 192.168.217.53:52380->23.106.54.77:443: wsarecv: A connection attempt failed because the connected party did not properly respond after a period of time, or established connection failed because connected host has failed to respond. "}
{"level":"error","time":"2024-12-14T13:32:38.662+0530","caller":"ws/control.go:79","msg":"Control connection break error"}
{"level":"error","time":"2024-12-14T13:32:38.665+0530","caller":"ws/control.go:81","msg":"ERR::WS::CTRL::CONN::DWN : Control websocket connection closed read tcp 192.168.217.53:52352->23.106.54.77:443: wsarecv: A connection attempt failed because the connected party did not properly respond after a period of time, or established connection failed because connected host has failed to respond. "}
{"level":"warn","time":"2024-12-14T13:32:38.665+0530","caller":"ws/control.go:80","msg":"Retrying"}
{"level":"error","time":"2024-12-14T13:32:38.666+0530","caller":"ws/control.go:81","msg":"ERR::WS::CTRL::CONN::DWN : Control websocket connection closed read tcp 192.168.217.53:52354->23.106.54.77:443: wsarecv: A connection attempt failed because the connected party did not properly respond after a period of time, or established connection failed because connected host has failed to respond. "}
{"level":"error","time":"2024-12-14T13:32:38.666+0530","caller":"ws/control.go:81","msg":"ERR::WS::CTRL::CONN::DWN : Control websocket connection closed read tcp 192.168.217.53:52636->23.106.54.77:443: wsarecv: A connection attempt failed because the connected party did not properly respond after a period of time, or established connection failed because connected host has failed to respond. "}
{"level":"error","time":"2024-12-14T13:32:38.666+0530","caller":"ws/control.go:81","msg":"ERR::WS::CTRL::CONN::DWN : Control websocket connection closed read tcp 192.168.217.53:52319->23.106.54.77:443: wsarecv: A connection attempt failed because the connected party did not properly respond after a period of time, or established connection failed because connected host has failed to respond. "}
{"level":"warn","time":"2024-12-14T13:32:38.666+0530","caller":"ws/control.go:80","msg":"Retrying"}
{"level":"error","time":"2024-12-14T13:32:38.666+0530","caller":"ws/control.go:81","msg":"ERR::WS::CTRL::CONN::DWN : Control websocket connection closed read tcp 192.168.217.53:52601->23.106.54.77:443: wsarecv: A connection attempt failed because the connected party did not properly respond after a period of time, or established connection failed because connected host has failed to respond. "}
{"level":"error","time":"2024-12-14T13:32:38.722+0530","caller":"ws/control.go:79","msg":"Control connection break error"}
{"level":"warn","time":"2024-12-14T13:32:38.723+0530","caller":"ws/control.go:80","msg":"Retrying"}
{"level":"error","time":"2024-12-14T13:32:38.723+0530","caller":"ws/control.go:81","msg":"ERR::WS::CTRL::CONN::DWN : Control websocket connection closed read tcp 192.168.217.53:51618->23.106.54.77:443: wsarecv: A connection attempt failed because the connected party did not properly respond after a period of time, or established connection failed because connected host has failed to respond. "}
{"level":"error","time":"2024-12-14T13:32:49.759+0530","caller":"ws/control.go:67","msg":"ERR::WS::Conn : Unable to establish control websocket connection dial tcp: lookup ts-dc.lambdatest.com: no such host "}
{"level":"error","time":"2024-12-14T13:32:49.759+0530","caller":"ws/control.go:67","msg":"ERR::WS::Conn : Unable to establish control websocket connection dial tcp: lookup ts-dc.lambdatest.com: no such host "}
{"level":"error","time":"2024-12-14T13:32:49.759+0530","caller":"ssh/ssh.go:183","msg":"Error while creating ssh connection, over port 22 dial tcp: lookup ts-dc.lambdatest.com: no such host"}
{"level":"error","time":"2024-12-14T13:32:49.759+0530","caller":"ssh/ssh.go:183","msg":"Error while creating ssh connection, over port 22 dial tcp: lookup ts-dc.lambdatest.com: no such host"}
{"level":"error","time":"2024-12-14T13:32:49.759+0530","caller":"ws/control.go:67","msg":"ERR::WS::Conn : Unable to establish control websocket connection dial tcp: lookup ts-dc.lambdatest.com: no such host "}
{"level":"error","time":"2024-12-14T13:32:49.759+0530","caller":"ws/control.go:67","msg":"ERR::WS::Conn : Unable to establish control websocket connection dial tcp: lookup ts-dc.lambdatest.com: no such host "}
{"level":"error","time":"2024-12-14T13:32:49.759+0530","caller":"ssh/ssh.go:183","msg":"Error while creating ssh connection, over port 22 dial tcp: lookup ts-dc.lambdatest.com: no such host"}
{"level":"error","time":"2024-12-14T13:32:49.759+0530","caller":"ws/control.go:67","msg":"ERR::WS::Conn : Unable to establish control websocket connection dial tcp: lookup ts-dc.lambdatest.com: no such host "}
{"level":"warn","time":"2024-12-14T13:32:49.760+0530","caller":"ws/control.go:68","msg":"Retrying"}
{"level":"warn","time":"2024-12-14T13:32:49.760+0530","caller":"ws/control.go:68","msg":"Retrying"}
{"level":"error","time":"2024-12-14T13:32:49.760+0530","caller":"ssh/ssh.go:183","msg":"Error while creating ssh connection, over port 22 dial tcp: lookup ts-dc.lambdatest.com: no such host"}
{"level":"error","time":"2024-12-14T13:32:49.759+0530","caller":"ws/control.go:67","msg":"ERR::WS::Conn : Unable to establish control websocket connection dial tcp: lookup ts-dc.lambdatest.com: no such host "}
{"level":"warn","time":"2024-12-14T13:32:49.760+0530","caller":"ws/control.go:68","msg":"Retrying"}
{"level":"error","time":"2024-12-14T13:32:49.759+0530","caller":"ws/control.go:67","msg":"ERR::WS::Conn : Unable to establish control websocket connection dial tcp: lookup ts-dc.lambdatest.com: no such host "}
{"level":"error","time":"2024-12-14T13:32:49.759+0530","caller":"ws/control.go:67","msg":"ERR::WS::Conn : Unable to establish control websocket connection dial tcp: lookup ts-dc.lambdatest.com: no such host "}
{"level":"warn","time":"2024-12-14T13:32:49.760+0530","caller":"ws/control.go:68","msg":"Retrying"}
{"level":"warn","time":"2024-12-14T13:32:49.760+0530","caller":"ws/control.go:68","msg":"Retrying"}
{"level":"error","time":"2024-12-14T13:32:49.759+0530","caller":"ws/control.go:67","msg":"ERR::WS::Conn : Unable to establish control websocket connection dial tcp: lookup ts-dc.lambdatest.com: no such host "}
{"level":"warn","time":"2024-12-14T13:32:49.760+0530","caller":"ws/control.go:68","msg":"Retrying"}
{"level":"warn","time":"2024-12-14T13:32:49.760+0530","caller":"ws/control.go:68","msg":"Retrying"}
{"level":"error","time":"2024-12-14T13:32:49.759+0530","caller":"ssh/ssh.go:183","msg":"Error while creating ssh connection, over port 22 dial tcp: lookup ts-dc.lambdatest.com: no such host"}
{"level":"warn","time":"2024-12-14T13:32:49.760+0530","caller":"ws/control.go:68","msg":"Retrying"}
{"level":"error","time":"2024-12-14T13:32:49.759+0530","caller":"ssh/ssh.go:183","msg":"Error while creating ssh connection, over port 22 dial tcp: lookup ts-dc.lambdatest.com: no such host"}
{"level":"error","time":"2024-12-14T13:32:49.759+0530","caller":"ssh/ssh.go:183","msg":"Error while creating ssh connection, over port 22 dial tcp: lookup ts-dc.lambdatest.com: no such host"}
{"level":"error","time":"2024-12-14T13:32:49.759+0530","caller":"ssh/ssh.go:183","msg":"Error while creating ssh connection, over port 22 dial tcp: lookup ts-dc.lambdatest.com: no such host"}
{"level":"error","time":"2024-12-14T13:32:49.759+0530","caller":"ssh/ssh.go:183","msg":"Error while creating ssh connection, over port 22 dial tcp: lookup ts-dc.lambdatest.com: no such host"}
{"level":"error","time":"2024-12-14T13:32:49.759+0530","caller":"ssh/ssh.go:183","msg":"Error while creating ssh connection, over port 22 dial tcp: lookup ts-dc.lambdatest.com: no such host"}
{"level":"error","time":"2024-12-14T13:32:49.759+0530","caller":"ws/control.go:67","msg":"ERR::WS::Conn : Unable to establish control websocket connection dial tcp: lookup ts-dc.lambdatest.com: no such host "}
{"level":"warn","time":"2024-12-14T13:32:49.760+0530","caller":"ws/control.go:68","msg":"Retrying"}
{"level":"warn","time":"2024-12-14T13:32:49.760+0530","caller":"ws/control.go:68","msg":"Retrying"}
{"level":"error","time":"2024-12-14T13:32:49.759+0530","caller":"ws/control.go:67","msg":"ERR::WS::Conn : Unable to establish control websocket connection dial tcp: lookup ts-dc.lambdatest.com: no such host "}
{"level":"warn","time":"2024-12-14T13:32:49.760+0530","caller":"ws/control.go:68","msg":"Retrying"}
{"level":"error","time":"2024-12-14T13:32:49.759+0530","caller":"ssh/ssh.go:183","msg":"Error while creating ssh connection, over port 22 dial tcp: lookup ts-dc.lambdatest.com: no such host"}
{"level":"error","time":"2024-12-14T13:33:00.811+0530","caller":"ws/control.go:67","msg":"ERR::WS::Conn : Unable to establish control websocket connection dial tcp: lookup ts-dc.lambdatest.com: no such host "}
{"level":"error","time":"2024-12-14T13:33:00.811+0530","caller":"ws/control.go:67","msg":"ERR::WS::Conn : Unable to establish control websocket connection dial tcp: lookup ts-dc.lambdatest.com: no such host "}
{"level":"error","time":"2024-12-14T13:33:00.811+0530","caller":"ws/control.go:67","msg":"ERR::WS::Conn : Unable to establish control websocket connection dial tcp: lookup ts-dc.lambdatest.com: no such host "}
{"level":"warn","time":"2024-12-14T13:33:00.811+0530","caller":"ws/control.go:68","msg":"Retrying"}
{"level":"warn","time":"2024-12-14T13:33:00.811+0530","caller":"ws/control.go:68","msg":"Retrying"}
{"level":"warn","time":"2024-12-14T13:33:00.811+0530","caller":"ws/control.go:68","msg":"Retrying"}
{"level":"error","time":"2024-12-14T13:33:00.812+0530","caller":"ws/control.go:67","msg":"ERR::WS::Conn : Unable to establish control websocket connection dial tcp: lookup ts-dc.lambdatest.com: no such host "}
{"level":"warn","time":"2024-12-14T13:33:00.812+0530","caller":"ws/control.go:68","msg":"Retrying"}
{"level":"error","time":"2024-12-14T13:33:00.812+0530","caller":"ws/control.go:67","msg":"ERR::WS::Conn : Unable to establish control websocket connection dial tcp: lookup ts-dc.lambdatest.com: no such host "}
{"level":"error","time":"2024-12-14T13:33:00.812+0530","caller":"ws/control.go:67","msg":"ERR::WS::Conn : Unable to establish control websocket connection dial tcp: lookup ts-dc.lambdatest.com: no such host "}
{"level":"error","time":"2024-12-14T13:33:00.812+0530","caller":"ws/control.go:67","msg":"ERR::WS::Conn : Unable to establish control websocket connection dial tcp: lookup ts-dc.lambdatest.com: no such host "}
{"level":"warn","time":"2024-12-14T13:33:00.812+0530","caller":"ws/control.go:68","msg":"Retrying"}
{"level":"warn","time":"2024-12-14T13:33:00.812+0530","caller":"ws/control.go:68","msg":"Retrying"}
{"level":"warn","time":"2024-12-14T13:33:00.812+0530","caller":"ws/control.go:68","msg":"Retrying"}
{"level":"error","time":"2024-12-14T13:33:00.811+0530","caller":"ws/control.go:67","msg":"ERR::WS::Conn : Unable to establish control websocket connection dial tcp: lookup ts-dc.lambdatest.com: no such host "}
{"level":"warn","time":"2024-12-14T13:33:00.812+0530","caller":"ws/control.go:68","msg":"Retrying"}
{"level":"error","time":"2024-12-14T13:33:00.812+0530","caller":"ws/control.go:67","msg":"ERR::WS::Conn : Unable to establish control websocket connection dial tcp: lookup ts-dc.lambdatest.com: no such host "}
{"level":"warn","time":"2024-12-14T13:33:00.813+0530","caller":"ws/control.go:68","msg":"Retrying"}
{"level":"error","time":"2024-12-14T13:33:00.813+0530","caller":"ws/control.go:67","msg":"ERR::WS::Conn : Unable to establish control websocket connection dial tcp: lookup ts-dc.lambdatest.com: no such host "}
{"level":"warn","time":"2024-12-14T13:33:00.813+0530","caller":"ws/control.go:68","msg":"Retrying"}
{"level":"error","time":"2024-12-14T13:33:00.812+0530","caller":"ws/control.go:67","msg":"ERR::WS::Conn : Unable to establish control websocket connection dial tcp: lookup ts-dc.lambdatest.com: no such host "}
{"level":"warn","time":"2024-12-14T13:33:00.813+0530","caller":"ws/control.go:68","msg":"Retrying"}
{"level":"error","time":"2024-12-14T13:33:11.890+0530","caller":"ws/control.go:67","msg":"ERR::WS::Conn : Unable to establish control websocket connection dial tcp: lookup ts-dc.lambdatest.com: no such host "}
{"level":"error","time":"2024-12-14T13:33:11.890+0530","caller":"ws/control.go:67","msg":"ERR::WS::Conn : Unable to establish control websocket connection dial tcp: lookup ts-dc.lambdatest.com: no such host "}
{"level":"warn","time":"2024-12-14T13:33:11.890+0530","caller":"ws/control.go:68","msg":"Retrying"}
{"level":"warn","time":"2024-12-14T13:33:11.890+0530","caller":"ws/control.go:68","msg":"Retrying"}
{"level":"error","time":"2024-12-14T13:33:11.890+0530","caller":"ws/control.go:67","msg":"ERR::WS::Conn : Unable to establish control websocket connection dial tcp: lookup ts-dc.lambdatest.com: no such host "}
{"level":"error","time":"2024-12-14T13:33:11.890+0530","caller":"ws/control.go:67","msg":"ERR::WS::Conn : Unable to establish control websocket connection dial tcp: lookup ts-dc.lambdatest.com: no such host "}
{"level":"error","time":"2024-12-14T13:33:11.891+0530","caller":"ws/control.go:67","msg":"ERR::WS::Conn : Unable to establish control websocket connection dial tcp: lookup ts-dc.lambdatest.com: no such host "}
{"level":"error","time":"2024-12-14T13:33:11.890+0530","caller":"ws/control.go:67","msg":"ERR::WS::Conn : Unable to establish control websocket connection dial tcp: lookup ts-dc.lambdatest.com: no such host "}
{"level":"error","time":"2024-12-14T13:33:11.890+0530","caller":"ws/control.go:67","msg":"ERR::WS::Conn : Unable to establish control websocket connection dial tcp: lookup ts-dc.lambdatest.com: no such host "}
{"level":"warn","time":"2024-12-14T13:33:11.891+0530","caller":"ws/control.go:68","msg":"Retrying"}
{"level":"error","time":"2024-12-14T13:33:11.890+0530","caller":"ws/control.go:67","msg":"ERR::WS::Conn : Unable to establish control websocket connection dial tcp: lookup ts-dc.lambdatest.com: no such host "}
{"level":"warn","time":"2024-12-14T13:33:11.891+0530","caller":"ws/control.go:68","msg":"Retrying"}
{"level":"warn","time":"2024-12-14T13:33:11.891+0530","caller":"ws/control.go:68","msg":"Retrying"}
{"level":"warn","time":"2024-12-14T13:33:11.891+0530","caller":"ws/control.go:68","msg":"Retrying"}
{"level":"warn","time":"2024-12-14T13:33:11.891+0530","caller":"ws/control.go:68","msg":"Retrying"}
{"level":"error","time":"2024-12-14T13:33:11.890+0530","caller":"ws/control.go:67","msg":"ERR::WS::Conn : Unable to establish control websocket connection dial tcp: lookup ts-dc.lambdatest.com: no such host "}
{"level":"warn","time":"2024-12-14T13:33:11.891+0530","caller":"ws/control.go:68","msg":"Retrying"}
{"level":"warn","time":"2024-12-14T13:33:11.891+0530","caller":"ws/control.go:68","msg":"Retrying"}
{"level":"error","time":"2024-12-14T13:33:11.892+0530","caller":"ws/control.go:67","msg":"ERR::WS::Conn : Unable to establish control websocket connection dial tcp: lookup ts-dc.lambdatest.com: no such host "}
{"level":"warn","time":"2024-12-14T13:33:11.892+0530","caller":"ws/control.go:68","msg":"Retrying"}
{"level":"error","time":"2024-12-14T13:33:11.891+0530","caller":"ws/control.go:67","msg":"ERR::WS::Conn : Unable to establish control websocket connection dial tcp: lookup ts-dc.lambdatest.com: no such host "}
{"level":"warn","time":"2024-12-14T13:33:11.892+0530","caller":"ws/control.go:68","msg":"Retrying"}
{"level":"error","time":"2024-12-14T13:33:11.894+0530","caller":"core/lifecycle.go:413","msg":"Err occurred: ERR::CTRL::CONN::MAX::ATTEMPT : Control websocket reconnection max attempt reached "}
{"level":"error","time":"2024-12-14T13:33:11.894+0530","caller":"core/lifecycle.go:413","msg":"Err occurred: ERR::CTRL::CONN::MAX::ATTEMPT : Control websocket reconnection max attempt reached "}
{"level":"error","time":"2024-12-14T13:33:11.894+0530","caller":"core/lifecycle.go:413","msg":"Err occurred: ERR::CTRL::CONN::MAX::ATTEMPT : Control websocket reconnection max attempt reached "}
{"level":"error","time":"2024-12-14T13:33:11.894+0530","caller":"core/lifecycle.go:413","msg":"Err occurred: ERR::CTRL::CONN::MAX::ATTEMPT : Control websocket reconnection max attempt reached "}
{"level":"error","time":"2024-12-14T13:33:11.894+0530","caller":"core/lifecycle.go:413","msg":"Err occurred: ERR::CTRL::CONN::MAX::ATTEMPT : Control websocket reconnection max attempt reached "}
{"level":"error","time":"2024-12-14T13:33:11.895+0530","caller":"core/lifecycle.go:414","msg":"Aborting"}
{"level":"error","time":"2024-12-14T13:33:11.895+0530","caller":"core/lifecycle.go:414","msg":"Aborting"}
{"level":"error","time":"2024-12-14T13:33:11.895+0530","caller":"core/lifecycle.go:414","msg":"Aborting"}
{"level":"error","time":"2024-12-14T13:33:11.896+0530","caller":"core/lifecycle.go:414","msg":"Aborting"}
{"level":"error","time":"2024-12-14T13:33:11.896+0530","caller":"core/lifecycle.go:414","msg":"Aborting"}
{"level":"error","time":"2024-12-14T13:33:14.502+0530","caller":"ws/control.go:79","msg":"Control connection break error"}
{"level":"warn","time":"2024-12-14T13:33:14.503+0530","caller":"ws/control.go:80","msg":"Retrying"}
{"level":"error","time":"2024-12-14T13:33:14.503+0530","caller":"ws/control.go:81","msg":"ERR::WS::CTRL::CONN::DWN : Control websocket connection closed read tcp 192.168.217.53:51564->23.106.54.77:443: i/o timeout "}
{"level":"error","time":"2024-12-14T13:33:15.245+0530","caller":"ws/control.go:79","msg":"Control connection break error"}
{"level":"warn","time":"2024-12-14T13:33:15.247+0530","caller":"ws/control.go:80","msg":"Retrying"}
{"level":"error","time":"2024-12-14T13:33:15.247+0530","caller":"ws/control.go:81","msg":"ERR::WS::CTRL::CONN::DWN : Control websocket connection closed read tcp 192.168.217.53:52238->23.106.54.77:443: i/o timeout "}
{"level":"error","time":"2024-12-14T13:33:15.326+0530","caller":"ws/control.go:79","msg":"Control connection break error"}
{"level":"warn","time":"2024-12-14T13:33:15.326+0530","caller":"ws/control.go:80","msg":"Retrying"}
{"level":"error","time":"2024-12-14T13:33:15.326+0530","caller":"ws/control.go:81","msg":"ERR::WS::CTRL::CONN::DWN : Control websocket connection closed read tcp 192.168.217.53:52605->23.106.54.77:443: i/o timeout "}
{"level":"error","time":"2024-12-14T13:33:15.504+0530","caller":"ws/control.go:79","msg":"Control connection break error"}
{"level":"warn","time":"2024-12-14T13:33:15.504+0530","caller":"ws/control.go:80","msg":"Retrying"}
{"level":"error","time":"2024-12-14T13:33:15.505+0530","caller":"ws/control.go:81","msg":"ERR::WS::CTRL::CONN::DWN : Control websocket connection closed read tcp 192.168.217.53:52606->23.106.54.77:443: i/o timeout "}
{"level":"error","time":"2024-12-14T13:33:15.640+0530","caller":"ws/control.go:79","msg":"Control connection break error"}
{"level":"warn","time":"2024-12-14T13:33:15.641+0530","caller":"ws/control.go:80","msg":"Retrying"}
{"level":"error","time":"2024-12-14T13:33:15.641+0530","caller":"ws/control.go:81","msg":"ERR::WS::CTRL::CONN::DWN : Control websocket connection closed read tcp 192.168.217.53:52584->23.106.54.77:443: i/o timeout "}
{"level":"error","time":"2024-12-14T13:33:16.201+0530","caller":"ws/control.go:79","msg":"Control connection break error"}
{"level":"error","time":"2024-12-14T13:33:16.201+0530","caller":"ws/control.go:79","msg":"Control connection break error"}
{"level":"warn","time":"2024-12-14T13:33:16.201+0530","caller":"ws/control.go:80","msg":"Retrying"}
{"level":"error","time":"2024-12-14T13:33:16.201+0530","caller":"ws/control.go:81","msg":"ERR::WS::CTRL::CONN::DWN : Control websocket connection closed read tcp 192.168.217.53:52597->23.106.54.77:443: i/o timeout "}
{"level":"warn","time":"2024-12-14T13:33:16.202+0530","caller":"ws/control.go:80","msg":"Retrying"}
{"level":"error","time":"2024-12-14T13:33:16.202+0530","caller":"ws/control.go:81","msg":"ERR::WS::CTRL::CONN::DWN : Control websocket connection closed read tcp 192.168.217.53:52213->23.106.54.77:443: i/o timeout "}
{"level":"error","time":"2024-12-14T13:33:16.265+0530","caller":"ws/control.go:79","msg":"Control connection break error"}
{"level":"warn","time":"2024-12-14T13:33:16.265+0530","caller":"ws/control.go:80","msg":"Retrying"}
{"level":"error","time":"2024-12-14T13:33:16.265+0530","caller":"ws/control.go:81","msg":"ERR::WS::CTRL::CONN::DWN : Control websocket connection closed read tcp 192.168.217.53:51643->23.106.54.77:443: i/o timeout "}
{"level":"error","time":"2024-12-14T13:33:16.299+0530","caller":"ws/control.go:79","msg":"Control connection break error"}
{"level":"warn","time":"2024-12-14T13:33:16.300+0530","caller":"ws/control.go:80","msg":"Retrying"}
{"level":"error","time":"2024-12-14T13:33:16.300+0530","caller":"ws/control.go:81","msg":"ERR::WS::CTRL::CONN::DWN : Control websocket connection closed read tcp 192.168.217.53:52594->23.106.54.77:443: i/o timeout "}
{"level":"error","time":"2024-12-14T13:33:16.515+0530","caller":"ws/control.go:79","msg":"Control connection break error"}
{"level":"warn","time":"2024-12-14T13:33:16.518+0530","caller":"ws/control.go:80","msg":"Retrying"}
{"level":"error","time":"2024-12-14T13:33:16.518+0530","caller":"ws/control.go:81","msg":"ERR::WS::CTRL::CONN::DWN : Control websocket connection closed read tcp 192.168.217.53:52582->23.106.54.77:443: i/o timeout "}
{"level":"error","time":"2024-12-14T13:33:17.162+0530","caller":"ws/control.go:79","msg":"Control connection break error"}
{"level":"warn","time":"2024-12-14T13:33:17.164+0530","caller":"ws/control.go:80","msg":"Retrying"}
{"level":"error","time":"2024-12-14T13:33:17.164+0530","caller":"ws/control.go:81","msg":"ERR::WS::CTRL::CONN::DWN : Control websocket connection closed read tcp 192.168.217.53:52183->23.106.54.77:443: i/o timeout "}
{"level":"error","time":"2024-12-14T13:33:17.368+0530","caller":"ws/control.go:79","msg":"Control connection break error"}
{"level":"warn","time":"2024-12-14T13:33:17.369+0530","caller":"ws/control.go:80","msg":"Retrying"}
{"level":"error","time":"2024-12-14T13:33:17.369+0530","caller":"ws/control.go:81","msg":"ERR::WS::CTRL::CONN::DWN : Control websocket connection closed read tcp 192.168.217.53:52341->23.106.54.77:443: i/o timeout "}
{"level":"error","time":"2024-12-14T13:33:21.222+0530","caller":"ws/control.go:67","msg":"ERR::WS::Conn : Unable to establish control websocket connection dial tcp: lookup ts-dc.lambdatest.com: no such host "}
{"level":"warn","time":"2024-12-14T13:33:21.222+0530","caller":"ws/control.go:68","msg":"Retrying"}
{"level":"error","time":"2024-12-14T13:33:21.444+0530","caller":"ssh/ssh.go:183","msg":"Error while creating ssh connection, over port 22 dial tcp: lookup ts-dc.lambdatest.com: no such host"}
{"level":"error","time":"2024-12-14T13:33:21.474+0530","caller":"ssh/ssh.go:183","msg":"Error while creating ssh connection, over port 22 dial tcp: lookup ts-dc.lambdatest.com: no such host"}
{"level":"error","time":"2024-12-14T13:33:21.475+0530","caller":"ssh/ssh.go:183","msg":"Error while creating ssh connection, over port 22 dial tcp: lookup ts-dc.lambdatest.com: no such host"}
{"level":"error","time":"2024-12-14T13:33:21.485+0530","caller":"ssh/ssh.go:183","msg":"Error while creating ssh connection, over port 22 dial tcp: lookup ts-dc.lambdatest.com: no such host"}
{"level":"error","time":"2024-12-14T13:33:21.966+0530","caller":"ssh/ssh.go:183","msg":"Error while creating ssh connection, over port 22 dial tcp: lookup ts-dc.lambdatest.com: no such host"}
{"level":"error","time":"2024-12-14T13:33:21.967+0530","caller":"core/lifecycle.go:413","msg":"Err occurred: ERR::ALL::SSH::FAIL : All SSH connections failed "}
{"level":"error","time":"2024-12-14T13:33:21.968+0530","caller":"core/lifecycle.go:414","msg":"Aborting"}
{"level":"error","time":"2024-12-14T13:33:21.970+0530","caller":"core/lifecycle.go:432","msg":"Unable to stop the tunnel: ERR::STP::TUNN : Stop tunnel failed Delete \"https://ts-dc.lambdatest.com/v1.0/stop/3437930\": dial tcp: lookup ts-dc.lambdatest.com: no such host "}
{"level":"error","time":"2024-12-14T13:33:21.970+0530","caller":"core/lifecycle.go:433","msg":"Aborting graceful shutdown"}
{"level":"info","time":"2024-12-14T13:33:21.970+0530","caller":"cmd/lt.go:238","msg":"Tunnel aborted, starting new tunnel."}
{"level":"error","time":"2024-12-14T13:33:22.964+0530","caller":"ws/control.go:67","msg":"ERR::WS::Conn : Unable to establish control websocket connection dial tcp: lookup ts-dc.lambdatest.com: no such host "}
{"level":"error","time":"2024-12-14T13:33:22.964+0530","caller":"ws/control.go:67","msg":"ERR::WS::Conn : Unable to establish control websocket connection dial tcp: lookup ts-dc.lambdatest.com: no such host "}
{"level":"error","time":"2024-12-14T13:33:22.964+0530","caller":"ssh/ssh.go:183","msg":"Error while creating ssh connection, over port 22 dial tcp: lookup ts-dc.lambdatest.com: no such host"}
{"level":"error","time":"2024-12-14T13:33:22.964+0530","caller":"ws/control.go:67","msg":"ERR::WS::Conn : Unable to establish control websocket connection dial tcp: lookup ts-dc.lambdatest.com: no such host "}
{"level":"error","time":"2024-12-14T13:33:22.964+0530","caller":"ssh/ssh.go:183","msg":"Error while creating ssh connection, over port 22 dial tcp: lookup ts-dc.lambdatest.com: no such host"}
{"level":"error","time":"2024-12-14T13:33:22.964+0530","caller":"ssh/ssh.go:183","msg":"Error while creating ssh connection, over port 22 dial tcp: lookup ts-dc.lambdatest.com: no such host"}
{"level":"warn","time":"2024-12-14T13:33:22.964+0530","caller":"ws/control.go:68","msg":"Retrying"}
{"level":"error","time":"2024-12-14T13:33:22.964+0530","caller":"ssh/ssh.go:183","msg":"Error while creating ssh connection, over port 22 dial tcp: lookup ts-dc.lambdatest.com: no such host"}
{"level":"error","time":"2024-12-14T13:33:22.964+0530","caller":"ssh/ssh.go:183","msg":"Error while creating ssh connection, over port 22 dial tcp: lookup ts-dc.lambdatest.com: no such host"}
{"level":"error","time":"2024-12-14T13:33:22.964+0530","caller":"ssh/ssh.go:183","msg":"Error while creating ssh connection, over port 22 dial tcp: lookup ts-dc.lambdatest.com: no such host"}
{"level":"error","time":"2024-12-14T13:33:22.964+0530","caller":"ssh/ssh.go:183","msg":"Error while creating ssh connection, over port 22 dial tcp: lookup ts-dc.lambdatest.com: no such host"}
{"level":"error","time":"2024-12-14T13:33:22.964+0530","caller":"ssh/ssh.go:183","msg":"Error while creating ssh connection, over port 22 dial tcp: lookup ts-dc.lambdatest.com: no such host"}
{"level":"error","time":"2024-12-14T13:33:22.964+0530","caller":"ssh/ssh.go:183","msg":"Error while creating ssh connection, over port 22 dial tcp: lookup ts-dc.lambdatest.com: no such host"}
{"level":"error","time":"2024-12-14T13:33:22.964+0530","caller":"ssh/ssh.go:183","msg":"Error while creating ssh connection, over port 22 dial tcp: lookup ts-dc.lambdatest.com: no such host"}
{"level":"error","time":"2024-12-14T13:33:22.964+0530","caller":"ssh/ssh.go:183","msg":"Error while creating ssh connection, over port 22 dial tcp: lookup ts-dc.lambdatest.com: no such host"}
{"level":"error","time":"2024-12-14T13:33:22.964+0530","caller":"ssh/ssh.go:183","msg":"Error while creating ssh connection, over port 22 dial tcp: lookup ts-dc.lambdatest.com: no such host"}
{"level":"error","time":"2024-12-14T13:33:22.964+0530","caller":"ssh/ssh.go:183","msg":"Error while creating ssh connection, over port 22 dial tcp: lookup ts-dc.lambdatest.com: no such host"}
{"level":"error","time":"2024-12-14T13:33:22.965+0530","caller":"ssh/ssh.go:183","msg":"Error while creating ssh connection, over port 22 dial tcp: lookup ts-dc.lambdatest.com: no such host"}
{"level":"error","time":"2024-12-14T13:33:22.965+0530","caller":"ssh/ssh.go:183","msg":"Error while creating ssh connection, over port 22 dial tcp: lookup ts-dc.lambdatest.com: no such host"}
{"level":"error","time":"2024-12-14T13:33:22.965+0530","caller":"ssh/ssh.go:183","msg":"Error while creating ssh connection, over port 22 dial tcp: lookup ts-dc.lambdatest.com: no such host"}
{"level":"error","time":"2024-12-14T13:33:22.965+0530","caller":"ssh/ssh.go:183","msg":"Error while creating ssh connection, over port 22 dial tcp: lookup ts-dc.lambdatest.com: no such host"}
{"level":"error","time":"2024-12-14T13:33:22.965+0530","caller":"core/lifecycle.go:432","msg":"Unable to stop the tunnel: ERR::STP::TUNN : Stop tunnel failed Delete \"https://ts-dc.lambdatest.com/v1.0/stop/3437919\": dial tcp: lookup ts-dc.lambdatest.com: no such host "}
{"level":"error","time":"2024-12-14T13:33:22.965+0530","caller":"ssh/ssh.go:183","msg":"Error while creating ssh connection, over port 22 dial tcp: lookup ts-dc.lambdatest.com: no such host"}
{"level":"error","time":"2024-12-14T13:33:22.965+0530","caller":"ssh/ssh.go:183","msg":"Error while creating ssh connection, over port 22 dial tcp: lookup ts-dc.lambdatest.com: no such host"}
{"level":"error","time":"2024-12-14T13:33:22.965+0530","caller":"ssh/ssh.go:183","msg":"Error while creating ssh connection, over port 22 dial tcp: lookup ts-dc.lambdatest.com: no such host"}
{"level":"error","time":"2024-12-14T13:33:22.965+0530","caller":"ws/control.go:67","msg":"ERR::WS::Conn : Unable to establish control websocket connection dial tcp: lookup ts-dc.lambdatest.com: no such host "}
{"level":"error","time":"2024-12-14T13:33:22.965+0530","caller":"ssh/ssh.go:183","msg":"Error while creating ssh connection, over port 22 dial tcp: lookup ts-dc.lambdatest.com: no such host"}
{"level":"error","time":"2024-12-14T13:33:22.964+0530","caller":"ssh/ssh.go:183","msg":"Error while creating ssh connection, over port 22 dial tcp: lookup ts-dc.lambdatest.com: no such host"}
{"level":"error","time":"2024-12-14T13:33:22.964+0530","caller":"ssh/ssh.go:183","msg":"Error while creating ssh connection, over port 22 dial tcp: lookup ts-dc.lambdatest.com: no such host"}
{"level":"error","time":"2024-12-14T13:33:22.964+0530","caller":"ssh/ssh.go:183","msg":"Error while creating ssh connection, over port 22 dial tcp: lookup ts-dc.lambdatest.com: no such host"}
{"level":"error","time":"2024-12-14T13:33:22.964+0530","caller":"ssh/ssh.go:183","msg":"Error while creating ssh connection, over port 22 dial tcp: lookup ts-dc.lambdatest.com: no such host"}
{"level":"warn","time":"2024-12-14T13:33:22.964+0530","caller":"ws/control.go:68","msg":"Retrying"}
{"level":"error","time":"2024-12-14T13:33:22.965+0530","caller":"ws/control.go:67","msg":"ERR::WS::Conn : Unable to establish control websocket connection dial tcp: lookup ts-dc.lambdatest.com: no such host "}
{"level":"error","time":"2024-12-14T13:33:22.965+0530","caller":"ssh/ssh.go:183","msg":"Error while creating ssh connection, over port 22 dial tcp: lookup ts-dc.lambdatest.com: no such host"}
{"level":"error","time":"2024-12-14T13:33:22.965+0530","caller":"ws/control.go:67","msg":"ERR::WS::Conn : Unable to establish control websocket connection dial tcp: lookup ts-dc.lambdatest.com: no such host "}
{"level":"error","time":"2024-12-14T13:33:22.965+0530","caller":"ssh/ssh.go:183","msg":"Error while creating ssh connection, over port 22 dial tcp: lookup ts-dc.lambdatest.com: no such host"}
{"level":"error","time":"2024-12-14T13:33:22.966+0530","caller":"ws/control.go:67","msg":"ERR::WS::Conn : Unable to establish control websocket connection dial tcp: lookup ts-dc.lambdatest.com: no such host "}
{"level":"error","time":"2024-12-14T13:33:22.965+0530","caller":"ws/control.go:67","msg":"ERR::WS::Conn : Unable to establish control websocket connection dial tcp: lookup ts-dc.lambdatest.com: no such host "}
{"level":"error","time":"2024-12-14T13:33:22.965+0530","caller":"ssh/ssh.go:183","msg":"Error while creating ssh connection, over port 22 dial tcp: lookup ts-dc.lambdatest.com: no such host"}
{"level":"error","time":"2024-12-14T13:33:22.966+0530","caller":"ssh/ssh.go:183","msg":"Error while creating ssh connection, over port 22 dial tcp: lookup ts-dc.lambdatest.com: no such host"}
{"level":"error","time":"2024-12-14T13:33:22.965+0530","caller":"ws/control.go:67","msg":"ERR::WS::Conn : Unable to establish control websocket connection dial tcp: lookup ts-dc.lambdatest.com: no such host "}
{"level":"warn","time":"2024-12-14T13:33:22.964+0530","caller":"ws/control.go:68","msg":"Retrying"}
{"level":"error","time":"2024-12-14T13:33:22.965+0530","caller":"ssh/ssh.go:183","msg":"Error while creating ssh connection, over port 22 dial tcp: lookup ts-dc.lambdatest.com: no such host"}
{"level":"error","time":"2024-12-14T13:33:22.966+0530","caller":"ws/control.go:67","msg":"ERR::WS::Conn : Unable to establish control websocket connection dial tcp: lookup ts-dc.lambdatest.com: no such host "}
{"level":"error","time":"2024-12-14T13:33:22.967+0530","caller":"core/lifecycle.go:433","msg":"Aborting graceful shutdown"}
{"level":"error","time":"2024-12-14T13:33:22.965+0530","caller":"ws/control.go:67","msg":"ERR::WS::Conn : Unable to establish control websocket connection dial tcp: lookup ts-dc.lambdatest.com: no such host "}
{"level":"error","time":"2024-12-14T13:33:22.966+0530","caller":"ssh/ssh.go:183","msg":"Error while creating ssh connection, over port 22 dial tcp: lookup ts-dc.lambdatest.com: no such host"}
{"level":"warn","time":"2024-12-14T13:33:22.967+0530","caller":"ws/control.go:68","msg":"Retrying"}
{"level":"error","time":"2024-12-14T13:33:22.964+0530","caller":"ssh/ssh.go:183","msg":"Error while creating ssh connection, over port 22 dial tcp: lookup ts-dc.lambdatest.com: no such host"}
{"level":"error","time":"2024-12-14T13:33:22.964+0530","caller":"ssh/ssh.go:183","msg":"Error while creating ssh connection, over port 22 dial tcp: lookup ts-dc.lambdatest.com: no such host"}
{"level":"error","time":"2024-12-14T13:33:22.964+0530","caller":"ssh/ssh.go:183","msg":"Error while creating ssh connection, over port 22 dial tcp: lookup ts-dc.lambdatest.com: no such host"}
{"level":"error","time":"2024-12-14T13:33:22.965+0530","caller":"ssh/ssh.go:183","msg":"Error while creating ssh connection, over port 22 dial tcp: lookup ts-dc.lambdatest.com: no such host"}
{"level":"error","time":"2024-12-14T13:33:22.964+0530","caller":"ws/control.go:67","msg":"ERR::WS::Conn : Unable to establish control websocket connection dial tcp: lookup ts-dc.lambdatest.com: no such host "}
{"level":"error","time":"2024-12-14T13:33:22.965+0530","caller":"ssh/ssh.go:183","msg":"Error while creating ssh connection, over port 22 dial tcp: lookup ts-dc.lambdatest.com: no such host"}
{"level":"error","time":"2024-12-14T13:33:22.965+0530","caller":"ssh/ssh.go:183","msg":"Error while creating ssh connection, over port 22 dial tcp: lookup ts-dc.lambdatest.com: no such host"}
{"level":"error","time":"2024-12-14T13:33:22.965+0530","caller":"ssh/ssh.go:183","msg":"Error while creating ssh connection, over port 22 dial tcp: lookup ts-dc.lambdatest.com: no such host"}
{"level":"error","time":"2024-12-14T13:33:22.965+0530","caller":"ws/control.go:67","msg":"ERR::WS::Conn : Unable to establish control websocket connection dial tcp: lookup ts-dc.lambdatest.com: no such host "}
{"level":"error","time":"2024-12-14T13:33:22.965+0530","caller":"ssh/ssh.go:183","msg":"Error while creating ssh connection, over port 22 dial tcp: lookup ts-dc.lambdatest.com: no such host"}
{"level":"error","time":"2024-12-14T13:33:22.966+0530","caller":"ssh/ssh.go:183","msg":"Error while creating ssh connection, over port 22 dial tcp: lookup ts-dc.lambdatest.com: no such host"}
{"level":"error","time":"2024-12-14T13:33:22.965+0530","caller":"ssh/ssh.go:183","msg":"Error while creating ssh connection, over port 22 dial tcp: lookup ts-dc.lambdatest.com: no such host"}
{"level":"error","time":"2024-12-14T13:33:22.966+0530","caller":"core/lifecycle.go:432","msg":"Unable to stop the tunnel: ERR::STP::TUNN : Stop tunnel failed Delete \"https://ts-dc.lambdatest.com/v1.0/stop/3438052\": dial tcp: lookup ts-dc.lambdatest.com: no such host "}
{"level":"error","time":"2024-12-14T13:33:22.966+0530","caller":"ws/control.go:67","msg":"ERR::WS::Conn : Unable to establish control websocket connection dial tcp: lookup ts-dc.lambdatest.com: no such host "}
{"level":"error","time":"2024-12-14T13:33:22.966+0530","caller":"ssh/ssh.go:183","msg":"Error while creating ssh connection, over port 22 dial tcp: lookup ts-dc.lambdatest.com: no such host"}
{"level":"error","time":"2024-12-14T13:33:22.965+0530","caller":"ssh/ssh.go:183","msg":"Error while creating ssh connection, over port 22 dial tcp: lookup ts-dc.lambdatest.com: no such host"}
{"level":"error","time":"2024-12-14T13:33:22.965+0530","caller":"ws/control.go:67","msg":"ERR::WS::Conn : Unable to establish control websocket connection dial tcp: lookup ts-dc.lambdatest.com: no such host "}
{"level":"error","time":"2024-12-14T13:33:22.966+0530","caller":"ssh/ssh.go:183","msg":"Error while creating ssh connection, over port 22 dial tcp: lookup ts-dc.lambdatest.com: no such host"}
{"level":"error","time":"2024-12-14T13:33:22.966+0530","caller":"ssh/ssh.go:183","msg":"Error while creating ssh connection, over port 22 dial tcp: lookup ts-dc.lambdatest.com: no such host"}
{"level":"info","time":"2024-12-14T13:33:22.967+0530","caller":"cmd/lt.go:238","msg":"Tunnel aborted, starting new tunnel."}
{"level":"error","time":"2024-12-14T13:33:22.965+0530","caller":"ssh/ssh.go:183","msg":"Error while creating ssh connection, over port 22 dial tcp: lookup ts-dc.lambdatest.com: no such host"}
{"level":"warn","time":"2024-12-14T13:33:22.967+0530","caller":"ws/control.go:68","msg":"Retrying"}
{"level":"error","time":"2024-12-14T13:33:22.967+0530","caller":"ssh/ssh.go:183","msg":"Error while creating ssh connection, over port 22 dial tcp: lookup ts-dc.lambdatest.com: no such host"}
{"level":"error","time":"2024-12-14T13:33:22.966+0530","caller":"ssh/ssh.go:183","msg":"Error while creating ssh connection, over port 22 dial tcp: lookup ts-dc.lambdatest.com: no such host"}
{"level":"error","time":"2024-12-14T13:33:22.968+0530","caller":"core/lifecycle.go:413","msg":"Err occurred: ERR::CTRL::CONN::MAX::ATTEMPT : Control websocket reconnection max attempt reached "}
{"level":"error","time":"2024-12-14T13:33:22.966+0530","caller":"ssh/ssh.go:183","msg":"Error while creating ssh connection, over port 22 dial tcp: lookup ts-dc.lambdatest.com: no such host"}
{"level":"error","time":"2024-12-14T13:33:22.969+0530","caller":"core/lifecycle.go:413","msg":"Err occurred: ERR::ALL::SSH::FAIL : All SSH connections failed "}
{"level":"error","time":"2024-12-14T13:33:22.966+0530","caller":"ssh/ssh.go:183","msg":"Error while creating ssh connection, over port 22 dial tcp: lookup ts-dc.lambdatest.com: no such host"}
{"level":"error","time":"2024-12-14T13:33:22.966+0530","caller":"ssh/ssh.go:183","msg":"Error while creating ssh connection, over port 22 dial tcp: lookup ts-dc.lambdatest.com: no such host"}
{"level":"error","time":"2024-12-14T13:33:22.967+0530","caller":"ssh/ssh.go:183","msg":"Error while creating ssh connection, over port 22 dial tcp: lookup ts-dc.lambdatest.com: no such host"}
{"level":"error","time":"2024-12-14T13:33:22.966+0530","caller":"ssh/ssh.go:183","msg":"Error while creating ssh connection, over port 22 dial tcp: lookup ts-dc.lambdatest.com: no such host"}
{"level":"error","time":"2024-12-14T13:33:22.969+0530","caller":"core/lifecycle.go:414","msg":"Aborting"}
{"level":"error","time":"2024-12-14T13:33:22.969+0530","caller":"core/lifecycle.go:414","msg":"Aborting"}
{"level":"warn","time":"2024-12-14T13:33:22.969+0530","caller":"ws/control.go:68","msg":"Retrying"}
{"level":"error","time":"2024-12-14T13:33:22.966+0530","caller":"ssh/ssh.go:183","msg":"Error while creating ssh connection, over port 22 dial tcp: lookup ts-dc.lambdatest.com: no such host"}
{"level":"error","time":"2024-12-14T13:33:22.969+0530","caller":"core/lifecycle.go:433","msg":"Aborting graceful shutdown"}
{"level":"warn","time":"2024-12-14T13:33:22.968+0530","caller":"ws/control.go:68","msg":"Retrying"}
{"level":"error","time":"2024-12-14T13:33:22.969+0530","caller":"core/lifecycle.go:413","msg":"Err occurred: ERR::ALL::SSH::FAIL : All SSH connections failed "}
{"level":"error","time":"2024-12-14T13:33:22.966+0530","caller":"ssh/ssh.go:183","msg":"Error while creating ssh connection, over port 22 dial tcp: lookup ts-dc.lambdatest.com: no such host"}
{"level":"error","time":"2024-12-14T13:33:22.967+0530","caller":"ssh/ssh.go:183","msg":"Error while creating ssh connection, over port 22 dial tcp: lookup ts-dc.lambdatest.com: no such host"}
{"level":"info","time":"2024-12-14T13:33:22.970+0530","caller":"cmd/lt.go:238","msg":"Tunnel aborted, starting new tunnel."}
{"level":"warn","time":"2024-12-14T13:33:22.967+0530","caller":"ws/control.go:68","msg":"Retrying"}
{"level":"error","time":"2024-12-14T13:33:22.970+0530","caller":"core/lifecycle.go:414","msg":"Aborting"}
{"level":"error","time":"2024-12-14T13:33:22.970+0530","caller":"core/lifecycle.go:413","msg":"Err occurred: ERR::ALL::SSH::FAIL : All SSH connections failed "}
{"level":"error","time":"2024-12-14T13:33:22.964+0530","caller":"core/lifecycle.go:432","msg":"Unable to stop the tunnel: ERR::STP::TUNN : Stop tunnel failed Delete \"https://ts-dc.lambdatest.com/v1.0/stop/3437936\": dial tcp: lookup ts-dc.lambdatest.com: no such host "}
{"level":"error","time":"2024-12-14T13:33:22.965+0530","caller":"ws/control.go:67","msg":"ERR::WS::Conn : Unable to establish control websocket connection dial tcp: lookup ts-dc.lambdatest.com: no such host "}
{"level":"error","time":"2024-12-14T13:33:22.970+0530","caller":"core/lifecycle.go:414","msg":"Aborting"}
{"level":"error","time":"2024-12-14T13:33:22.970+0530","caller":"core/lifecycle.go:433","msg":"Aborting graceful shutdown"}
{"level":"error","time":"2024-12-14T13:33:22.966+0530","caller":"ssh/ssh.go:183","msg":"Error while creating ssh connection, over port 22 dial tcp: lookup ts-dc.lambdatest.com: no such host"}
{"level":"error","time":"2024-12-14T13:33:22.967+0530","caller":"ssh/ssh.go:183","msg":"Error while creating ssh connection, over port 22 dial tcp: lookup ts-dc.lambdatest.com: no such host"}
{"level":"warn","time":"2024-12-14T13:33:22.970+0530","caller":"ws/control.go:68","msg":"Retrying"}
{"level":"error","time":"2024-12-14T13:33:22.965+0530","caller":"ssh/ssh.go:183","msg":"Error while creating ssh connection, over port 22 dial tcp: lookup ts-dc.lambdatest.com: no such host"}
{"level":"error","time":"2024-12-14T13:33:22.967+0530","caller":"ssh/ssh.go:183","msg":"Error while creating ssh connection, over port 22 dial tcp: lookup ts-dc.lambdatest.com: no such host"}
{"level":"info","time":"2024-12-14T13:33:22.970+0530","caller":"cmd/lt.go:238","msg":"Tunnel aborted, starting new tunnel."}
{"level":"error","time":"2024-12-14T13:33:22.966+0530","caller":"ssh/ssh.go:183","msg":"Error while creating ssh connection, over port 22 dial tcp: lookup ts-dc.lambdatest.com: no such host"}
{"level":"error","time":"2024-12-14T13:33:22.970+0530","caller":"core/lifecycle.go:413","msg":"Err occurred: ERR::ALL::SSH::FAIL : All SSH connections failed "}
{"level":"warn","time":"2024-12-14T13:33:22.969+0530","caller":"ws/control.go:68","msg":"Retrying"}
{"level":"error","time":"2024-12-14T13:33:22.966+0530","caller":"ssh/ssh.go:183","msg":"Error while creating ssh connection, over port 22 dial tcp: lookup ts-dc.lambdatest.com: no such host"}
{"level":"warn","time":"2024-12-14T13:33:22.967+0530","caller":"ws/control.go:68","msg":"Retrying"}
{"level":"error","time":"2024-12-14T13:33:22.971+0530","caller":"core/lifecycle.go:414","msg":"Aborting"}
{"level":"error","time":"2024-12-14T13:33:22.971+0530","caller":"core/lifecycle.go:413","msg":"Err occurred: ERR::ALL::SSH::FAIL : All SSH connections failed "}
{"level":"error","time":"2024-12-14T13:33:22.967+0530","caller":"ssh/ssh.go:183","msg":"Error while creating ssh connection, over port 22 dial tcp: lookup ts-dc.lambdatest.com: no such host"}
{"level":"error","time":"2024-12-14T13:33:22.971+0530","caller":"core/lifecycle.go:414","msg":"Aborting"}
{"level":"error","time":"2024-12-14T13:33:22.966+0530","caller":"ssh/ssh.go:183","msg":"Error while creating ssh connection, over port 22 dial tcp: lookup ts-dc.lambdatest.com: no such host"}
{"level":"error","time":"2024-12-14T13:33:22.966+0530","caller":"ws/control.go:67","msg":"ERR::WS::Conn : Unable to establish control websocket connection dial tcp: lookup ts-dc.lambdatest.com: no such host "}
{"level":"warn","time":"2024-12-14T13:33:22.971+0530","caller":"ws/control.go:68","msg":"Retrying"}
{"level":"error","time":"2024-12-14T13:33:22.964+0530","caller":"ssh/ssh.go:183","msg":"Error while creating ssh connection, over port 22 dial tcp: lookup ts-dc.lambdatest.com: no such host"}
{"level":"error","time":"2024-12-14T13:33:22.971+0530","caller":"core/lifecycle.go:413","msg":"Err occurred: ERR::ALL::SSH::FAIL : All SSH connections failed "}
{"level":"warn","time":"2024-12-14T13:33:22.967+0530","caller":"ws/control.go:68","msg":"Retrying"}
{"level":"error","time":"2024-12-14T13:33:22.970+0530","caller":"core/lifecycle.go:413","msg":"Err occurred: ERR::ALL::SSH::FAIL : All SSH connections failed "}
{"level":"error","time":"2024-12-14T13:33:22.971+0530","caller":"core/lifecycle.go:413","msg":"Err occurred: ERR::ALL::SSH::FAIL : All SSH connections failed "}
{"level":"error","time":"2024-12-14T13:33:22.965+0530","caller":"ssh/ssh.go:183","msg":"Error while creating ssh connection, over port 22 dial tcp: lookup ts-dc.lambdatest.com: no such host"}
{"level":"error","time":"2024-12-14T13:33:22.971+0530","caller":"core/lifecycle.go:414","msg":"Aborting"}
{"level":"error","time":"2024-12-14T13:33:22.966+0530","caller":"ssh/ssh.go:183","msg":"Error while creating ssh connection, over port 22 dial tcp: lookup ts-dc.lambdatest.com: no such host"}
{"level":"error","time":"2024-12-14T13:33:22.971+0530","caller":"core/lifecycle.go:414","msg":"Aborting"}
{"level":"error","time":"2024-12-14T13:33:22.967+0530","caller":"core/lifecycle.go:432","msg":"Unable to stop the tunnel: ERR::STP::TUNN : Stop tunnel failed Delete \"https://ts-dc.lambdatest.com/v1.0/stop/3437921\": dial tcp: lookup ts-dc.lambdatest.com: no such host "}
{"level":"error","time":"2024-12-14T13:33:22.964+0530","caller":"ssh/ssh.go:183","msg":"Error while creating ssh connection, over port 22 dial tcp: lookup ts-dc.lambdatest.com: no such host"}
{"level":"error","time":"2024-12-14T13:33:22.965+0530","caller":"ssh/ssh.go:183","msg":"Error while creating ssh connection, over port 22 dial tcp: lookup ts-dc.lambdatest.com: no such host"}
{"level":"error","time":"2024-12-14T13:33:22.971+0530","caller":"ws/control.go:67","msg":"ERR::WS::Conn : Unable to establish control websocket connection dial tcp: lookup ts-dc.lambdatest.com: no such host "}
{"level":"error","time":"2024-12-14T13:33:22.971+0530","caller":"core/lifecycle.go:413","msg":"Err occurred: ERR::ALL::SSH::FAIL : All SSH connections failed "}
{"level":"error","time":"2024-12-14T13:33:22.971+0530","caller":"core/lifecycle.go:432","msg":"Unable to stop the tunnel: ERR::STP::TUNN : Stop tunnel failed Delete \"https://ts-dc.lambdatest.com/v1.0/stop/3438047\": dial tcp: lookup ts-dc.lambdatest.com: no such host "}
{"level":"error","time":"2024-12-14T13:33:22.971+0530","caller":"core/lifecycle.go:414","msg":"Aborting"}
{"level":"error","time":"2024-12-14T13:33:22.966+0530","caller":"ssh/ssh.go:183","msg":"Error while creating ssh connection, over port 22 dial tcp: lookup ts-dc.lambdatest.com: no such host"}
{"level":"error","time":"2024-12-14T13:33:22.972+0530","caller":"core/lifecycle.go:433","msg":"Aborting graceful shutdown"}
{"level":"error","time":"2024-12-14T13:33:22.965+0530","caller":"ssh/ssh.go:183","msg":"Error while creating ssh connection, over port 22 dial tcp: lookup ts-dc.lambdatest.com: no such host"}
{"level":"error","time":"2024-12-14T13:33:22.965+0530","caller":"ssh/ssh.go:183","msg":"Error while creating ssh connection, over port 22 dial tcp: lookup ts-dc.lambdatest.com: no such host"}
{"level":"warn","time":"2024-12-14T13:33:22.972+0530","caller":"ws/control.go:68","msg":"Retrying"}
{"level":"error","time":"2024-12-14T13:33:22.972+0530","caller":"core/lifecycle.go:414","msg":"Aborting"}
{"level":"error","time":"2024-12-14T13:33:22.973+0530","caller":"core/lifecycle.go:413","msg":"Err occurred: ERR::ALL::SSH::FAIL : All SSH connections failed "}
{"level":"info","time":"2024-12-14T13:33:22.973+0530","caller":"cmd/lt.go:238","msg":"Tunnel aborted, starting new tunnel."}
{"level":"error","time":"2024-12-14T13:33:22.967+0530","caller":"core/lifecycle.go:413","msg":"Err occurred: ERR::CTRL::CONN::MAX::ATTEMPT : Control websocket reconnection max attempt reached "}
{"level":"error","time":"2024-12-14T13:33:22.973+0530","caller":"core/lifecycle.go:433","msg":"Aborting graceful shutdown"}
{"level":"error","time":"2024-12-14T13:33:22.973+0530","caller":"ws/control.go:67","msg":"ERR::WS::Conn : Unable to establish control websocket connection dial tcp: lookup ts-dc.lambdatest.com: no such host "}
{"level":"warn","time":"2024-12-14T13:33:22.969+0530","caller":"ws/control.go:68","msg":"Retrying"}
{"level":"error","time":"2024-12-14T13:33:22.973+0530","caller":"core/lifecycle.go:414","msg":"Aborting"}
{"level":"error","time":"2024-12-14T13:33:22.971+0530","caller":"core/lifecycle.go:432","msg":"Unable to stop the tunnel: ERR::STP::TUNN : Stop tunnel failed Delete \"https://ts-dc.lambdatest.com/v1.0/stop/3437947\": dial tcp: lookup ts-dc.lambdatest.com: no such host "}
{"level":"error","time":"2024-12-14T13:33:22.973+0530","caller":"core/lifecycle.go:414","msg":"Aborting"}
{"level":"info","time":"2024-12-14T13:33:22.973+0530","caller":"cmd/lt.go:238","msg":"Tunnel aborted, starting new tunnel."}
{"level":"warn","time":"2024-12-14T13:33:22.973+0530","caller":"ws/control.go:68","msg":"Retrying"}
{"level":"error","time":"2024-12-14T13:33:22.973+0530","caller":"core/lifecycle.go:413","msg":"Err occurred: ERR::ALL::SSH::FAIL : All SSH connections failed "}
{"level":"error","time":"2024-12-14T13:33:22.974+0530","caller":"ws/control.go:67","msg":"ERR::WS::Conn : Unable to establish control websocket connection dial tcp: lookup ts-dc.lambdatest.com: no such host "}
{"level":"error","time":"2024-12-14T13:33:22.974+0530","caller":"core/lifecycle.go:433","msg":"Aborting graceful shutdown"}
{"level":"error","time":"2024-12-14T13:33:22.974+0530","caller":"ws/control.go:67","msg":"ERR::WS::Conn : Unable to establish control websocket connection dial tcp: lookup ts-dc.lambdatest.com: no such host "}
{"level":"error","time":"2024-12-14T13:33:22.974+0530","caller":"core/lifecycle.go:432","msg":"Unable to stop the tunnel: ERR::STP::TUNN : Stop tunnel failed Delete \"https://ts-dc.lambdatest.com/v1.0/stop/3437920\": dial tcp: lookup ts-dc.lambdatest.com: no such host "}
{"level":"error","time":"2024-12-14T13:33:22.974+0530","caller":"core/lifecycle.go:432","msg":"Unable to stop the tunnel: ERR::STP::TUNN : Stop tunnel failed Delete \"https://ts-dc.lambdatest.com/v1.0/stop/3438069\": dial tcp: lookup ts-dc.lambdatest.com: no such host "}
{"level":"error","time":"2024-12-14T13:33:22.975+0530","caller":"core/lifecycle.go:432","msg":"Unable to stop the tunnel: ERR::STP::TUNN : Stop tunnel failed Delete \"https://ts-dc.lambdatest.com/v1.0/stop/3438068\": dial tcp: lookup ts-dc.lambdatest.com: no such host "}
{"level":"error","time":"2024-12-14T13:33:22.975+0530","caller":"core/lifecycle.go:432","msg":"Unable to stop the tunnel: ERR::STP::TUNN : Stop tunnel failed Delete \"https://ts-dc.lambdatest.com/v1.0/stop/3438074\": dial tcp: lookup ts-dc.lambdatest.com: no such host "}
{"level":"error","time":"2024-12-14T13:33:22.973+0530","caller":"core/lifecycle.go:432","msg":"Unable to stop the tunnel: ERR::STP::TUNN : Stop tunnel failed Delete \"https://ts-dc.lambdatest.com/v1.0/stop/3437937\": dial tcp: lookup ts-dc.lambdatest.com: no such host "}
{"level":"error","time":"2024-12-14T13:33:22.975+0530","caller":"core/lifecycle.go:414","msg":"Aborting"}
{"level":"warn","time":"2024-12-14T13:33:22.975+0530","caller":"ws/control.go:68","msg":"Retrying"}
{"level":"warn","time":"2024-12-14T13:33:22.975+0530","caller":"ws/control.go:68","msg":"Retrying"}
{"level":"info","time":"2024-12-14T13:33:22.975+0530","caller":"cmd/lt.go:238","msg":"Tunnel aborted, starting new tunnel."}
{"level":"error","time":"2024-12-14T13:33:22.975+0530","caller":"core/lifecycle.go:433","msg":"Aborting graceful shutdown"}
{"level":"error","time":"2024-12-14T13:33:22.975+0530","caller":"core/lifecycle.go:433","msg":"Aborting graceful shutdown"}
{"level":"error","time":"2024-12-14T13:33:22.975+0530","caller":"core/lifecycle.go:433","msg":"Aborting graceful shutdown"}
{"level":"error","time":"2024-12-14T13:33:22.975+0530","caller":"core/lifecycle.go:433","msg":"Aborting graceful shutdown"}
{"level":"error","time":"2024-12-14T13:33:22.975+0530","caller":"core/lifecycle.go:433","msg":"Aborting graceful shutdown"}
{"level":"info","time":"2024-12-14T13:33:22.975+0530","caller":"cmd/lt.go:238","msg":"Tunnel aborted, starting new tunnel."}
{"level":"info","time":"2024-12-14T13:33:22.975+0530","caller":"cmd/lt.go:238","msg":"Tunnel aborted, starting new tunnel."}
{"level":"error","time":"2024-12-14T13:33:22.975+0530","caller":"core/lifecycle.go:432","msg":"Unable to stop the tunnel: ERR::STP::TUNN : Stop tunnel failed Delete \"https://ts-dc.lambdatest.com/v1.0/stop/3438054\": dial tcp: lookup ts-dc.lambdatest.com: no such host "}
{"level":"info","time":"2024-12-14T13:33:22.975+0530","caller":"cmd/lt.go:238","msg":"Tunnel aborted, starting new tunnel."}
{"level":"info","time":"2024-12-14T13:33:22.975+0530","caller":"cmd/lt.go:238","msg":"Tunnel aborted, starting new tunnel."}
{"level":"error","time":"2024-12-14T13:33:22.975+0530","caller":"core/lifecycle.go:432","msg":"Unable to stop the tunnel: ERR::STP::TUNN : Stop tunnel failed Delete \"https://ts-dc.lambdatest.com/v1.0/stop/3438055\": dial tcp: lookup ts-dc.lambdatest.com: no such host "}
{"level":"info","time":"2024-12-14T13:33:22.975+0530","caller":"cmd/lt.go:238","msg":"Tunnel aborted, starting new tunnel."}
{"level":"error","time":"2024-12-14T13:33:22.975+0530","caller":"core/lifecycle.go:432","msg":"Unable to stop the tunnel: ERR::STP::TUNN : Stop tunnel failed Delete \"https://ts-dc.lambdatest.com/v1.0/stop/3438076\": dial tcp: lookup ts-dc.lambdatest.com: no such host "}
{"level":"error","time":"2024-12-14T13:33:22.975+0530","caller":"ws/control.go:67","msg":"ERR::WS::Conn : Unable to establish control websocket connection dial tcp: lookup ts-dc.lambdatest.com: no such host "}
{"level":"error","time":"2024-12-14T13:33:22.975+0530","caller":"core/lifecycle.go:433","msg":"Aborting graceful shutdown"}
{"level":"error","time":"2024-12-14T13:33:22.975+0530","caller":"ws/control.go:67","msg":"ERR::WS::Conn : Unable to establish control websocket connection dial tcp: lookup ts-dc.lambdatest.com: no such host "}
{"level":"error","time":"2024-12-14T13:33:22.976+0530","caller":"core/lifecycle.go:433","msg":"Aborting graceful shutdown"}
{"level":"error","time":"2024-12-14T13:33:22.976+0530","caller":"core/lifecycle.go:433","msg":"Aborting graceful shutdown"}
{"level":"warn","time":"2024-12-14T13:33:22.976+0530","caller":"ws/control.go:68","msg":"Retrying"}
{"level":"info","time":"2024-12-14T13:33:22.976+0530","caller":"cmd/lt.go:238","msg":"Tunnel aborted, starting new tunnel."}
{"level":"warn","time":"2024-12-14T13:33:22.976+0530","caller":"ws/control.go:68","msg":"Retrying"}
{"level":"error","time":"2024-12-14T13:33:22.965+0530","caller":"core/lifecycle.go:432","msg":"Unable to stop the tunnel: ERR::STP::TUNN : Stop tunnel failed Delete \"https://ts-dc.lambdatest.com/v1.0/stop/3438050\": dial tcp: lookup ts-dc.lambdatest.com: no such host "}
{"level":"info","time":"2024-12-14T13:33:22.976+0530","caller":"cmd/lt.go:238","msg":"Tunnel aborted, starting new tunnel."}
{"level":"info","time":"2024-12-14T13:33:22.976+0530","caller":"cmd/lt.go:238","msg":"Tunnel aborted, starting new tunnel."}
{"level":"error","time":"2024-12-14T13:33:22.966+0530","caller":"ssh/ssh.go:183","msg":"Error while creating ssh connection, over port 22 dial tcp: lookup ts-dc.lambdatest.com: no such host"}
{"level":"error","time":"2024-12-14T13:33:22.976+0530","caller":"core/lifecycle.go:433","msg":"Aborting graceful shutdown"}
{"level":"error","time":"2024-12-14T13:33:22.975+0530","caller":"ws/control.go:67","msg":"ERR::WS::Conn : Unable to establish control websocket connection dial tcp: lookup ts-dc.lambdatest.com: no such host "}
{"level":"error","time":"2024-12-14T13:33:22.968+0530","caller":"core/lifecycle.go:413","msg":"Err occurred: ERR::CTRL::CONN::MAX::ATTEMPT : Control websocket reconnection max attempt reached "}
{"level":"error","time":"2024-12-14T13:33:22.964+0530","caller":"ssh/ssh.go:183","msg":"Error while creating ssh connection, over port 22 dial tcp: lookup ts-dc.lambdatest.com: no such host"}
{"level":"warn","time":"2024-12-14T13:33:22.976+0530","caller":"ws/control.go:68","msg":"Retrying"}
{"level":"info","time":"2024-12-14T13:33:22.976+0530","caller":"cmd/lt.go:238","msg":"Tunnel aborted, starting new tunnel."}
{"level":"error","time":"2024-12-14T13:33:22.976+0530","caller":"core/lifecycle.go:414","msg":"Aborting"}
{"level":"error","time":"2024-12-14T13:33:22.964+0530","caller":"ssh/ssh.go:183","msg":"Error while creating ssh connection, over port 22 dial tcp: lookup ts-dc.lambdatest.com: no such host"}
{"level":"warn","time":"2024-12-14T13:33:22.968+0530","caller":"ws/control.go:68","msg":"Retrying"}
{"level":"error","time":"2024-12-14T13:33:22.965+0530","caller":"ssh/ssh.go:183","msg":"Error while creating ssh connection, over port 22 dial tcp: lookup ts-dc.lambdatest.com: no such host"}
{"level":"error","time":"2024-12-14T13:33:22.965+0530","caller":"ssh/ssh.go:183","msg":"Error while creating ssh connection, over port 22 dial tcp: lookup ts-dc.lambdatest.com: no such host"}
{"level":"error","time":"2024-12-14T13:33:22.965+0530","caller":"ssh/ssh.go:183","msg":"Error while creating ssh connection, over port 22 dial tcp: lookup ts-dc.lambdatest.com: no such host"}
{"level":"error","time":"2024-12-14T13:33:22.966+0530","caller":"ssh/ssh.go:183","msg":"Error while creating ssh connection, over port 22 dial tcp: lookup ts-dc.lambdatest.com: no such host"}
{"level":"error","time":"2024-12-14T13:33:22.966+0530","caller":"ssh/ssh.go:183","msg":"Error while creating ssh connection, over port 22 dial tcp: lookup ts-dc.lambdatest.com: no such host"}
{"level":"warn","time":"2024-12-14T13:33:22.967+0530","caller":"ws/control.go:68","msg":"Retrying"}
{"level":"warn","time":"2024-12-14T13:33:22.967+0530","caller":"ws/control.go:68","msg":"Retrying"}
{"level":"error","time":"2024-12-14T13:33:22.977+0530","caller":"core/lifecycle.go:413","msg":"Err occurred: ERR::ALL::SSH::FAIL : All SSH connections failed "}
{"level":"error","time":"2024-12-14T13:33:22.977+0530","caller":"core/lifecycle.go:414","msg":"Aborting"}
{"level":"error","time":"2024-12-14T13:33:22.977+0530","caller":"core/lifecycle.go:413","msg":"Err occurred: ERR::ALL::SSH::FAIL : All SSH connections failed "}
{"level":"error","time":"2024-12-14T13:33:22.977+0530","caller":"core/lifecycle.go:414","msg":"Aborting"}
{"level":"error","time":"2024-12-14T13:33:22.977+0530","caller":"core/lifecycle.go:413","msg":"Err occurred: ERR::ALL::SSH::FAIL : All SSH connections failed "}
{"level":"error","time":"2024-12-14T13:33:22.978+0530","caller":"core/lifecycle.go:414","msg":"Aborting"}
{"level":"error","time":"2024-12-14T13:33:22.978+0530","caller":"ws/control.go:67","msg":"ERR::WS::Conn : Unable to establish control websocket connection dial tcp: lookup ts-dc.lambdatest.com: no such host "}
{"level":"error","time":"2024-12-14T13:33:22.978+0530","caller":"core/lifecycle.go:432","msg":"Unable to stop the tunnel: ERR::STP::TUNN : Stop tunnel failed Delete \"https://ts-dc.lambdatest.com/v1.0/stop/3438071\": dial tcp: lookup ts-dc.lambdatest.com: no such host "}
{"level":"error","time":"2024-12-14T13:33:22.978+0530","caller":"core/lifecycle.go:432","msg":"Unable to stop the tunnel: ERR::STP::TUNN : Stop tunnel failed Delete \"https://ts-dc.lambdatest.com/v1.0/stop/3438073\": dial tcp: lookup ts-dc.lambdatest.com: no such host "}
{"level":"error","time":"2024-12-14T13:33:22.978+0530","caller":"core/lifecycle.go:433","msg":"Aborting graceful shutdown"}
{"level":"warn","time":"2024-12-14T13:33:22.978+0530","caller":"ws/control.go:68","msg":"Retrying"}
{"level":"error","time":"2024-12-14T13:33:22.978+0530","caller":"core/lifecycle.go:433","msg":"Aborting graceful shutdown"}
{"level":"info","time":"2024-12-14T13:33:22.978+0530","caller":"cmd/lt.go:238","msg":"Tunnel aborted, starting new tunnel."}
{"level":"info","time":"2024-12-14T13:33:22.978+0530","caller":"cmd/lt.go:238","msg":"Tunnel aborted, starting new tunnel."}
{"level":"error","time":"2024-12-14T13:33:22.978+0530","caller":"core/lifecycle.go:432","msg":"Unable to stop the tunnel: ERR::STP::TUNN : Stop tunnel failed Delete \"https://ts-dc.lambdatest.com/v1.0/stop/3438070\": dial tcp: lookup ts-dc.lambdatest.com: no such host "}
{"level":"error","time":"2024-12-14T13:33:22.978+0530","caller":"core/lifecycle.go:433","msg":"Aborting graceful shutdown"}
{"level":"info","time":"2024-12-14T13:33:22.978+0530","caller":"cmd/lt.go:238","msg":"Tunnel aborted, starting new tunnel."}
{"level":"error","time":"2024-12-14T13:33:22.979+0530","caller":"ws/control.go:67","msg":"ERR::WS::Conn : Unable to establish control websocket connection dial tcp: lookup ts-dc.lambdatest.com: no such host "}
{"level":"warn","time":"2024-12-14T13:33:22.979+0530","caller":"ws/control.go:68","msg":"Retrying"}
{"level":"error","time":"2024-12-14T13:33:22.979+0530","caller":"ws/control.go:67","msg":"ERR::WS::Conn : Unable to establish control websocket connection dial tcp: lookup ts-dc.lambdatest.com: no such host "}
{"level":"warn","time":"2024-12-14T13:33:22.980+0530","caller":"ws/control.go:68","msg":"Retrying"}
{"level":"error","time":"2024-12-14T13:33:22.980+0530","caller":"core/lifecycle.go:432","msg":"Unable to stop the tunnel: ERR::STP::TUNN : Stop tunnel failed Delete \"https://ts-dc.lambdatest.com/v1.0/stop/3438072\": dial tcp: lookup ts-dc.lambdatest.com: no such host "}
{"level":"error","time":"2024-12-14T13:33:22.980+0530","caller":"core/lifecycle.go:432","msg":"Unable to stop the tunnel: ERR::STP::TUNN : Stop tunnel failed Delete \"https://ts-dc.lambdatest.com/v1.0/stop/3438057\": dial tcp: lookup ts-dc.lambdatest.com: no such host "}
{"level":"error","time":"2024-12-14T13:33:22.980+0530","caller":"core/lifecycle.go:433","msg":"Aborting graceful shutdown"}
{"level":"error","time":"2024-12-14T13:33:22.980+0530","caller":"core/lifecycle.go:432","msg":"Unable to stop the tunnel: ERR::STP::TUNN : Stop tunnel failed Delete \"https://ts-dc.lambdatest.com/v1.0/stop/3438075\": dial tcp: lookup ts-dc.lambdatest.com: no such host "}
{"level":"error","time":"2024-12-14T13:33:22.980+0530","caller":"core/lifecycle.go:433","msg":"Aborting graceful shutdown"}
{"level":"error","time":"2024-12-14T13:33:22.980+0530","caller":"core/lifecycle.go:433","msg":"Aborting graceful shutdown"}
{"level":"info","time":"2024-12-14T13:33:22.980+0530","caller":"cmd/lt.go:238","msg":"Tunnel aborted, starting new tunnel."}
{"level":"info","time":"2024-12-14T13:33:22.980+0530","caller":"cmd/lt.go:238","msg":"Tunnel aborted, starting new tunnel."}
{"level":"info","time":"2024-12-14T13:33:22.980+0530","caller":"cmd/lt.go:238","msg":"Tunnel aborted, starting new tunnel."}
{"level":"error","time":"2024-12-14T13:33:22.980+0530","caller":"core/lifecycle.go:432","msg":"Unable to stop the tunnel: ERR::STP::TUNN : Stop tunnel failed Delete \"https://ts-dc.lambdatest.com/v1.0/stop/3437942\": dial tcp: lookup ts-dc.lambdatest.com: no such host "}
{"level":"error","time":"2024-12-14T13:33:22.980+0530","caller":"core/lifecycle.go:433","msg":"Aborting graceful shutdown"}
{"level":"info","time":"2024-12-14T13:33:22.980+0530","caller":"cmd/lt.go:238","msg":"Tunnel aborted, starting new tunnel."}
{"level":"error","time":"2024-12-14T13:33:32.392+0530","caller":"core/lifecycle.go:76","msg":"Unable to fetch remote config Get \"https://ts-dc.lambdatest.com/v1.0/tunnel/config\": dial tcp: lookup ts-dc.lambdatest.com: no such host"}
{"level":"warn","time":"2024-12-14T13:33:32.393+0530","caller":"core/lifecycle.go:80","msg":"Please ensure https://ts.lambdatest.com is reachable from your network."}
{"level":"error","time":"2024-12-14T13:33:32.529+0530","caller":"core/lifecycle.go:76","msg":"Unable to fetch remote config Get \"https://ts-dc.lambdatest.com/v1.0/tunnel/config\": dial tcp: lookup ts-dc.lambdatest.com: no such host"}
{"level":"warn","time":"2024-12-14T13:33:32.529+0530","caller":"core/lifecycle.go:80","msg":"Please ensure https://ts.lambdatest.com is reachable from your network."}
{"level":"error","time":"2024-12-14T13:33:32.550+0530","caller":"core/lifecycle.go:76","msg":"Unable to fetch remote config Get \"https://ts-dc.lambdatest.com/v1.0/tunnel/config\": dial tcp: lookup ts-dc.lambdatest.com: no such host"}
{"level":"warn","time":"2024-12-14T13:33:32.550+0530","caller":"core/lifecycle.go:80","msg":"Please ensure https://ts.lambdatest.com is reachable from your network."}
{"level":"error","time":"2024-12-14T13:33:32.674+0530","caller":"core/lifecycle.go:76","msg":"Unable to fetch remote config Get \"https://ts-dc.lambdatest.com/v1.0/tunnel/config\": dial tcp: lookup ts-dc.lambdatest.com: no such host"}
{"level":"warn","time":"2024-12-14T13:33:32.674+0530","caller":"core/lifecycle.go:80","msg":"Please ensure https://ts.lambdatest.com is reachable from your network."}
{"level":"error","time":"2024-12-14T13:33:32.921+0530","caller":"core/lifecycle.go:76","msg":"Unable to fetch remote config Get \"https://ts-dc.lambdatest.com/v1.0/tunnel/config\": dial tcp: lookup ts-dc.lambdatest.com: no such host"}
{"level":"warn","time":"2024-12-14T13:33:32.921+0530","caller":"core/lifecycle.go:80","msg":"Please ensure https://ts.lambdatest.com is reachable from your network."}
{"level":"error","time":"2024-12-14T13:33:32.961+0530","caller":"core/lifecycle.go:76","msg":"Unable to fetch remote config Get \"https://ts-dc.lambdatest.com/v1.0/tunnel/config\": dial tcp: lookup ts-dc.lambdatest.com: no such host"}
{"level":"error","time":"2024-12-14T13:33:32.961+0530","caller":"core/lifecycle.go:76","msg":"Unable to fetch remote config Get \"https://ts-dc.lambdatest.com/v1.0/tunnel/config\": dial tcp: lookup ts-dc.lambdatest.com: no such host"}
{"level":"warn","time":"2024-12-14T13:33:32.961+0530","caller":"core/lifecycle.go:80","msg":"Please ensure https://ts.lambdatest.com is reachable from your network."}
{"level":"warn","time":"2024-12-14T13:33:32.962+0530","caller":"core/lifecycle.go:80","msg":"Please ensure https://ts.lambdatest.com is reachable from your network."}
{"level":"error","time":"2024-12-14T13:33:33.033+0530","caller":"core/lifecycle.go:76","msg":"Unable to fetch remote config Get \"https://ts-dc.lambdatest.com/v1.0/tunnel/config\": dial tcp: lookup ts-dc.lambdatest.com: no such host"}
{"level":"warn","time":"2024-12-14T13:33:33.033+0530","caller":"core/lifecycle.go:80","msg":"Please ensure https://ts.lambdatest.com is reachable from your network."}
{"level":"error","time":"2024-12-14T13:33:33.066+0530","caller":"core/lifecycle.go:76","msg":"Unable to fetch remote config Get \"https://ts-dc.lambdatest.com/v1.0/tunnel/config\": dial tcp: lookup ts-dc.lambdatest.com: no such host"}
{"level":"warn","time":"2024-12-14T13:33:33.066+0530","caller":"core/lifecycle.go:80","msg":"Please ensure https://ts.lambdatest.com is reachable from your network."}
{"level":"error","time":"2024-12-14T13:33:33.112+0530","caller":"core/lifecycle.go:76","msg":"Unable to fetch remote config Get \"https://ts-dc.lambdatest.com/v1.0/tunnel/config\": dial tcp: lookup ts-dc.lambdatest.com: no such host"}
{"level":"warn","time":"2024-12-14T13:33:33.112+0530","caller":"core/lifecycle.go:80","msg":"Please ensure https://ts.lambdatest.com is reachable from your network."}
{"level":"error","time":"2024-12-14T13:33:33.132+0530","caller":"core/lifecycle.go:76","msg":"Unable to fetch remote config Get \"https://ts-dc.lambdatest.com/v1.0/tunnel/config\": dial tcp: lookup ts-dc.lambdatest.com: no such host"}
{"level":"warn","time":"2024-12-14T13:33:33.132+0530","caller":"core/lifecycle.go:80","msg":"Please ensure https://ts.lambdatest.com is reachable from your network."}
{"level":"error","time":"2024-12-14T13:33:33.359+0530","caller":"core/lifecycle.go:76","msg":"Unable to fetch remote config Get \"https://ts-dc.lambdatest.com/v1.0/tunnel/config\": dial tcp: lookup ts-dc.lambdatest.com: no such host"}
{"level":"error","time":"2024-12-14T13:33:33.359+0530","caller":"core/lifecycle.go:76","msg":"Unable to fetch remote config Get \"https://ts-dc.lambdatest.com/v1.0/tunnel/config\": dial tcp: lookup ts-dc.lambdatest.com: no such host"}
{"level":"warn","time":"2024-12-14T13:33:33.359+0530","caller":"core/lifecycle.go:80","msg":"Please ensure https://ts.lambdatest.com is reachable from your network."}
{"level":"warn","time":"2024-12-14T13:33:33.359+0530","caller":"core/lifecycle.go:80","msg":"Please ensure https://ts.lambdatest.com is reachable from your network."}
{"level":"error","time":"2024-12-14T13:33:33.375+0530","caller":"core/lifecycle.go:76","msg":"Unable to fetch remote config Get \"https://ts-dc.lambdatest.com/v1.0/tunnel/config\": dial tcp: lookup ts-dc.lambdatest.com: no such host"}
{"level":"warn","time":"2024-12-14T13:33:33.375+0530","caller":"core/lifecycle.go:80","msg":"Please ensure https://ts.lambdatest.com is reachable from your network."}
{"level":"error","time":"2024-12-14T13:33:42.121+0530","caller":"core/lifecycle.go:76","msg":"Unable to fetch remote config Get \"https://ts-dc.lambdatest.com/v1.0/tunnel/config\": dial tcp: lookup ts-dc.lambdatest.com: no such host"}
{"level":"warn","time":"2024-12-14T13:33:42.121+0530","caller":"core/lifecycle.go:80","msg":"Please ensure https://ts.lambdatest.com is reachable from your network."}
{"level":"error","time":"2024-12-14T13:33:42.196+0530","caller":"core/lifecycle.go:76","msg":"Unable to fetch remote config Get \"https://ts-dc.lambdatest.com/v1.0/tunnel/config\": dial tcp: lookup ts-dc.lambdatest.com: no such host"}
{"level":"warn","time":"2024-12-14T13:33:42.196+0530","caller":"core/lifecycle.go:80","msg":"Please ensure https://ts.lambdatest.com is reachable from your network."}
{"level":"error","time":"2024-12-14T13:33:42.217+0530","caller":"core/lifecycle.go:76","msg":"Unable to fetch remote config Get \"https://ts-dc.lambdatest.com/v1.0/tunnel/config\": dial tcp: lookup ts-dc.lambdatest.com: no such host"}
{"level":"warn","time":"2024-12-14T13:33:42.217+0530","caller":"core/lifecycle.go:80","msg":"Please ensure https://ts.lambdatest.com is reachable from your network."}
{"level":"error","time":"2024-12-14T13:33:42.436+0530","caller":"core/lifecycle.go:76","msg":"Unable to fetch remote config Get \"https://ts-dc.lambdatest.com/v1.0/tunnel/config\": dial tcp: lookup ts-dc.lambdatest.com: no such host"}
{"level":"warn","time":"2024-12-14T13:33:42.436+0530","caller":"core/lifecycle.go:80","msg":"Please ensure https://ts.lambdatest.com is reachable from your network."}
{"level":"error","time":"2024-12-14T13:33:42.634+0530","caller":"core/lifecycle.go:76","msg":"Unable to fetch remote config Get \"https://ts-dc.lambdatest.com/v1.0/tunnel/config\": dial tcp: lookup ts-dc.lambdatest.com: no such host"}
{"level":"warn","time":"2024-12-14T13:33:42.634+0530","caller":"core/lifecycle.go:80","msg":"Please ensure https://ts.lambdatest.com is reachable from your network."}
{"level":"error","time":"2024-12-14T13:33:42.909+0530","caller":"core/lifecycle.go:76","msg":"Unable to fetch remote config Get \"https://ts-dc.lambdatest.com/v1.0/tunnel/config\": dial tcp: lookup ts-dc.lambdatest.com: no such host"}
{"level":"warn","time":"2024-12-14T13:33:42.909+0530","caller":"core/lifecycle.go:80","msg":"Please ensure https://ts.lambdatest.com is reachable from your network."}
{"level":"error","time":"2024-12-14T13:33:43.098+0530","caller":"core/lifecycle.go:76","msg":"Unable to fetch remote config Get \"https://ts-dc.lambdatest.com/v1.0/tunnel/config\": dial tcp: lookup ts-dc.lambdatest.com: no such host"}
{"level":"warn","time":"2024-12-14T13:33:43.098+0530","caller":"core/lifecycle.go:80","msg":"Please ensure https://ts.lambdatest.com is reachable from your network."}
{"level":"error","time":"2024-12-14T13:33:43.255+0530","caller":"core/lifecycle.go:76","msg":"Unable to fetch remote config Get \"https://ts-dc.lambdatest.com/v1.0/tunnel/config\": dial tcp: lookup ts-dc.lambdatest.com: no such host"}
{"level":"warn","time":"2024-12-14T13:33:43.255+0530","caller":"core/lifecycle.go:80","msg":"Please ensure https://ts.lambdatest.com is reachable from your network."}
{"level":"error","time":"2024-12-14T13:33:43.523+0530","caller":"core/lifecycle.go:76","msg":"Unable to fetch remote config Get \"https://ts-dc.lambdatest.com/v1.0/tunnel/config\": dial tcp: lookup ts-dc.lambdatest.com: no such host"}
{"level":"warn","time":"2024-12-14T13:33:43.523+0530","caller":"core/lifecycle.go:80","msg":"Please ensure https://ts.lambdatest.com is reachable from your network."}
{"level":"info","time":"2025-01-12T09:26:02.426+0530","caller":"cmd/lt.go:207","msg":"LambdaTest Tunnel version: 3.2.8"}
{"level":"warn","time":"2025-01-12T09:26:02.428+0530","caller":"configmanager/setup.go:79","msg":"Tunnel Name was not specified, using: e1b0252e-9716-42b8-8e09-3225f4ba004b"}
{"level":"info","time":"2025-01-12T09:26:02.670+0530","caller":"cmd/lt.go:207","msg":"LambdaTest Tunnel version: 3.2.8"}
{"level":"warn","time":"2025-01-12T09:26:02.672+0530","caller":"configmanager/setup.go:79","msg":"Tunnel Name was not specified, using: cabdebde-24f7-4de5-950e-98565d8e75ba"}
{"level":"info","time":"2025-01-12T09:26:02.746+0530","caller":"cmd/lt.go:207","msg":"LambdaTest Tunnel version: 3.2.8"}
{"level":"info","time":"2025-01-12T09:26:02.747+0530","caller":"cmd/lt.go:207","msg":"LambdaTest Tunnel version: 3.2.8"}
{"level":"warn","time":"2025-01-12T09:26:02.748+0530","caller":"configmanager/setup.go:79","msg":"Tunnel Name was not specified, using: 236aaac2-77c1-4831-92d0-b8a1ac9a4f77"}
{"level":"warn","time":"2025-01-12T09:26:02.748+0530","caller":"configmanager/setup.go:79","msg":"Tunnel Name was not specified, using: 32878f15-9d66-4f2d-b197-9fb16213591c"}
{"level":"info","time":"2025-01-12T09:26:03.569+0530","caller":"core/lifecycle.go:91","msg":"New update available for the tunnel client. Downloading update"}
{"level":"info","time":"2025-01-12T09:26:03.577+0530","caller":"core/lifecycle.go:91","msg":"New update available for the tunnel client. Downloading update"}
{"level":"info","time":"2025-01-12T09:26:03.959+0530","caller":"core/lifecycle.go:91","msg":"New update available for the tunnel client. Downloading update"}
{"level":"info","time":"2025-01-12T09:26:03.960+0530","caller":"core/lifecycle.go:91","msg":"New update available for the tunnel client. Downloading update"}
{"level":"info","time":"2025-01-12T09:26:12.797+0530","caller":"core/lifecycle.go:99","msg":"Update successfully installed. Please restart the binary"}
{"level":"error","time":"2025-01-12T09:26:16.775+0530","caller":"core/lifecycle.go:95","msg":"Unable to update binary: ERR::BIN::UPD : Unable to update binary rename E:\\LT_TestNG_shareCode\\LT_TestNG\\.lambdatest\\LT.exe E:\\LT_TestNG_shareCode\\LT_TestNG\\.lambdatest\\.LT.exe.old: Access is denied. "}
{"level":"warn","time":"2025-01-12T09:26:16.775+0530","caller":"core/lifecycle.go:96","msg":"Please ensure https://downloads.lambdatest.com is reachable from your network."}
{"level":"error","time":"2025-01-12T09:26:18.745+0530","caller":"core/lifecycle.go:95","msg":"Unable to update binary: ERR::BIN::UPD : Unable to update binary rename E:\\LT_TestNG_shareCode\\LT_TestNG\\.lambdatest\\LT.exe E:\\LT_TestNG_shareCode\\LT_TestNG\\.lambdatest\\.LT.exe.old: Access is denied. "}
{"level":"warn","time":"2025-01-12T09:26:18.745+0530","caller":"core/lifecycle.go:96","msg":"Please ensure https://downloads.lambdatest.com is reachable from your network."}
{"level":"error","time":"2025-01-12T09:26:19.964+0530","caller":"core/lifecycle.go:95","msg":"Unable to update binary: ERR::BIN::UPD : Unable to update binary rename E:\\LT_TestNG_shareCode\\LT_TestNG\\.lambdatest\\LT.exe E:\\LT_TestNG_shareCode\\LT_TestNG\\.lambdatest\\.LT.exe.old: Access is denied. "}
{"level":"warn","time":"2025-01-12T09:26:19.964+0530","caller":"core/lifecycle.go:96","msg":"Please ensure https://downloads.lambdatest.com is reachable from your network."}
{"level":"info","time":"2025-01-12T09:27:51.223+0530","caller":"cmd/lt.go:207","msg":"LambdaTest Tunnel version: 3.2.10"}
{"level":"warn","time":"2025-01-12T09:27:51.226+0530","caller":"configmanager/setup.go:79","msg":"Tunnel Name was not specified, using: 5a0e0ed0-c748-4cd9-a1d0-0e93620b95f0"}
{"level":"info","time":"2025-01-12T09:27:51.302+0530","caller":"cmd/lt.go:207","msg":"LambdaTest Tunnel version: 3.2.10"}
{"level":"warn","time":"2025-01-12T09:27:51.303+0530","caller":"configmanager/setup.go:79","msg":"Tunnel Name was not specified, using: 7c2ba0bf-b46d-4c0c-9f67-91e93552e3ad"}
{"level":"info","time":"2025-01-12T09:27:51.444+0530","caller":"cmd/lt.go:207","msg":"LambdaTest Tunnel version: 3.2.10"}
{"level":"warn","time":"2025-01-12T09:27:51.445+0530","caller":"configmanager/setup.go:79","msg":"Tunnel Name was not specified, using: a2e0aa19-5777-4280-91c5-5b8acb1b9387"}
{"level":"info","time":"2025-01-12T09:27:51.583+0530","caller":"cmd/lt.go:207","msg":"LambdaTest Tunnel version: 3.2.10"}
{"level":"warn","time":"2025-01-12T09:27:51.584+0530","caller":"configmanager/setup.go:79","msg":"Tunnel Name was not specified, using: 727f6548-65cb-4e8f-bd8d-a47e87bd0b30"}
{"level":"warn","time":"2025-01-12T09:27:52.407+0530","caller":"custom/setup.go:846","msg":"Port 9090 is already in use. Trying on a random free tcp port."}
{"level":"info","time":"2025-01-12T09:27:52.408+0530","caller":"custom/setup.go:861","msg":"Tunnel binary started on port :60852"}
{"level":"warn","time":"2025-01-12T09:27:52.582+0530","caller":"custom/setup.go:846","msg":"Port 9090 is already in use. Trying on a random free tcp port."}
{"level":"info","time":"2025-01-12T09:27:52.583+0530","caller":"custom/setup.go:861","msg":"Tunnel binary started on port :60863"}
{"level":"warn","time":"2025-01-12T09:27:52.605+0530","caller":"custom/setup.go:846","msg":"Port 9090 is already in use. Trying on a random free tcp port."}
{"level":"info","time":"2025-01-12T09:27:52.606+0530","caller":"custom/setup.go:861","msg":"Tunnel binary started on port :60869"}
{"level":"warn","time":"2025-01-12T09:27:52.951+0530","caller":"custom/setup.go:846","msg":"Port 9090 is already in use. Trying on a random free tcp port."}
{"level":"info","time":"2025-01-12T09:27:52.952+0530","caller":"custom/setup.go:861","msg":"Tunnel binary started on port :60875"}
{"level":"info","time":"2025-01-12T09:27:53.831+0530","caller":"core/lifecycle.go:282","msg":"Launching tunnel"}
{"level":"info","time":"2025-01-12T09:27:53.950+0530","caller":"core/lifecycle.go:282","msg":"Launching tunnel"}
{"level":"info","time":"2025-01-12T09:27:54.053+0530","caller":"core/lifecycle.go:282","msg":"Launching tunnel"}
{"level":"info","time":"2025-01-12T09:27:54.359+0530","caller":"core/lifecycle.go:282","msg":"Launching tunnel"}
{"level":"info","time":"2025-01-12T09:27:57.872+0530","caller":"core/lifecycle.go:404","msg":"You can start testing now"}
{"level":"info","time":"2025-01-12T09:27:57.872+0530","caller":"core/lifecycle.go:405","msg":"Tunnel ID: 3866291"}
{"level":"info","time":"2025-01-12T09:27:57.996+0530","caller":"core/lifecycle.go:404","msg":"You can start testing now"}
{"level":"info","time":"2025-01-12T09:27:57.996+0530","caller":"core/lifecycle.go:405","msg":"Tunnel ID: 3866292"}
{"level":"info","time":"2025-01-12T09:27:58.397+0530","caller":"core/lifecycle.go:404","msg":"You can start testing now"}
{"level":"info","time":"2025-01-12T09:27:58.397+0530","caller":"core/lifecycle.go:405","msg":"Tunnel ID: 3866293"}
{"level":"info","time":"2025-01-12T09:27:59.714+0530","caller":"core/lifecycle.go:404","msg":"You can start testing now"}
{"level":"info","time":"2025-01-12T09:27:59.714+0530","caller":"core/lifecycle.go:405","msg":"Tunnel ID: 3866294"}
{"level":"info","time":"2025-01-12T09:28:18.392+0530","caller":"cmd/lt.go:207","msg":"LambdaTest Tunnel version: 3.2.10"}
{"level":"warn","time":"2025-01-12T09:28:18.393+0530","caller":"configmanager/setup.go:79","msg":"Tunnel Name was not specified, using: aae0a50c-ba60-47c7-bf91-965321a78d84"}
{"level":"warn","time":"2025-01-12T09:28:19.455+0530","caller":"custom/setup.go:846","msg":"Port 9090 is already in use. Trying on a random free tcp port."}
{"level":"info","time":"2025-01-12T09:28:19.456+0530","caller":"custom/setup.go:861","msg":"Tunnel binary started on port :60926"}
{"level":"info","time":"2025-01-12T09:28:21.058+0530","caller":"core/lifecycle.go:282","msg":"Launching tunnel"}
{"level":"info","time":"2025-01-12T09:28:25.404+0530","caller":"core/lifecycle.go:404","msg":"You can start testing now"}
{"level":"info","time":"2025-01-12T09:28:25.404+0530","caller":"core/lifecycle.go:405","msg":"Tunnel ID: 3866297"}
{"level":"info","time":"2025-01-12T09:28:29.753+0530","caller":"cmd/lt.go:207","msg":"LambdaTest Tunnel version: 3.2.10"}
{"level":"warn","time":"2025-01-12T09:28:29.754+0530","caller":"configmanager/setup.go:79","msg":"Tunnel Name was not specified, using: dac084e2-0346-4b32-992c-d59998ad8abb"}
{"level":"warn","time":"2025-01-12T09:28:30.749+0530","caller":"custom/setup.go:846","msg":"Port 9090 is already in use. Trying on a random free tcp port."}
{"level":"info","time":"2025-01-12T09:28:30.750+0530","caller":"custom/setup.go:861","msg":"Tunnel binary started on port :60952"}
{"level":"info","time":"2025-01-12T09:28:32.082+0530","caller":"core/lifecycle.go:282","msg":"Launching tunnel"}
{"level":"info","time":"2025-01-12T09:28:35.748+0530","caller":"cmd/lt.go:207","msg":"LambdaTest Tunnel version: 3.2.10"}
{"level":"warn","time":"2025-01-12T09:28:35.750+0530","caller":"configmanager/setup.go:79","msg":"Tunnel Name was not specified, using: a847611f-69bf-4ab9-b941-9119a782179a"}
{"level":"info","time":"2025-01-12T09:28:35.985+0530","caller":"core/lifecycle.go:404","msg":"You can start testing now"}
{"level":"info","time":"2025-01-12T09:28:35.985+0530","caller":"core/lifecycle.go:405","msg":"Tunnel ID: 3866301"}
{"level":"warn","time":"2025-01-12T09:28:36.855+0530","caller":"custom/setup.go:846","msg":"Port 9090 is already in use. Trying on a random free tcp port."}
{"level":"info","time":"2025-01-12T09:28:36.856+0530","caller":"custom/setup.go:861","msg":"Tunnel binary started on port :60971"}
{"level":"info","time":"2025-01-12T09:28:38.211+0530","caller":"core/lifecycle.go:282","msg":"Launching tunnel"}
{"level":"info","time":"2025-01-12T09:28:42.115+0530","caller":"core/lifecycle.go:404","msg":"You can start testing now"}
{"level":"info","time":"2025-01-12T09:28:42.115+0530","caller":"core/lifecycle.go:405","msg":"Tunnel ID: 3866304"}
{"level":"info","time":"2025-01-12T09:28:49.501+0530","caller":"cmd/lt.go:207","msg":"LambdaTest Tunnel version: 3.2.10"}
{"level":"warn","time":"2025-01-12T09:28:49.502+0530","caller":"configmanager/setup.go:79","msg":"Tunnel Name was not specified, using: 9fb56f90-2dba-48ff-b231-c8d84d414aac"}
{"level":"warn","time":"2025-01-12T09:28:50.451+0530","caller":"custom/setup.go:846","msg":"Port 9090 is already in use. Trying on a random free tcp port."}
{"level":"info","time":"2025-01-12T09:28:50.452+0530","caller":"custom/setup.go:861","msg":"Tunnel binary started on port :60995"}
{"level":"info","time":"2025-01-12T09:28:50.817+0530","caller":"cmd/lt.go:207","msg":"LambdaTest Tunnel version: 3.2.10"}
{"level":"warn","time":"2025-01-12T09:28:50.818+0530","caller":"configmanager/setup.go:79","msg":"Tunnel Name was not specified, using: 50e933c9-b292-4a3d-ae18-e4f825abfb66"}
{"level":"warn","time":"2025-01-12T09:28:51.921+0530","caller":"custom/setup.go:846","msg":"Port 9090 is already in use. Trying on a random free tcp port."}
{"level":"info","time":"2025-01-12T09:28:51.922+0530","caller":"custom/setup.go:861","msg":"Tunnel binary started on port :61005"}
{"level":"info","time":"2025-01-12T09:28:52.304+0530","caller":"core/lifecycle.go:282","msg":"Launching tunnel"}
{"level":"info","time":"2025-01-12T09:28:53.422+0530","caller":"core/lifecycle.go:282","msg":"Launching tunnel"}
{"level":"info","time":"2025-01-12T09:28:56.774+0530","caller":"core/lifecycle.go:404","msg":"You can start testing now"}
{"level":"info","time":"2025-01-12T09:28:56.774+0530","caller":"core/lifecycle.go:405","msg":"Tunnel ID: 3866305"}
{"level":"info","time":"2025-01-12T09:28:57.998+0530","caller":"core/lifecycle.go:404","msg":"You can start testing now"}
{"level":"info","time":"2025-01-12T09:28:57.998+0530","caller":"core/lifecycle.go:405","msg":"Tunnel ID: 3866306"}
{"level":"info","time":"2025-01-12T09:29:03.410+0530","caller":"cmd/lt.go:207","msg":"LambdaTest Tunnel version: 3.2.10"}
{"level":"warn","time":"2025-01-12T09:29:03.410+0530","caller":"configmanager/setup.go:79","msg":"Tunnel Name was not specified, using: 9c3511af-cd3a-437f-9d00-d12ff0a7fd97"}
{"level":"warn","time":"2025-01-12T09:29:04.538+0530","caller":"custom/setup.go:846","msg":"Port 9090 is already in use. Trying on a random free tcp port."}
{"level":"info","time":"2025-01-12T09:29:04.539+0530","caller":"custom/setup.go:861","msg":"Tunnel binary started on port :61071"}
{"level":"info","time":"2025-01-12T09:29:05.887+0530","caller":"core/lifecycle.go:282","msg":"Launching tunnel"}
{"level":"info","time":"2025-01-12T09:29:09.776+0530","caller":"core/lifecycle.go:404","msg":"You can start testing now"}
{"level":"info","time":"2025-01-12T09:29:09.776+0530","caller":"core/lifecycle.go:405","msg":"Tunnel ID: 3866309"}
{"level":"info","time":"2025-01-12T09:29:18.329+0530","caller":"cmd/lt.go:207","msg":"LambdaTest Tunnel version: 3.2.10"}
{"level":"warn","time":"2025-01-12T09:29:18.330+0530","caller":"configmanager/setup.go:79","msg":"Tunnel Name was not specified, using: 4ff9ed5e-5fb8-4bd7-9f91-22ca9dcd404d"}
{"level":"warn","time":"2025-01-12T09:29:19.383+0530","caller":"custom/setup.go:846","msg":"Port 9090 is already in use. Trying on a random free tcp port."}
{"level":"info","time":"2025-01-12T09:29:19.384+0530","caller":"custom/setup.go:861","msg":"Tunnel binary started on port :61095"}
{"level":"info","time":"2025-01-12T09:29:20.900+0530","caller":"core/lifecycle.go:282","msg":"Launching tunnel"}
{"level":"info","time":"2025-01-12T09:29:24.865+0530","caller":"core/lifecycle.go:404","msg":"You can start testing now"}
{"level":"info","time":"2025-01-12T09:29:24.865+0530","caller":"core/lifecycle.go:405","msg":"Tunnel ID: 3866310"}
{"level":"info","time":"2025-01-12T09:29:26.600+0530","caller":"cmd/lt.go:207","msg":"LambdaTest Tunnel version: 3.2.10"}
{"level":"warn","time":"2025-01-12T09:29:26.601+0530","caller":"configmanager/setup.go:79","msg":"Tunnel Name was not specified, using: 83e00c10-24c1-4ef3-8b4e-5a6fffb38327"}
{"level":"warn","time":"2025-01-12T09:29:27.701+0530","caller":"custom/setup.go:846","msg":"Port 9090 is already in use. Trying on a random free tcp port."}
{"level":"info","time":"2025-01-12T09:29:27.702+0530","caller":"custom/setup.go:861","msg":"Tunnel binary started on port :61120"}
{"level":"info","time":"2025-01-12T09:29:28.991+0530","caller":"core/lifecycle.go:282","msg":"Launching tunnel"}
{"level":"info","time":"2025-01-12T09:29:32.897+0530","caller":"core/lifecycle.go:404","msg":"You can start testing now"}
{"level":"info","time":"2025-01-12T09:29:32.897+0530","caller":"core/lifecycle.go:405","msg":"Tunnel ID: 3866311"}
{"level":"info","time":"2025-01-12T09:35:55.850+0530","caller":"cmd/lt.go:207","msg":"LambdaTest Tunnel version: 3.2.10"}
{"level":"warn","time":"2025-01-12T09:35:55.851+0530","caller":"configmanager/setup.go:79","msg":"Tunnel Name was not specified, using: 9faa8d55-a7b7-4520-b07c-b755ba74259d"}
{"level":"info","time":"2025-01-12T09:35:55.889+0530","caller":"cmd/lt.go:207","msg":"LambdaTest Tunnel version: 3.2.10"}
{"level":"warn","time":"2025-01-12T09:35:55.890+0530","caller":"configmanager/setup.go:79","msg":"Tunnel Name was not specified, using: 13b3fbcf-7e44-4f14-ace7-02643bf7eebc"}
{"level":"info","time":"2025-01-12T09:35:55.933+0530","caller":"cmd/lt.go:207","msg":"LambdaTest Tunnel version: 3.2.10"}
{"level":"warn","time":"2025-01-12T09:35:55.934+0530","caller":"configmanager/setup.go:79","msg":"Tunnel Name was not specified, using: f57e430b-c54b-408e-b16e-9e830ee8e94f"}
{"level":"info","time":"2025-01-12T09:35:56.054+0530","caller":"cmd/lt.go:207","msg":"LambdaTest Tunnel version: 3.2.10"}
{"level":"warn","time":"2025-01-12T09:35:56.055+0530","caller":"configmanager/setup.go:79","msg":"Tunnel Name was not specified, using: d39a53da-85ad-4be6-a705-9db3250c3eb3"}
{"level":"warn","time":"2025-01-12T09:35:57.484+0530","caller":"custom/setup.go:846","msg":"Port 9090 is already in use. Trying on a random free tcp port."}
{"level":"info","time":"2025-01-12T09:35:57.485+0530","caller":"custom/setup.go:861","msg":"Tunnel binary started on port :61194"}
{"level":"warn","time":"2025-01-12T09:35:57.644+0530","caller":"custom/setup.go:846","msg":"Port 9090 is already in use. Trying on a random free tcp port."}
{"level":"info","time":"2025-01-12T09:35:57.644+0530","caller":"custom/setup.go:861","msg":"Tunnel binary started on port :61200"}
{"level":"warn","time":"2025-01-12T09:35:57.720+0530","caller":"custom/setup.go:846","msg":"Port 9090 is already in use. Trying on a random free tcp port."}
{"level":"info","time":"2025-01-12T09:35:57.721+0530","caller":"custom/setup.go:861","msg":"Tunnel binary started on port :61206"}
{"level":"warn","time":"2025-01-12T09:35:57.772+0530","caller":"custom/setup.go:846","msg":"Port 9090 is already in use. Trying on a random free tcp port."}
{"level":"info","time":"2025-01-12T09:35:57.774+0530","caller":"custom/setup.go:861","msg":"Tunnel binary started on port :61212"}
{"level":"info","time":"2025-01-12T09:35:59.681+0530","caller":"core/lifecycle.go:282","msg":"Launching tunnel"}
{"level":"info","time":"2025-01-12T09:35:59.728+0530","caller":"core/lifecycle.go:282","msg":"Launching tunnel"}
{"level":"info","time":"2025-01-12T09:35:59.800+0530","caller":"core/lifecycle.go:282","msg":"Launching tunnel"}
{"level":"info","time":"2025-01-12T09:35:59.981+0530","caller":"core/lifecycle.go:282","msg":"Launching tunnel"}
{"level":"info","time":"2025-01-12T09:36:04.383+0530","caller":"core/lifecycle.go:404","msg":"You can start testing now"}
{"level":"info","time":"2025-01-12T09:36:04.383+0530","caller":"core/lifecycle.go:405","msg":"Tunnel ID: 3866421"}
{"level":"info","time":"2025-01-12T09:36:04.721+0530","caller":"core/lifecycle.go:404","msg":"You can start testing now"}
{"level":"info","time":"2025-01-12T09:36:04.721+0530","caller":"core/lifecycle.go:405","msg":"Tunnel ID: 3866424"}
{"level":"info","time":"2025-01-12T09:36:04.769+0530","caller":"core/lifecycle.go:404","msg":"You can start testing now"}
{"level":"info","time":"2025-01-12T09:36:04.770+0530","caller":"core/lifecycle.go:405","msg":"Tunnel ID: 3866423"}
{"level":"info","time":"2025-01-12T09:36:05.284+0530","caller":"core/lifecycle.go:404","msg":"You can start testing now"}
{"level":"info","time":"2025-01-12T09:36:05.284+0530","caller":"core/lifecycle.go:405","msg":"Tunnel ID: 3866425"}
{"level":"info","time":"2025-01-12T09:36:28.469+0530","caller":"cmd/lt.go:207","msg":"LambdaTest Tunnel version: 3.2.10"}
{"level":"warn","time":"2025-01-12T09:36:28.469+0530","caller":"configmanager/setup.go:79","msg":"Tunnel Name was not specified, using: d0b145cd-1b40-4c14-9f5c-062626bb7222"}
{"level":"warn","time":"2025-01-12T09:36:29.974+0530","caller":"custom/setup.go:846","msg":"Port 9090 is already in use. Trying on a random free tcp port."}
{"level":"info","time":"2025-01-12T09:36:29.975+0530","caller":"custom/setup.go:861","msg":"Tunnel binary started on port :61277"}
{"level":"info","time":"2025-01-12T09:36:31.401+0530","caller":"core/lifecycle.go:282","msg":"Launching tunnel"}
{"level":"info","time":"2025-01-12T09:36:35.348+0530","caller":"core/lifecycle.go:404","msg":"You can start testing now"}
{"level":"info","time":"2025-01-12T09:36:35.348+0530","caller":"core/lifecycle.go:405","msg":"Tunnel ID: 3866432"}
{"level":"info","time":"2025-01-12T09:36:40.263+0530","caller":"cmd/lt.go:207","msg":"LambdaTest Tunnel version: 3.2.10"}
{"level":"warn","time":"2025-01-12T09:36:40.264+0530","caller":"configmanager/setup.go:79","msg":"Tunnel Name was not specified, using: 5c7b48ab-6286-47ad-b1ef-87bff4535144"}
{"level":"warn","time":"2025-01-12T09:36:41.740+0530","caller":"custom/setup.go:846","msg":"Port 9090 is already in use. Trying on a random free tcp port."}
{"level":"info","time":"2025-01-12T09:36:41.741+0530","caller":"custom/setup.go:861","msg":"Tunnel binary started on port :61310"}
{"level":"info","time":"2025-01-12T09:36:43.138+0530","caller":"core/lifecycle.go:282","msg":"Launching tunnel"}
{"level":"info","time":"2025-01-12T09:36:43.352+0530","caller":"cmd/lt.go:207","msg":"LambdaTest Tunnel version: 3.2.10"}
{"level":"warn","time":"2025-01-12T09:36:43.353+0530","caller":"configmanager/setup.go:79","msg":"Tunnel Name was not specified, using: f106b8e2-ac1b-4c84-9b64-889d63b60f64"}
{"level":"warn","time":"2025-01-12T09:36:44.738+0530","caller":"custom/setup.go:846","msg":"Port 9090 is already in use. Trying on a random free tcp port."}
{"level":"info","time":"2025-01-12T09:36:44.740+0530","caller":"custom/setup.go:861","msg":"Tunnel binary started on port :61321"}
{"level":"info","time":"2025-01-12T09:36:46.250+0530","caller":"core/lifecycle.go:282","msg":"Launching tunnel"}
{"level":"info","time":"2025-01-12T09:36:47.072+0530","caller":"core/lifecycle.go:404","msg":"You can start testing now"}
{"level":"info","time":"2025-01-12T09:36:47.072+0530","caller":"core/lifecycle.go:405","msg":"Tunnel ID: 3866434"}
{"level":"info","time":"2025-01-12T09:36:50.173+0530","caller":"core/lifecycle.go:404","msg":"You can start testing now"}
{"level":"info","time":"2025-01-12T09:36:50.173+0530","caller":"core/lifecycle.go:405","msg":"Tunnel ID: 3866437"}
{"level":"info","time":"2025-01-12T09:36:56.085+0530","caller":"cmd/lt.go:207","msg":"LambdaTest Tunnel version: 3.2.10"}
{"level":"warn","time":"2025-01-12T09:36:56.086+0530","caller":"configmanager/setup.go:79","msg":"Tunnel Name was not specified, using: 67c91cde-c464-4110-99dc-484af0050e13"}
{"level":"info","time":"2025-01-12T09:36:57.535+0530","caller":"cmd/lt.go:207","msg":"LambdaTest Tunnel version: 3.2.10"}
{"level":"warn","time":"2025-01-12T09:36:57.536+0530","caller":"configmanager/setup.go:79","msg":"Tunnel Name was not specified, using: 2aa867f8-1738-4ee0-9cd7-913818e59c55"}
{"level":"warn","time":"2025-01-12T09:36:57.554+0530","caller":"custom/setup.go:846","msg":"Port 9090 is already in use. Trying on a random free tcp port."}
{"level":"info","time":"2025-01-12T09:36:57.555+0530","caller":"custom/setup.go:861","msg":"Tunnel binary started on port :61353"}
{"level":"warn","time":"2025-01-12T09:36:58.634+0530","caller":"custom/setup.go:846","msg":"Port 9090 is already in use. Trying on a random free tcp port."}
{"level":"info","time":"2025-01-12T09:36:58.636+0530","caller":"custom/setup.go:861","msg":"Tunnel binary started on port :61364"}
{"level":"info","time":"2025-01-12T09:36:59.183+0530","caller":"core/lifecycle.go:282","msg":"Launching tunnel"}
{"level":"info","time":"2025-01-12T09:36:59.984+0530","caller":"core/lifecycle.go:282","msg":"Launching tunnel"}
{"level":"info","time":"2025-01-12T09:37:04.275+0530","caller":"core/lifecycle.go:404","msg":"You can start testing now"}
{"level":"info","time":"2025-01-12T09:37:04.275+0530","caller":"core/lifecycle.go:405","msg":"Tunnel ID: 3866452"}
{"level":"info","time":"2025-01-12T09:37:04.492+0530","caller":"core/lifecycle.go:404","msg":"You can start testing now"}
{"level":"info","time":"2025-01-12T09:37:04.492+0530","caller":"core/lifecycle.go:405","msg":"Tunnel ID: 3866453"}
{"level":"info","time":"2025-01-12T09:37:13.512+0530","caller":"cmd/lt.go:207","msg":"LambdaTest Tunnel version: 3.2.10"}
{"level":"warn","time":"2025-01-12T09:37:13.513+0530","caller":"configmanager/setup.go:79","msg":"Tunnel Name was not specified, using: 336d3ada-5151-4660-ab53-d85c44cf0e13"}
{"level":"warn","time":"2025-01-12T09:37:14.695+0530","caller":"custom/setup.go:846","msg":"Port 9090 is already in use. Trying on a random free tcp port."}
{"level":"info","time":"2025-01-12T09:37:14.696+0530","caller":"custom/setup.go:861","msg":"Tunnel binary started on port :61397"}
{"level":"info","time":"2025-01-12T09:37:16.017+0530","caller":"core/lifecycle.go:282","msg":"Launching tunnel"}
{"level":"info","time":"2025-01-12T09:37:20.413+0530","caller":"core/lifecycle.go:404","msg":"You can start testing now"}
{"level":"info","time":"2025-01-12T09:37:20.413+0530","caller":"core/lifecycle.go:405","msg":"Tunnel ID: 3866473"}
{"level":"info","time":"2025-01-12T09:37:34.665+0530","caller":"cmd/lt.go:207","msg":"LambdaTest Tunnel version: 3.2.10"}
{"level":"warn","time":"2025-01-12T09:37:34.666+0530","caller":"configmanager/setup.go:79","msg":"Tunnel Name was not specified, using: 7639e8d5-01b9-41cc-a622-d238b4c51d42"}
{"level":"warn","time":"2025-01-12T09:37:35.710+0530","caller":"custom/setup.go:846","msg":"Port 9090 is already in use. Trying on a random free tcp port."}
{"level":"info","time":"2025-01-12T09:37:35.712+0530","caller":"custom/setup.go:861","msg":"Tunnel binary started on port :61431"}
{"level":"info","time":"2025-01-12T09:37:36.190+0530","caller":"cmd/lt.go:207","msg":"LambdaTest Tunnel version: 3.2.10"}
{"level":"warn","time":"2025-01-12T09:37:36.191+0530","caller":"configmanager/setup.go:79","msg":"Tunnel Name was not specified, using: fb569f87-c9da-41b8-90a4-8a30cdd71ae4"}
{"level":"info","time":"2025-01-12T09:37:37.095+0530","caller":"core/lifecycle.go:282","msg":"Launching tunnel"}
{"level":"warn","time":"2025-01-12T09:37:37.313+0530","caller":"custom/setup.go:846","msg":"Port 9090 is already in use. Trying on a random free tcp port."}
{"level":"info","time":"2025-01-12T09:37:37.314+0530","caller":"custom/setup.go:861","msg":"Tunnel binary started on port :61441"}
{"level":"info","time":"2025-01-12T09:37:38.593+0530","caller":"core/lifecycle.go:282","msg":"Launching tunnel"}
{"level":"info","time":"2025-01-12T09:37:41.007+0530","caller":"core/lifecycle.go:404","msg":"You can start testing now"}
{"level":"info","time":"2025-01-12T09:37:41.007+0530","caller":"core/lifecycle.go:405","msg":"Tunnel ID: 3866491"}
{"level":"info","time":"2025-01-12T09:37:42.602+0530","caller":"core/lifecycle.go:404","msg":"You can start testing now"}
{"level":"info","time":"2025-01-12T09:37:42.603+0530","caller":"core/lifecycle.go:405","msg":"Tunnel ID: 3866492"}
{"level":"info","time":"2025-01-12T09:46:56.078+0530","caller":"cmd/lt.go:207","msg":"LambdaTest Tunnel version: 3.2.10"}
{"level":"warn","time":"2025-01-12T09:46:56.079+0530","caller":"configmanager/setup.go:79","msg":"Tunnel Name was not specified, using: 8634687e-a1d0-4b2a-bee8-97e59a1880a7"}
{"level":"warn","time":"2025-01-12T09:46:57.573+0530","caller":"custom/setup.go:846","msg":"Port 9090 is already in use. Trying on a random free tcp port."}
{"level":"info","time":"2025-01-12T09:46:57.575+0530","caller":"custom/setup.go:861","msg":"Tunnel binary started on port :61693"}
{"level":"info","time":"2025-01-12T09:46:59.115+0530","caller":"core/lifecycle.go:282","msg":"Launching tunnel"}
{"level":"info","time":"2025-01-12T09:47:03.211+0530","caller":"core/lifecycle.go:404","msg":"You can start testing now"}
{"level":"info","time":"2025-01-12T09:47:03.211+0530","caller":"core/lifecycle.go:405","msg":"Tunnel ID: 3866674"}
{"level":"info","time":"2025-01-12T09:47:22.089+0530","caller":"cmd/lt.go:207","msg":"LambdaTest Tunnel version: 3.2.10"}
{"level":"warn","time":"2025-01-12T09:47:22.090+0530","caller":"configmanager/setup.go:79","msg":"Tunnel Name was not specified, using: 3425c685-de97-4c41-ac5f-482466125fcb"}
{"level":"warn","time":"2025-01-12T09:47:23.189+0530","caller":"custom/setup.go:846","msg":"Port 9090 is already in use. Trying on a random free tcp port."}
{"level":"info","time":"2025-01-12T09:47:23.190+0530","caller":"custom/setup.go:861","msg":"Tunnel binary started on port :61731"}
{"level":"info","time":"2025-01-12T09:47:25.140+0530","caller":"core/lifecycle.go:282","msg":"Launching tunnel"}
{"level":"info","time":"2025-01-12T09:47:29.595+0530","caller":"core/lifecycle.go:404","msg":"You can start testing now"}
{"level":"info","time":"2025-01-12T09:47:29.595+0530","caller":"core/lifecycle.go:405","msg":"Tunnel ID: 3866676"}
{"level":"info","time":"2025-01-12T09:47:53.573+0530","caller":"cmd/lt.go:207","msg":"LambdaTest Tunnel version: 3.2.10"}
{"level":"warn","time":"2025-01-12T09:47:53.574+0530","caller":"configmanager/setup.go:79","msg":"Tunnel Name was not specified, using: a903f437-46f2-4a5c-9f18-1b4035d38877"}
{"level":"warn","time":"2025-01-12T09:47:54.788+0530","caller":"custom/setup.go:846","msg":"Port 9090 is already in use. Trying on a random free tcp port."}
{"level":"info","time":"2025-01-12T09:47:54.790+0530","caller":"custom/setup.go:861","msg":"Tunnel binary started on port :61753"}
{"level":"info","time":"2025-01-12T09:47:56.245+0530","caller":"core/lifecycle.go:282","msg":"Launching tunnel"}
{"level":"info","time":"2025-01-12T09:48:00.482+0530","caller":"core/lifecycle.go:404","msg":"You can start testing now"}
{"level":"info","time":"2025-01-12T09:48:00.483+0530","caller":"core/lifecycle.go:405","msg":"Tunnel ID: 3866683"}
{"level":"error","time":"2025-01-12T10:40:44.581+0530","caller":"ws/control.go:79","msg":"Control connection break error"}
{"level":"warn","time":"2025-01-12T10:40:44.581+0530","caller":"ws/control.go:80","msg":"Retrying"}
{"level":"error","time":"2025-01-12T10:40:44.582+0530","caller":"ws/control.go:81","msg":"ERR::WS::CTRL::CONN::DWN : Control websocket connection closed read tcp 192.168.235.179:61336->23.106.54.77:443: i/o timeout "}
{"level":"error","time":"2025-01-12T10:40:44.669+0530","caller":"ws/control.go:79","msg":"Control connection break error"}
{"level":"warn","time":"2025-01-12T10:40:44.669+0530","caller":"ws/control.go:80","msg":"Retrying"}
{"level":"error","time":"2025-01-12T10:40:44.669+0530","caller":"ws/control.go:81","msg":"ERR::WS::CTRL::CONN::DWN : Control websocket connection closed read tcp 192.168.235.179:60933->23.106.54.77:443: i/o timeout "}
{"level":"error","time":"2025-01-12T10:40:45.602+0530","caller":"ws/control.go:79","msg":"Control connection break error"}
{"level":"error","time":"2025-01-12T10:40:45.602+0530","caller":"ws/control.go:79","msg":"Control connection break error"}
{"level":"error","time":"2025-01-12T10:40:45.602+0530","caller":"ws/control.go:79","msg":"Control connection break error"}
{"level":"error","time":"2025-01-12T10:40:45.603+0530","caller":"ws/control.go:79","msg":"Control connection break error"}
{"level":"error","time":"2025-01-12T10:40:45.603+0530","caller":"ws/control.go:79","msg":"Control connection break error"}
{"level":"error","time":"2025-01-12T10:40:45.603+0530","caller":"ws/control.go:79","msg":"Control connection break error"}
{"level":"error","time":"2025-01-12T10:40:45.604+0530","caller":"ws/control.go:79","msg":"Control connection break error"}
{"level":"error","time":"2025-01-12T10:40:45.604+0530","caller":"ws/control.go:79","msg":"Control connection break error"}
{"level":"error","time":"2025-01-12T10:40:45.605+0530","caller":"ws/control.go:79","msg":"Control connection break error"}
{"level":"error","time":"2025-01-12T10:40:45.605+0530","caller":"ws/control.go:79","msg":"Control connection break error"}
{"level":"error","time":"2025-01-12T10:40:45.606+0530","caller":"ws/control.go:79","msg":"Control connection break error"}
{"level":"error","time":"2025-01-12T10:40:45.607+0530","caller":"ws/control.go:79","msg":"Control connection break error"}
{"level":"error","time":"2025-01-12T10:40:45.607+0530","caller":"ws/control.go:79","msg":"Control connection break error"}
{"level":"error","time":"2025-01-12T10:40:45.607+0530","caller":"ws/control.go:79","msg":"Control connection break error"}
{"level":"error","time":"2025-01-12T10:40:45.607+0530","caller":"ws/control.go:79","msg":"Control connection break error"}
{"level":"error","time":"2025-01-12T10:40:45.607+0530","caller":"ws/control.go:79","msg":"Control connection break error"}
{"level":"error","time":"2025-01-12T10:40:45.608+0530","caller":"ws/control.go:79","msg":"Control connection break error"}
{"level":"error","time":"2025-01-12T10:40:45.608+0530","caller":"ws/control.go:79","msg":"Control connection break error"}
{"level":"error","time":"2025-01-12T10:40:45.621+0530","caller":"ws/control.go:79","msg":"Control connection break error"}
{"level":"error","time":"2025-01-12T10:40:45.622+0530","caller":"ws/control.go:79","msg":"Control connection break error"}
{"level":"error","time":"2025-01-12T10:40:45.630+0530","caller":"ws/control.go:79","msg":"Control connection break error"}
{"level":"error","time":"2025-01-12T10:40:45.631+0530","caller":"ws/control.go:79","msg":"Control connection break error"}
{"level":"error","time":"2025-01-12T10:40:45.632+0530","caller":"ws/control.go:79","msg":"Control connection break error"}
{"level":"error","time":"2025-01-12T10:40:45.635+0530","caller":"ws/control.go:79","msg":"Control connection break error"}
{"level":"error","time":"2025-01-12T10:40:45.636+0530","caller":"ws/control.go:79","msg":"Control connection break error"}
{"level":"warn","time":"2025-01-12T10:40:45.649+0530","caller":"ws/control.go:80","msg":"Retrying"}
{"level":"warn","time":"2025-01-12T10:40:46.016+0530","caller":"ws/control.go:80","msg":"Retrying"}
{"level":"warn","time":"2025-01-12T10:40:46.435+0530","caller":"ws/control.go:80","msg":"Retrying"}
{"level":"error","time":"2025-01-12T10:40:46.535+0530","caller":"ws/control.go:81","msg":"ERR::WS::CTRL::CONN::DWN : Control websocket connection closed read tcp 192.168.235.179:61737->23.106.54.77:443: i/o timeout "}
{"level":"error","time":"2025-01-12T10:40:46.539+0530","caller":"ws/control.go:81","msg":"ERR::WS::CTRL::CONN::DWN : Control websocket connection closed read tcp 192.168.235.179:61758->23.106.54.77:443: i/o timeout "}
{"level":"error","time":"2025-01-12T10:40:46.554+0530","caller":"ws/control.go:81","msg":"ERR::WS::CTRL::CONN::DWN : Control websocket connection closed read tcp 192.168.235.179:61126->23.106.54.77:443: i/o timeout "}
{"level":"error","time":"2025-01-12T10:40:46.741+0530","caller":"ws/control.go:67","msg":"ERR::WS::Conn : Unable to establish control websocket connection dial tcp: lookup ts-dc.lambdatest.com: no such host "}
{"level":"warn","time":"2025-01-12T10:40:46.741+0530","caller":"ws/control.go:68","msg":"Retrying"}
{"level":"error","time":"2025-01-12T10:40:46.775+0530","caller":"ws/control.go:67","msg":"ERR::WS::Conn : Unable to establish control websocket connection dial tcp: lookup ts-dc.lambdatest.com: no such host "}
{"level":"warn","time":"2025-01-12T10:40:46.775+0530","caller":"ws/control.go:68","msg":"Retrying"}
{"level":"error","time":"2025-01-12T10:40:46.785+0530","caller":"ws/control.go:67","msg":"ERR::WS::Conn : Unable to establish control websocket connection dial tcp: lookup ts-dc.lambdatest.com: no such host "}
{"level":"warn","time":"2025-01-12T10:40:46.786+0530","caller":"ws/control.go:68","msg":"Retrying"}
{"level":"warn","time":"2025-01-12T10:40:46.958+0530","caller":"ws/control.go:80","msg":"Retrying"}
{"level":"error","time":"2025-01-12T10:40:46.958+0530","caller":"ws/control.go:81","msg":"ERR::WS::CTRL::CONN::DWN : Control websocket connection closed read tcp 192.168.235.179:60879->23.106.54.77:443: i/o timeout "}
{"level":"warn","time":"2025-01-12T10:40:46.960+0530","caller":"ws/control.go:80","msg":"Retrying"}
{"level":"error","time":"2025-01-12T10:40:46.960+0530","caller":"ws/control.go:81","msg":"ERR::WS::CTRL::CONN::DWN : Control websocket connection closed read tcp 192.168.235.179:60877->23.106.54.77:443: i/o timeout "}
{"level":"warn","time":"2025-01-12T10:40:46.962+0530","caller":"ws/control.go:80","msg":"Retrying"}
{"level":"error","time":"2025-01-12T10:40:46.962+0530","caller":"ws/control.go:81","msg":"ERR::WS::CTRL::CONN::DWN : Control websocket connection closed read tcp 192.168.235.179:61316->23.106.54.77:443: i/o timeout "}
{"level":"warn","time":"2025-01-12T10:40:46.965+0530","caller":"ws/control.go:80","msg":"Retrying"}
{"level":"error","time":"2025-01-12T10:40:46.965+0530","caller":"ws/control.go:81","msg":"ERR::WS::CTRL::CONN::DWN : Control websocket connection closed read tcp 192.168.235.179:61369->23.106.54.77:443: i/o timeout "}
{"level":"warn","time":"2025-01-12T10:40:46.974+0530","caller":"ws/control.go:80","msg":"Retrying"}
{"level":"error","time":"2025-01-12T10:40:46.974+0530","caller":"ws/control.go:81","msg":"ERR::WS::CTRL::CONN::DWN : Control websocket connection closed read tcp 192.168.235.179:61027->23.106.54.77:443: i/o timeout "}
{"level":"warn","time":"2025-01-12T10:40:46.978+0530","caller":"ws/control.go:80","msg":"Retrying"}
{"level":"error","time":"2025-01-12T10:40:46.978+0530","caller":"ws/control.go:81","msg":"ERR::WS::CTRL::CONN::DWN : Control websocket connection closed read tcp 192.168.235.179:60958->23.106.54.77:443: i/o timeout "}
{"level":"warn","time":"2025-01-12T10:40:46.981+0530","caller":"ws/control.go:80","msg":"Retrying"}
{"level":"error","time":"2025-01-12T10:40:46.982+0530","caller":"ws/control.go:81","msg":"ERR::WS::CTRL::CONN::DWN : Control websocket connection closed read tcp 192.168.235.179:60977->23.106.54.77:443: i/o timeout "}
{"level":"warn","time":"2025-01-12T10:40:46.988+0530","caller":"ws/control.go:80","msg":"Retrying"}
{"level":"error","time":"2025-01-12T10:40:46.988+0530","caller":"ws/control.go:81","msg":"ERR::WS::CTRL::CONN::DWN : Control websocket connection closed read tcp 192.168.235.179:61076->23.106.54.77:443: i/o timeout "}
{"level":"error","time":"2025-01-12T10:40:46.989+0530","caller":"ws/control.go:67","msg":"ERR::WS::Conn : Unable to establish control websocket connection dial tcp: lookup ts-dc.lambdatest.com: no such host "}
{"level":"warn","time":"2025-01-12T10:40:46.989+0530","caller":"ws/control.go:68","msg":"Retrying"}
{"level":"warn","time":"2025-01-12T10:40:46.990+0530","caller":"ws/control.go:80","msg":"Retrying"}
{"level":"error","time":"2025-01-12T10:40:46.990+0530","caller":"ws/control.go:81","msg":"ERR::WS::CTRL::CONN::DWN : Control websocket connection closed read tcp 192.168.235.179:61105->23.106.54.77:443: i/o timeout "}
{"level":"error","time":"2025-01-12T10:40:46.991+0530","caller":"ws/control.go:67","msg":"ERR::WS::Conn : Unable to establish control websocket connection dial tcp: lookup ts-dc.lambdatest.com: no such host "}
{"level":"warn","time":"2025-01-12T10:40:46.991+0530","caller":"ws/control.go:68","msg":"Retrying"}
{"level":"warn","time":"2025-01-12T10:40:46.992+0530","caller":"ws/control.go:80","msg":"Retrying"}
{"level":"error","time":"2025-01-12T10:40:46.992+0530","caller":"ws/control.go:81","msg":"ERR::WS::CTRL::CONN::DWN : Control websocket connection closed read tcp 192.168.235.179:61224->23.106.54.77:443: i/o timeout "}
{"level":"error","time":"2025-01-12T10:40:46.994+0530","caller":"ws/control.go:67","msg":"ERR::WS::Conn : Unable to establish control websocket connection dial tcp: lookup ts-dc.lambdatest.com: no such host "}
{"level":"warn","time":"2025-01-12T10:40:46.994+0530","caller":"ws/control.go:68","msg":"Retrying"}
{"level":"warn","time":"2025-01-12T10:40:46.996+0530","caller":"ws/control.go:80","msg":"Retrying"}
{"level":"error","time":"2025-01-12T10:40:46.996+0530","caller":"ws/control.go:81","msg":"ERR::WS::CTRL::CONN::DWN : Control websocket connection closed read tcp 192.168.235.179:61225->23.106.54.77:443: i/o timeout "}
{"level":"warn","time":"2025-01-12T10:40:46.999+0530","caller":"ws/control.go:80","msg":"Retrying"}
{"level":"error","time":"2025-01-12T10:40:46.999+0530","caller":"ws/control.go:67","msg":"ERR::WS::Conn : Unable to establish control websocket connection dial tcp: lookup ts-dc.lambdatest.com: no such host "}
{"level":"error","time":"2025-01-12T10:40:46.999+0530","caller":"ws/control.go:81","msg":"ERR::WS::CTRL::CONN::DWN : Control websocket connection closed read tcp 192.168.235.179:61029->23.106.54.77:443: i/o timeout "}
{"level":"warn","time":"2025-01-12T10:40:46.999+0530","caller":"ws/control.go:68","msg":"Retrying"}
{"level":"warn","time":"2025-01-12T10:40:47.002+0530","caller":"ws/control.go:80","msg":"Retrying"}
{"level":"error","time":"2025-01-12T10:40:47.002+0530","caller":"ws/control.go:81","msg":"ERR::WS::CTRL::CONN::DWN : Control websocket connection closed read tcp 192.168.235.179:60881->23.106.54.77:443: i/o timeout "}
{"level":"warn","time":"2025-01-12T10:40:47.009+0530","caller":"ws/control.go:80","msg":"Retrying"}
{"level":"error","time":"2025-01-12T10:40:47.009+0530","caller":"ws/control.go:81","msg":"ERR::WS::CTRL::CONN::DWN : Control websocket connection closed read tcp 192.168.235.179:60887->23.106.54.77:443: i/o timeout "}
{"level":"error","time":"2025-01-12T10:40:47.014+0530","caller":"ws/control.go:67","msg":"ERR::WS::Conn : Unable to establish control websocket connection dial tcp: lookup ts-dc.lambdatest.com: no such host "}
{"level":"warn","time":"2025-01-12T10:40:47.014+0530","caller":"ws/control.go:68","msg":"Retrying"}
{"level":"error","time":"2025-01-12T10:40:47.014+0530","caller":"ws/control.go:67","msg":"ERR::WS::Conn : Unable to establish control websocket connection dial tcp: lookup ts-dc.lambdatest.com: no such host "}
{"level":"warn","time":"2025-01-12T10:40:47.014+0530","caller":"ws/control.go:68","msg":"Retrying"}
{"level":"error","time":"2025-01-12T10:40:47.014+0530","caller":"ws/control.go:67","msg":"ERR::WS::Conn : Unable to establish control websocket connection dial tcp: lookup ts-dc.lambdatest.com: no such host "}
{"level":"warn","time":"2025-01-12T10:40:47.014+0530","caller":"ws/control.go:68","msg":"Retrying"}
{"level":"error","time":"2025-01-12T10:40:47.020+0530","caller":"ws/control.go:67","msg":"ERR::WS::Conn : Unable to establish control websocket connection dial tcp: lookup ts-dc.lambdatest.com: no such host "}
{"level":"warn","time":"2025-01-12T10:40:47.020+0530","caller":"ws/control.go:68","msg":"Retrying"}
{"level":"warn","time":"2025-01-12T10:40:47.024+0530","caller":"ws/control.go:80","msg":"Retrying"}
{"level":"error","time":"2025-01-12T10:40:47.024+0530","caller":"ws/control.go:81","msg":"ERR::WS::CTRL::CONN::DWN : Control websocket connection closed read tcp 192.168.235.179:61221->23.106.54.77:443: i/o timeout "}
{"level":"warn","time":"2025-01-12T10:40:47.026+0530","caller":"ws/control.go:80","msg":"Retrying"}
{"level":"error","time":"2025-01-12T10:40:47.026+0530","caller":"ws/control.go:81","msg":"ERR::WS::CTRL::CONN::DWN : Control websocket connection closed read tcp 192.168.235.179:61284->23.106.54.77:443: i/o timeout "}
{"level":"error","time":"2025-01-12T10:40:47.027+0530","caller":"ws/control.go:67","msg":"ERR::WS::Conn : Unable to establish control websocket connection dial tcp: lookup ts-dc.lambdatest.com: no such host "}
{"level":"warn","time":"2025-01-12T10:40:47.027+0530","caller":"ws/control.go:68","msg":"Retrying"}
{"level":"error","time":"2025-01-12T10:40:47.029+0530","caller":"ws/control.go:67","msg":"ERR::WS::Conn : Unable to establish control websocket connection dial tcp: lookup ts-dc.lambdatest.com: no such host "}
{"level":"warn","time":"2025-01-12T10:40:47.029+0530","caller":"ws/control.go:68","msg":"Retrying"}
{"level":"warn","time":"2025-01-12T10:40:47.030+0530","caller":"ws/control.go:80","msg":"Retrying"}
{"level":"error","time":"2025-01-12T10:40:47.030+0530","caller":"ws/control.go:81","msg":"ERR::WS::CTRL::CONN::DWN : Control websocket connection closed read tcp 192.168.235.179:61367->23.106.54.77:443: i/o timeout "}
{"level":"warn","time":"2025-01-12T10:40:47.034+0530","caller":"ws/control.go:80","msg":"Retrying"}
{"level":"error","time":"2025-01-12T10:40:47.034+0530","caller":"ws/control.go:81","msg":"ERR::WS::CTRL::CONN::DWN : Control websocket connection closed read tcp 192.168.235.179:61438->23.106.54.77:443: i/o timeout "}
{"level":"error","time":"2025-01-12T10:40:47.045+0530","caller":"ws/control.go:67","msg":"ERR::WS::Conn : Unable to establish control websocket connection dial tcp: lookup ts-dc.lambdatest.com: no such host "}
{"level":"warn","time":"2025-01-12T10:40:47.045+0530","caller":"ws/control.go:68","msg":"Retrying"}
{"level":"error","time":"2025-01-12T10:40:47.046+0530","caller":"ws/control.go:67","msg":"ERR::WS::Conn : Unable to establish control websocket connection dial tcp: lookup ts-dc.lambdatest.com: no such host "}
{"level":"warn","time":"2025-01-12T10:40:47.046+0530","caller":"ws/control.go:68","msg":"Retrying"}
{"level":"error","time":"2025-01-12T10:40:47.056+0530","caller":"ws/control.go:67","msg":"ERR::WS::Conn : Unable to establish control websocket connection dial tcp: lookup ts-dc.lambdatest.com: no such host "}
{"level":"warn","time":"2025-01-12T10:40:47.056+0530","caller":"ws/control.go:68","msg":"Retrying"}
{"level":"warn","time":"2025-01-12T10:40:47.072+0530","caller":"ws/control.go:80","msg":"Retrying"}
{"level":"error","time":"2025-01-12T10:40:47.072+0530","caller":"ws/control.go:81","msg":"ERR::WS::CTRL::CONN::DWN : Control websocket connection closed read tcp 192.168.235.179:61447->23.106.54.77:443: i/o timeout "}
{"level":"warn","time":"2025-01-12T10:40:47.076+0530","caller":"ws/control.go:80","msg":"Retrying"}
{"level":"error","time":"2025-01-12T10:40:47.076+0530","caller":"ws/control.go:81","msg":"ERR::WS::CTRL::CONN::DWN : Control websocket connection closed read tcp 192.168.235.179:61402->23.106.54.77:443: i/o timeout "}
{"level":"error","time":"2025-01-12T10:40:47.077+0530","caller":"ws/control.go:67","msg":"ERR::WS::Conn : Unable to establish control websocket connection dial tcp: lookup ts-dc.lambdatest.com: no such host "}
{"level":"warn","time":"2025-01-12T10:40:47.077+0530","caller":"ws/control.go:68","msg":"Retrying"}
{"level":"warn","time":"2025-01-12T10:40:47.079+0530","caller":"ws/control.go:80","msg":"Retrying"}
{"level":"error","time":"2025-01-12T10:40:47.079+0530","caller":"ws/control.go:81","msg":"ERR::WS::CTRL::CONN::DWN : Control websocket connection closed read tcp 192.168.235.179:61704->23.106.54.77:443: i/o timeout "}
{"level":"error","time":"2025-01-12T10:40:47.079+0530","caller":"ws/control.go:67","msg":"ERR::WS::Conn : Unable to establish control websocket connection dial tcp: lookup ts-dc.lambdatest.com: no such host "}
{"level":"warn","time":"2025-01-12T10:40:47.079+0530","caller":"ws/control.go:68","msg":"Retrying"}
{"level":"error","time":"2025-01-12T10:40:47.080+0530","caller":"ws/control.go:67","msg":"ERR::WS::Conn : Unable to establish control websocket connection dial tcp: lookup ts-dc.lambdatest.com: no such host "}
{"level":"warn","time":"2025-01-12T10:40:47.081+0530","caller":"ws/control.go:68","msg":"Retrying"}
{"level":"warn","time":"2025-01-12T10:40:47.081+0530","caller":"ws/control.go:80","msg":"Retrying"}
{"level":"error","time":"2025-01-12T10:40:47.081+0530","caller":"ws/control.go:81","msg":"ERR::WS::CTRL::CONN::DWN : Control websocket connection closed read tcp 192.168.235.179:61228->23.106.54.77:443: i/o timeout "}
{"level":"error","time":"2025-01-12T10:40:47.139+0530","caller":"ws/control.go:67","msg":"ERR::WS::Conn : Unable to establish control websocket connection dial tcp: lookup ts-dc.lambdatest.com: no such host "}
{"level":"warn","time":"2025-01-12T10:40:47.139+0530","caller":"ws/control.go:68","msg":"Retrying"}
{"level":"error","time":"2025-01-12T10:40:47.174+0530","caller":"ws/control.go:67","msg":"ERR::WS::Conn : Unable to establish control websocket connection dial tcp: lookup ts-dc.lambdatest.com: no such host "}
{"level":"warn","time":"2025-01-12T10:40:47.175+0530","caller":"ws/control.go:68","msg":"Retrying"}
{"level":"error","time":"2025-01-12T10:40:47.497+0530","caller":"ws/control.go:67","msg":"ERR::WS::Conn : Unable to establish control websocket connection dial tcp: lookup ts-dc.lambdatest.com: no such host "}
{"level":"warn","time":"2025-01-12T10:40:47.497+0530","caller":"ws/control.go:68","msg":"Retrying"}
{"level":"error","time":"2025-01-12T10:40:47.526+0530","caller":"ws/control.go:67","msg":"ERR::WS::Conn : Unable to establish control websocket connection dial tcp: lookup ts-dc.lambdatest.com: no such host "}
{"level":"warn","time":"2025-01-12T10:40:47.526+0530","caller":"ws/control.go:68","msg":"Retrying"}
{"level":"error","time":"2025-01-12T10:40:47.544+0530","caller":"ws/control.go:67","msg":"ERR::WS::Conn : Unable to establish control websocket connection dial tcp: lookup ts-dc.lambdatest.com: no such host "}
{"level":"warn","time":"2025-01-12T10:40:47.544+0530","caller":"ws/control.go:68","msg":"Retrying"}
{"level":"error","time":"2025-01-12T10:40:47.548+0530","caller":"ws/control.go:67","msg":"ERR::WS::Conn : Unable to establish control websocket connection dial tcp: lookup ts-dc.lambdatest.com: no such host "}
{"level":"warn","time":"2025-01-12T10:40:47.548+0530","caller":"ws/control.go:68","msg":"Retrying"}
{"level":"error","time":"2025-01-12T10:40:47.581+0530","caller":"ws/control.go:67","msg":"ERR::WS::Conn : Unable to establish control websocket connection dial tcp: lookup ts-dc.lambdatest.com: no such host "}
{"level":"warn","time":"2025-01-12T10:40:47.581+0530","caller":"ws/control.go:68","msg":"Retrying"}
{"level":"error","time":"2025-01-12T10:40:47.602+0530","caller":"ws/control.go:67","msg":"ERR::WS::Conn : Unable to establish control websocket connection dial tcp: lookup ts-dc.lambdatest.com: no such host "}
{"level":"warn","time":"2025-01-12T10:40:47.602+0530","caller":"ws/control.go:68","msg":"Retrying"}
{"level":"error","time":"2025-01-12T10:40:47.619+0530","caller":"ws/control.go:67","msg":"ERR::WS::Conn : Unable to establish control websocket connection dial tcp: lookup ts-dc.lambdatest.com: no such host "}
{"level":"warn","time":"2025-01-12T10:40:47.619+0530","caller":"ws/control.go:68","msg":"Retrying"}
{"level":"error","time":"2025-01-12T10:40:48.037+0530","caller":"ws/control.go:67","msg":"ERR::WS::Conn : Unable to establish control websocket connection dial tcp: lookup ts-dc.lambdatest.com: no such host "}
{"level":"warn","time":"2025-01-12T10:40:48.037+0530","caller":"ws/control.go:68","msg":"Retrying"}
{"level":"error","time":"2025-01-12T10:40:48.037+0530","caller":"ws/control.go:67","msg":"ERR::WS::Conn : Unable to establish control websocket connection dial tcp: lookup ts-dc.lambdatest.com: no such host "}
{"level":"warn","time":"2025-01-12T10:40:48.037+0530","caller":"ws/control.go:68","msg":"Retrying"}
{"level":"error","time":"2025-01-12T10:40:48.061+0530","caller":"ws/control.go:67","msg":"ERR::WS::Conn : Unable to establish control websocket connection dial tcp: lookup ts-dc.lambdatest.com: no such host "}
{"level":"warn","time":"2025-01-12T10:40:48.061+0530","caller":"ws/control.go:68","msg":"Retrying"}
{"level":"error","time":"2025-01-12T10:40:48.065+0530","caller":"ws/control.go:67","msg":"ERR::WS::Conn : Unable to establish control websocket connection dial tcp: lookup ts-dc.lambdatest.com: no such host "}
{"level":"warn","time":"2025-01-12T10:40:48.065+0530","caller":"ws/control.go:68","msg":"Retrying"}
{"level":"error","time":"2025-01-12T10:40:48.065+0530","caller":"ws/control.go:67","msg":"ERR::WS::Conn : Unable to establish control websocket connection dial tcp: lookup ts-dc.lambdatest.com: no such host "}
{"level":"warn","time":"2025-01-12T10:40:48.065+0530","caller":"ws/control.go:68","msg":"Retrying"}
{"level":"error","time":"2025-01-12T10:40:48.077+0530","caller":"ws/control.go:67","msg":"ERR::WS::Conn : Unable to establish control websocket connection dial tcp: lookup ts-dc.lambdatest.com: no such host "}
{"level":"warn","time":"2025-01-12T10:40:48.077+0530","caller":"ws/control.go:68","msg":"Retrying"}
{"level":"error","time":"2025-01-12T10:40:48.077+0530","caller":"ws/control.go:67","msg":"ERR::WS::Conn : Unable to establish control websocket connection dial tcp: lookup ts-dc.lambdatest.com: no such host "}
{"level":"warn","time":"2025-01-12T10:40:48.077+0530","caller":"ws/control.go:68","msg":"Retrying"}
{"level":"error","time":"2025-01-12T10:40:48.077+0530","caller":"ws/control.go:67","msg":"ERR::WS::Conn : Unable to establish control websocket connection dial tcp: lookup ts-dc.lambdatest.com: no such host "}
{"level":"warn","time":"2025-01-12T10:40:48.078+0530","caller":"ws/control.go:68","msg":"Retrying"}
{"level":"error","time":"2025-01-12T10:40:48.078+0530","caller":"ws/control.go:67","msg":"ERR::WS::Conn : Unable to establish control websocket connection dial tcp: lookup ts-dc.lambdatest.com: no such host "}
{"level":"warn","time":"2025-01-12T10:40:48.078+0530","caller":"ws/control.go:68","msg":"Retrying"}
{"level":"error","time":"2025-01-12T10:40:48.078+0530","caller":"ws/control.go:67","msg":"ERR::WS::Conn : Unable to establish control websocket connection dial tcp: lookup ts-dc.lambdatest.com: no such host "}
{"level":"warn","time":"2025-01-12T10:40:48.078+0530","caller":"ws/control.go:68","msg":"Retrying"}
{"level":"error","time":"2025-01-12T10:40:48.078+0530","caller":"ws/control.go:67","msg":"ERR::WS::Conn : Unable to establish control websocket connection dial tcp: lookup ts-dc.lambdatest.com: no such host "}
{"level":"warn","time":"2025-01-12T10:40:48.078+0530","caller":"ws/control.go:68","msg":"Retrying"}
{"level":"error","time":"2025-01-12T10:40:48.079+0530","caller":"ws/control.go:67","msg":"ERR::WS::Conn : Unable to establish control websocket connection dial tcp: lookup ts-dc.lambdatest.com: no such host "}
{"level":"warn","time":"2025-01-12T10:40:48.079+0530","caller":"ws/control.go:68","msg":"Retrying"}
{"level":"error","time":"2025-01-12T10:40:48.080+0530","caller":"ws/control.go:67","msg":"ERR::WS::Conn : Unable to establish control websocket connection dial tcp: lookup ts-dc.lambdatest.com: no such host "}
{"level":"warn","time":"2025-01-12T10:40:48.080+0530","caller":"ws/control.go:68","msg":"Retrying"}
{"level":"error","time":"2025-01-12T10:40:48.083+0530","caller":"ws/control.go:67","msg":"ERR::WS::Conn : Unable to establish control websocket connection dial tcp: lookup ts-dc.lambdatest.com: no such host "}
{"level":"warn","time":"2025-01-12T10:40:48.083+0530","caller":"ws/control.go:68","msg":"Retrying"}
{"level":"error","time":"2025-01-12T10:40:48.084+0530","caller":"ws/control.go:67","msg":"ERR::WS::Conn : Unable to establish control websocket connection dial tcp: lookup ts-dc.lambdatest.com: no such host "}
{"level":"warn","time":"2025-01-12T10:40:48.084+0530","caller":"ws/control.go:68","msg":"Retrying"}
{"level":"error","time":"2025-01-12T10:40:48.100+0530","caller":"ws/control.go:67","msg":"ERR::WS::Conn : Unable to establish control websocket connection dial tcp: lookup ts-dc.lambdatest.com: no such host "}
{"level":"warn","time":"2025-01-12T10:40:48.101+0530","caller":"ws/control.go:68","msg":"Retrying"}
{"level":"error","time":"2025-01-12T10:40:48.101+0530","caller":"ws/control.go:67","msg":"ERR::WS::Conn : Unable to establish control websocket connection dial tcp: lookup ts-dc.lambdatest.com: no such host "}
{"level":"warn","time":"2025-01-12T10:40:48.101+0530","caller":"ws/control.go:68","msg":"Retrying"}
{"level":"error","time":"2025-01-12T10:40:48.162+0530","caller":"ws/control.go:67","msg":"ERR::WS::Conn : Unable to establish control websocket connection dial tcp: lookup ts-dc.lambdatest.com: no such host "}
{"level":"warn","time":"2025-01-12T10:40:48.163+0530","caller":"ws/control.go:68","msg":"Retrying"}
{"level":"error","time":"2025-01-12T10:40:48.421+0530","caller":"ssh/ssh.go:183","msg":"Error while creating ssh connection, over port 22 dial tcp: lookup ts-dc.lambdatest.com: no such host"}
{"level":"error","time":"2025-01-12T10:40:48.422+0530","caller":"ssh/ssh.go:183","msg":"Error while creating ssh connection, over port 22 dial tcp: lookup ts-dc.lambdatest.com: no such host"}
{"level":"error","time":"2025-01-12T10:40:48.422+0530","caller":"ssh/ssh.go:183","msg":"Error while creating ssh connection, over port 22 dial tcp: lookup ts-dc.lambdatest.com: no such host"}
{"level":"error","time":"2025-01-12T10:40:48.429+0530","caller":"ssh/ssh.go:183","msg":"Error while creating ssh connection, over port 22 dial tcp: lookup ts-dc.lambdatest.com: no such host"}
{"level":"error","time":"2025-01-12T10:40:48.430+0530","caller":"ssh/ssh.go:183","msg":"Error while creating ssh connection, over port 22 dial tcp: lookup ts-dc.lambdatest.com: no such host"}
{"level":"error","time":"2025-01-12T10:40:48.430+0530","caller":"ssh/ssh.go:183","msg":"Error while creating ssh connection, over port 22 dial tcp: lookup ts-dc.lambdatest.com: no such host"}
{"level":"error","time":"2025-01-12T10:40:48.430+0530","caller":"ssh/ssh.go:183","msg":"Error while creating ssh connection, over port 22 dial tcp: lookup ts-dc.lambdatest.com: no such host"}
{"level":"error","time":"2025-01-12T10:40:48.430+0530","caller":"ssh/ssh.go:183","msg":"Error while creating ssh connection, over port 22 dial tcp: lookup ts-dc.lambdatest.com: no such host"}
{"level":"error","time":"2025-01-12T10:40:48.430+0530","caller":"ssh/ssh.go:183","msg":"Error while creating ssh connection, over port 22 dial tcp: lookup ts-dc.lambdatest.com: no such host"}
{"level":"error","time":"2025-01-12T10:40:48.432+0530","caller":"ssh/ssh.go:183","msg":"Error while creating ssh connection, over port 22 dial tcp: lookup ts-dc.lambdatest.com: no such host"}
{"level":"error","time":"2025-01-12T10:40:48.432+0530","caller":"ssh/ssh.go:183","msg":"Error while creating ssh connection, over port 22 dial tcp: lookup ts-dc.lambdatest.com: no such host"}
{"level":"error","time":"2025-01-12T10:40:48.432+0530","caller":"ssh/ssh.go:183","msg":"Error while creating ssh connection, over port 22 dial tcp: lookup ts-dc.lambdatest.com: no such host"}
{"level":"error","time":"2025-01-12T10:40:48.433+0530","caller":"ssh/ssh.go:183","msg":"Error while creating ssh connection, over port 22 dial tcp: lookup ts-dc.lambdatest.com: no such host"}
{"level":"error","time":"2025-01-12T10:40:48.433+0530","caller":"ssh/ssh.go:183","msg":"Error while creating ssh connection, over port 22 dial tcp: lookup ts-dc.lambdatest.com: no such host"}
{"level":"error","time":"2025-01-12T10:40:48.434+0530","caller":"ssh/ssh.go:183","msg":"Error while creating ssh connection, over port 22 dial tcp: lookup ts-dc.lambdatest.com: no such host"}
{"level":"error","time":"2025-01-12T10:40:48.434+0530","caller":"ssh/ssh.go:183","msg":"Error while creating ssh connection, over port 22 dial tcp: lookup ts-dc.lambdatest.com: no such host"}
{"level":"error","time":"2025-01-12T10:40:48.434+0530","caller":"ssh/ssh.go:183","msg":"Error while creating ssh connection, over port 22 dial tcp: lookup ts-dc.lambdatest.com: no such host"}
{"level":"error","time":"2025-01-12T10:40:48.434+0530","caller":"ssh/ssh.go:183","msg":"Error while creating ssh connection, over port 22 dial tcp: lookup ts-dc.lambdatest.com: no such host"}
{"level":"error","time":"2025-01-12T10:40:48.434+0530","caller":"ssh/ssh.go:183","msg":"Error while creating ssh connection, over port 22 dial tcp: lookup ts-dc.lambdatest.com: no such host"}
{"level":"error","time":"2025-01-12T10:40:48.434+0530","caller":"ssh/ssh.go:183","msg":"Error while creating ssh connection, over port 22 dial tcp: lookup ts-dc.lambdatest.com: no such host"}
{"level":"error","time":"2025-01-12T10:40:48.434+0530","caller":"ssh/ssh.go:183","msg":"Error while creating ssh connection, over port 22 dial tcp: lookup ts-dc.lambdatest.com: no such host"}
{"level":"error","time":"2025-01-12T10:40:48.434+0530","caller":"core/lifecycle.go:413","msg":"Err occurred: ERR::ALL::SSH::FAIL : All SSH connections failed "}
{"level":"error","time":"2025-01-12T10:40:48.434+0530","caller":"core/lifecycle.go:414","msg":"Aborting"}
{"level":"error","time":"2025-01-12T10:40:48.436+0530","caller":"core/lifecycle.go:432","msg":"Unable to stop the tunnel: ERR::STP::TUNN : Stop tunnel failed Delete \"https://ts-dc.lambdatest.com/v1.0/stop/3866676\": dial tcp: lookup ts-dc.lambdatest.com: no such host "}
{"level":"error","time":"2025-01-12T10:40:48.436+0530","caller":"ssh/ssh.go:183","msg":"Error while creating ssh connection, over port 22 dial tcp: lookup ts-dc.lambdatest.com: no such host"}
{"level":"error","time":"2025-01-12T10:40:48.436+0530","caller":"core/lifecycle.go:433","msg":"Aborting graceful shutdown"}
{"level":"info","time":"2025-01-12T10:40:48.436+0530","caller":"cmd/lt.go:238","msg":"Tunnel aborted, starting new tunnel."}
{"level":"error","time":"2025-01-12T10:40:48.436+0530","caller":"ssh/ssh.go:183","msg":"Error while creating ssh connection, over port 22 dial tcp: lookup ts-dc.lambdatest.com: no such host"}
{"level":"error","time":"2025-01-12T10:40:48.436+0530","caller":"ssh/ssh.go:183","msg":"Error while creating ssh connection, over port 22 dial tcp: lookup ts-dc.lambdatest.com: no such host"}
{"level":"error","time":"2025-01-12T10:40:48.437+0530","caller":"ssh/ssh.go:183","msg":"Error while creating ssh connection, over port 22 dial tcp: lookup ts-dc.lambdatest.com: no such host"}
{"level":"error","time":"2025-01-12T10:40:48.437+0530","caller":"ssh/ssh.go:183","msg":"Error while creating ssh connection, over port 22 dial tcp: lookup ts-dc.lambdatest.com: no such host"}
{"level":"error","time":"2025-01-12T10:40:48.440+0530","caller":"ssh/ssh.go:183","msg":"Error while creating ssh connection, over port 22 dial tcp: lookup ts-dc.lambdatest.com: no such host"}
{"level":"error","time":"2025-01-12T10:40:48.440+0530","caller":"ssh/ssh.go:183","msg":"Error while creating ssh connection, over port 22 dial tcp: lookup ts-dc.lambdatest.com: no such host"}
{"level":"error","time":"2025-01-12T10:40:48.440+0530","caller":"ssh/ssh.go:183","msg":"Error while creating ssh connection, over port 22 dial tcp: lookup ts-dc.lambdatest.com: no such host"}
{"level":"error","time":"2025-01-12T10:40:48.440+0530","caller":"ssh/ssh.go:183","msg":"Error while creating ssh connection, over port 22 dial tcp: lookup ts-dc.lambdatest.com: no such host"}
{"level":"error","time":"2025-01-12T10:40:48.440+0530","caller":"core/lifecycle.go:413","msg":"Err occurred: ERR::ALL::SSH::FAIL : All SSH connections failed "}
{"level":"error","time":"2025-01-12T10:40:48.440+0530","caller":"core/lifecycle.go:414","msg":"Aborting"}
{"level":"error","time":"2025-01-12T10:40:48.441+0530","caller":"ssh/ssh.go:183","msg":"Error while creating ssh connection, over port 22 dial tcp: lookup ts-dc.lambdatest.com: no such host"}
{"level":"error","time":"2025-01-12T10:40:48.441+0530","caller":"ssh/ssh.go:183","msg":"Error while creating ssh connection, over port 22 dial tcp: lookup ts-dc.lambdatest.com: no such host"}
{"level":"error","time":"2025-01-12T10:40:48.441+0530","caller":"ssh/ssh.go:183","msg":"Error while creating ssh connection, over port 22 dial tcp: lookup ts-dc.lambdatest.com: no such host"}
{"level":"error","time":"2025-01-12T10:40:48.441+0530","caller":"ssh/ssh.go:183","msg":"Error while creating ssh connection, over port 22 dial tcp: lookup ts-dc.lambdatest.com: no such host"}
{"level":"error","time":"2025-01-12T10:40:48.441+0530","caller":"ssh/ssh.go:183","msg":"Error while creating ssh connection, over port 22 dial tcp: lookup ts-dc.lambdatest.com: no such host"}
{"level":"error","time":"2025-01-12T10:40:48.441+0530","caller":"core/lifecycle.go:413","msg":"Err occurred: ERR::ALL::SSH::FAIL : All SSH connections failed "}
{"level":"error","time":"2025-01-12T10:40:48.441+0530","caller":"core/lifecycle.go:414","msg":"Aborting"}
{"level":"error","time":"2025-01-12T10:40:48.442+0530","caller":"core/lifecycle.go:432","msg":"Unable to stop the tunnel: ERR::STP::TUNN : Stop tunnel failed Delete \"https://ts-dc.lambdatest.com/v1.0/stop/3866306\": dial tcp: lookup ts-dc.lambdatest.com: no such host "}
{"level":"error","time":"2025-01-12T10:40:48.442+0530","caller":"core/lifecycle.go:433","msg":"Aborting graceful shutdown"}
{"level":"info","time":"2025-01-12T10:40:48.442+0530","caller":"cmd/lt.go:238","msg":"Tunnel aborted, starting new tunnel."}
{"level":"error","time":"2025-01-12T10:40:48.442+0530","caller":"core/lifecycle.go:432","msg":"Unable to stop the tunnel: ERR::STP::TUNN : Stop tunnel failed Delete \"https://ts-dc.lambdatest.com/v1.0/stop/3866293\": dial tcp: lookup ts-dc.lambdatest.com: no such host "}
{"level":"error","time":"2025-01-12T10:40:48.442+0530","caller":"core/lifecycle.go:433","msg":"Aborting graceful shutdown"}
{"level":"info","time":"2025-01-12T10:40:48.442+0530","caller":"cmd/lt.go:238","msg":"Tunnel aborted, starting new tunnel."}
{"level":"error","time":"2025-01-12T10:40:48.445+0530","caller":"ssh/ssh.go:183","msg":"Error while creating ssh connection, over port 22 dial tcp: lookup ts-dc.lambdatest.com: no such host"}
{"level":"error","time":"2025-01-12T10:40:48.446+0530","caller":"ssh/ssh.go:183","msg":"Error while creating ssh connection, over port 22 dial tcp: lookup ts-dc.lambdatest.com: no such host"}
{"level":"error","time":"2025-01-12T10:40:48.447+0530","caller":"ssh/ssh.go:183","msg":"Error while creating ssh connection, over port 22 dial tcp: lookup ts-dc.lambdatest.com: no such host"}
{"level":"error","time":"2025-01-12T10:40:48.447+0530","caller":"ssh/ssh.go:183","msg":"Error while creating ssh connection, over port 22 dial tcp: lookup ts-dc.lambdatest.com: no such host"}
{"level":"error","time":"2025-01-12T10:40:48.447+0530","caller":"ssh/ssh.go:183","msg":"Error while creating ssh connection, over port 22 dial tcp: lookup ts-dc.lambdatest.com: no such host"}
{"level":"error","time":"2025-01-12T10:40:48.447+0530","caller":"ssh/ssh.go:183","msg":"Error while creating ssh connection, over port 22 dial tcp: lookup ts-dc.lambdatest.com: no such host"}
{"level":"error","time":"2025-01-12T10:40:48.449+0530","caller":"ssh/ssh.go:183","msg":"Error while creating ssh connection, over port 22 dial tcp: lookup ts-dc.lambdatest.com: no such host"}
{"level":"error","time":"2025-01-12T10:40:48.454+0530","caller":"ssh/ssh.go:183","msg":"Error while creating ssh connection, over port 22 dial tcp: lookup ts-dc.lambdatest.com: no such host"}
{"level":"error","time":"2025-01-12T10:40:48.454+0530","caller":"ssh/ssh.go:183","msg":"Error while creating ssh connection, over port 22 dial tcp: lookup ts-dc.lambdatest.com: no such host"}
{"level":"error","time":"2025-01-12T10:40:48.454+0530","caller":"core/lifecycle.go:413","msg":"Err occurred: ERR::ALL::SSH::FAIL : All SSH connections failed "}
{"level":"error","time":"2025-01-12T10:40:48.454+0530","caller":"core/lifecycle.go:414","msg":"Aborting"}
{"level":"error","time":"2025-01-12T10:40:48.455+0530","caller":"ssh/ssh.go:183","msg":"Error while creating ssh connection, over port 22 dial tcp: lookup ts-dc.lambdatest.com: no such host"}
{"level":"error","time":"2025-01-12T10:40:48.455+0530","caller":"ssh/ssh.go:183","msg":"Error while creating ssh connection, over port 22 dial tcp: lookup ts-dc.lambdatest.com: no such host"}
{"level":"error","time":"2025-01-12T10:40:48.455+0530","caller":"ssh/ssh.go:183","msg":"Error while creating ssh connection, over port 22 dial tcp: lookup ts-dc.lambdatest.com: no such host"}
{"level":"error","time":"2025-01-12T10:40:48.456+0530","caller":"ssh/ssh.go:183","msg":"Error while creating ssh connection, over port 22 dial tcp: lookup ts-dc.lambdatest.com: no such host"}
{"level":"error","time":"2025-01-12T10:40:48.456+0530","caller":"ssh/ssh.go:183","msg":"Error while creating ssh connection, over port 22 dial tcp: lookup ts-dc.lambdatest.com: no such host"}
{"level":"error","time":"2025-01-12T10:40:48.456+0530","caller":"ssh/ssh.go:183","msg":"Error while creating ssh connection, over port 22 dial tcp: lookup ts-dc.lambdatest.com: no such host"}
{"level":"error","time":"2025-01-12T10:40:48.458+0530","caller":"ssh/ssh.go:183","msg":"Error while creating ssh connection, over port 22 dial tcp: lookup ts-dc.lambdatest.com: no such host"}
{"level":"error","time":"2025-01-12T10:40:48.458+0530","caller":"ssh/ssh.go:183","msg":"Error while creating ssh connection, over port 22 dial tcp: lookup ts-dc.lambdatest.com: no such host"}
{"level":"error","time":"2025-01-12T10:40:48.458+0530","caller":"ssh/ssh.go:183","msg":"Error while creating ssh connection, over port 22 dial tcp: lookup ts-dc.lambdatest.com: no such host"}
{"level":"error","time":"2025-01-12T10:40:48.458+0530","caller":"ssh/ssh.go:183","msg":"Error while creating ssh connection, over port 22 dial tcp: lookup ts-dc.lambdatest.com: no such host"}
{"level":"error","time":"2025-01-12T10:40:48.458+0530","caller":"ssh/ssh.go:183","msg":"Error while creating ssh connection, over port 22 dial tcp: lookup ts-dc.lambdatest.com: no such host"}
{"level":"error","time":"2025-01-12T10:40:48.458+0530","caller":"core/lifecycle.go:413","msg":"Err occurred: ERR::ALL::SSH::FAIL : All SSH connections failed "}
{"level":"error","time":"2025-01-12T10:40:48.458+0530","caller":"core/lifecycle.go:414","msg":"Aborting"}
{"level":"error","time":"2025-01-12T10:40:48.459+0530","caller":"core/lifecycle.go:432","msg":"Unable to stop the tunnel: ERR::STP::TUNN : Stop tunnel failed Delete \"https://ts-dc.lambdatest.com/v1.0/stop/3866434\": dial tcp: lookup ts-dc.lambdatest.com: no such host "}
{"level":"error","time":"2025-01-12T10:40:48.459+0530","caller":"core/lifecycle.go:433","msg":"Aborting graceful shutdown"}
{"level":"info","time":"2025-01-12T10:40:48.459+0530","caller":"cmd/lt.go:238","msg":"Tunnel aborted, starting new tunnel."}
{"level":"error","time":"2025-01-12T10:40:48.459+0530","caller":"ssh/ssh.go:183","msg":"Error while creating ssh connection, over port 22 dial tcp: lookup ts-dc.lambdatest.com: no such host"}
{"level":"error","time":"2025-01-12T10:40:48.459+0530","caller":"ssh/ssh.go:183","msg":"Error while creating ssh connection, over port 22 dial tcp: lookup ts-dc.lambdatest.com: no such host"}
{"level":"error","time":"2025-01-12T10:40:48.459+0530","caller":"ssh/ssh.go:183","msg":"Error while creating ssh connection, over port 22 dial tcp: lookup ts-dc.lambdatest.com: no such host"}
{"level":"error","time":"2025-01-12T10:40:48.459+0530","caller":"ssh/ssh.go:183","msg":"Error while creating ssh connection, over port 22 dial tcp: lookup ts-dc.lambdatest.com: no such host"}
{"level":"error","time":"2025-01-12T10:40:48.459+0530","caller":"ssh/ssh.go:183","msg":"Error while creating ssh connection, over port 22 dial tcp: lookup ts-dc.lambdatest.com: no such host"}
{"level":"error","time":"2025-01-12T10:40:48.459+0530","caller":"core/lifecycle.go:413","msg":"Err occurred: ERR::ALL::SSH::FAIL : All SSH connections failed "}
{"level":"error","time":"2025-01-12T10:40:48.459+0530","caller":"ssh/ssh.go:183","msg":"Error while creating ssh connection, over port 22 dial tcp: lookup ts-dc.lambdatest.com: no such host"}
{"level":"error","time":"2025-01-12T10:40:48.459+0530","caller":"core/lifecycle.go:414","msg":"Aborting"}
{"level":"error","time":"2025-01-12T10:40:48.459+0530","caller":"ssh/ssh.go:183","msg":"Error while creating ssh connection, over port 22 dial tcp: lookup ts-dc.lambdatest.com: no such host"}
{"level":"error","time":"2025-01-12T10:40:48.459+0530","caller":"ssh/ssh.go:183","msg":"Error while creating ssh connection, over port 22 dial tcp: lookup ts-dc.lambdatest.com: no such host"}
{"level":"error","time":"2025-01-12T10:40:48.459+0530","caller":"ssh/ssh.go:183","msg":"Error while creating ssh connection, over port 22 dial tcp: lookup ts-dc.lambdatest.com: no such host"}
{"level":"error","time":"2025-01-12T10:40:48.460+0530","caller":"core/lifecycle.go:413","msg":"Err occurred: ERR::ALL::SSH::FAIL : All SSH connections failed "}
{"level":"error","time":"2025-01-12T10:40:48.460+0530","caller":"core/lifecycle.go:414","msg":"Aborting"}
{"level":"error","time":"2025-01-12T10:40:48.461+0530","caller":"ssh/ssh.go:183","msg":"Error while creating ssh connection, over port 22 dial tcp: lookup ts-dc.lambdatest.com: no such host"}
{"level":"error","time":"2025-01-12T10:40:48.461+0530","caller":"ssh/ssh.go:183","msg":"Error while creating ssh connection, over port 22 dial tcp: lookup ts-dc.lambdatest.com: no such host"}
{"level":"error","time":"2025-01-12T10:40:48.461+0530","caller":"ssh/ssh.go:183","msg":"Error while creating ssh connection, over port 22 dial tcp: lookup ts-dc.lambdatest.com: no such host"}
{"level":"error","time":"2025-01-12T10:40:48.462+0530","caller":"core/lifecycle.go:413","msg":"Err occurred: ERR::ALL::SSH::FAIL : All SSH connections failed "}
{"level":"error","time":"2025-01-12T10:40:48.462+0530","caller":"core/lifecycle.go:414","msg":"Aborting"}
{"level":"error","time":"2025-01-12T10:40:48.462+0530","caller":"core/lifecycle.go:432","msg":"Unable to stop the tunnel: ERR::STP::TUNN : Stop tunnel failed Delete \"https://ts-dc.lambdatest.com/v1.0/stop/3866301\": dial tcp: lookup ts-dc.lambdatest.com: no such host "}
{"level":"error","time":"2025-01-12T10:40:48.462+0530","caller":"core/lifecycle.go:433","msg":"Aborting graceful shutdown"}
{"level":"info","time":"2025-01-12T10:40:48.463+0530","caller":"cmd/lt.go:238","msg":"Tunnel aborted, starting new tunnel."}
{"level":"error","time":"2025-01-12T10:40:48.463+0530","caller":"ssh/ssh.go:183","msg":"Error while creating ssh connection, over port 22 dial tcp: lookup ts-dc.lambdatest.com: no such host"}
{"level":"error","time":"2025-01-12T10:40:48.464+0530","caller":"ssh/ssh.go:183","msg":"Error while creating ssh connection, over port 22 dial tcp: lookup ts-dc.lambdatest.com: no such host"}
{"level":"error","time":"2025-01-12T10:40:48.464+0530","caller":"ssh/ssh.go:183","msg":"Error while creating ssh connection, over port 22 dial tcp: lookup ts-dc.lambdatest.com: no such host"}
{"level":"error","time":"2025-01-12T10:40:48.464+0530","caller":"core/lifecycle.go:413","msg":"Err occurred: ERR::ALL::SSH::FAIL : All SSH connections failed "}
{"level":"error","time":"2025-01-12T10:40:48.464+0530","caller":"core/lifecycle.go:414","msg":"Aborting"}
{"level":"error","time":"2025-01-12T10:40:48.464+0530","caller":"core/lifecycle.go:432","msg":"Unable to stop the tunnel: ERR::STP::TUNN : Stop tunnel failed Delete \"https://ts-dc.lambdatest.com/v1.0/stop/3866305\": dial tcp: lookup ts-dc.lambdatest.com: no such host "}
{"level":"error","time":"2025-01-12T10:40:48.465+0530","caller":"core/lifecycle.go:433","msg":"Aborting graceful shutdown"}
{"level":"info","time":"2025-01-12T10:40:48.465+0530","caller":"cmd/lt.go:238","msg":"Tunnel aborted, starting new tunnel."}
{"level":"error","time":"2025-01-12T10:40:48.465+0530","caller":"core/lifecycle.go:432","msg":"Unable to stop the tunnel: ERR::STP::TUNN : Stop tunnel failed Delete \"https://ts-dc.lambdatest.com/v1.0/stop/3866294\": dial tcp: lookup ts-dc.lambdatest.com: no such host "}
{"level":"error","time":"2025-01-12T10:40:48.465+0530","caller":"ssh/ssh.go:183","msg":"Error while creating ssh connection, over port 22 dial tcp: lookup ts-dc.lambdatest.com: no such host"}
{"level":"error","time":"2025-01-12T10:40:48.465+0530","caller":"core/lifecycle.go:433","msg":"Aborting graceful shutdown"}
{"level":"info","time":"2025-01-12T10:40:48.465+0530","caller":"cmd/lt.go:238","msg":"Tunnel aborted, starting new tunnel."}
{"level":"error","time":"2025-01-12T10:40:48.465+0530","caller":"ssh/ssh.go:183","msg":"Error while creating ssh connection, over port 22 dial tcp: lookup ts-dc.lambdatest.com: no such host"}
{"level":"error","time":"2025-01-12T10:40:48.465+0530","caller":"ssh/ssh.go:183","msg":"Error while creating ssh connection, over port 22 dial tcp: lookup ts-dc.lambdatest.com: no such host"}
{"level":"error","time":"2025-01-12T10:40:48.465+0530","caller":"ssh/ssh.go:183","msg":"Error while creating ssh connection, over port 22 dial tcp: lookup ts-dc.lambdatest.com: no such host"}
{"level":"error","time":"2025-01-12T10:40:48.465+0530","caller":"ssh/ssh.go:183","msg":"Error while creating ssh connection, over port 22 dial tcp: lookup ts-dc.lambdatest.com: no such host"}
{"level":"error","time":"2025-01-12T10:40:48.466+0530","caller":"ssh/ssh.go:183","msg":"Error while creating ssh connection, over port 22 dial tcp: lookup ts-dc.lambdatest.com: no such host"}
{"level":"error","time":"2025-01-12T10:40:48.466+0530","caller":"ssh/ssh.go:183","msg":"Error while creating ssh connection, over port 22 dial tcp: lookup ts-dc.lambdatest.com: no such host"}
{"level":"error","time":"2025-01-12T10:40:48.466+0530","caller":"core/lifecycle.go:413","msg":"Err occurred: ERR::ALL::SSH::FAIL : All SSH connections failed "}
{"level":"error","time":"2025-01-12T10:40:48.466+0530","caller":"core/lifecycle.go:413","msg":"Err occurred: ERR::ALL::SSH::FAIL : All SSH connections failed "}
{"level":"error","time":"2025-01-12T10:40:48.466+0530","caller":"core/lifecycle.go:414","msg":"Aborting"}
{"level":"error","time":"2025-01-12T10:40:48.466+0530","caller":"core/lifecycle.go:414","msg":"Aborting"}
{"level":"error","time":"2025-01-12T10:40:48.468+0530","caller":"ssh/ssh.go:183","msg":"Error while creating ssh connection, over port 22 dial tcp: lookup ts-dc.lambdatest.com: no such host"}
{"level":"error","time":"2025-01-12T10:40:48.468+0530","caller":"ssh/ssh.go:183","msg":"Error while creating ssh connection, over port 22 dial tcp: lookup ts-dc.lambdatest.com: no such host"}
{"level":"error","time":"2025-01-12T10:40:48.468+0530","caller":"ssh/ssh.go:183","msg":"Error while creating ssh connection, over port 22 dial tcp: lookup ts-dc.lambdatest.com: no such host"}
{"level":"error","time":"2025-01-12T10:40:48.468+0530","caller":"ssh/ssh.go:183","msg":"Error while creating ssh connection, over port 22 dial tcp: lookup ts-dc.lambdatest.com: no such host"}
{"level":"error","time":"2025-01-12T10:40:48.468+0530","caller":"ssh/ssh.go:183","msg":"Error while creating ssh connection, over port 22 dial tcp: lookup ts-dc.lambdatest.com: no such host"}
{"level":"error","time":"2025-01-12T10:40:48.468+0530","caller":"ssh/ssh.go:183","msg":"Error while creating ssh connection, over port 22 dial tcp: lookup ts-dc.lambdatest.com: no such host"}
{"level":"error","time":"2025-01-12T10:40:48.468+0530","caller":"ssh/ssh.go:183","msg":"Error while creating ssh connection, over port 22 dial tcp: lookup ts-dc.lambdatest.com: no such host"}
{"level":"error","time":"2025-01-12T10:40:48.468+0530","caller":"core/lifecycle.go:413","msg":"Err occurred: ERR::ALL::SSH::FAIL : All SSH connections failed "}
{"level":"error","time":"2025-01-12T10:40:48.468+0530","caller":"core/lifecycle.go:414","msg":"Aborting"}
{"level":"error","time":"2025-01-12T10:40:48.469+0530","caller":"core/lifecycle.go:432","msg":"Unable to stop the tunnel: ERR::STP::TUNN : Stop tunnel failed Delete \"https://ts-dc.lambdatest.com/v1.0/stop/3866291\": dial tcp: lookup ts-dc.lambdatest.com: no such host "}
{"level":"error","time":"2025-01-12T10:40:48.469+0530","caller":"core/lifecycle.go:433","msg":"Aborting graceful shutdown"}
{"level":"info","time":"2025-01-12T10:40:48.470+0530","caller":"cmd/lt.go:238","msg":"Tunnel aborted, starting new tunnel."}
{"level":"error","time":"2025-01-12T10:40:48.470+0530","caller":"ssh/ssh.go:183","msg":"Error while creating ssh connection, over port 22 dial tcp: lookup ts-dc.lambdatest.com: no such host"}
{"level":"error","time":"2025-01-12T10:40:48.470+0530","caller":"ssh/ssh.go:183","msg":"Error while creating ssh connection, over port 22 dial tcp: lookup ts-dc.lambdatest.com: no such host"}
{"level":"error","time":"2025-01-12T10:40:48.470+0530","caller":"core/lifecycle.go:413","msg":"Err occurred: ERR::ALL::SSH::FAIL : All SSH connections failed "}
{"level":"error","time":"2025-01-12T10:40:48.470+0530","caller":"core/lifecycle.go:414","msg":"Aborting"}
{"level":"error","time":"2025-01-12T10:40:48.470+0530","caller":"ssh/ssh.go:183","msg":"Error while creating ssh connection, over port 22 dial tcp: lookup ts-dc.lambdatest.com: no such host"}
{"level":"error","time":"2025-01-12T10:40:48.470+0530","caller":"ssh/ssh.go:183","msg":"Error while creating ssh connection, over port 22 dial tcp: lookup ts-dc.lambdatest.com: no such host"}
{"level":"error","time":"2025-01-12T10:40:48.471+0530","caller":"ssh/ssh.go:183","msg":"Error while creating ssh connection, over port 22 dial tcp: lookup ts-dc.lambdatest.com: no such host"}
{"level":"error","time":"2025-01-12T10:40:48.471+0530","caller":"ssh/ssh.go:183","msg":"Error while creating ssh connection, over port 22 dial tcp: lookup ts-dc.lambdatest.com: no such host"}
{"level":"error","time":"2025-01-12T10:40:48.471+0530","caller":"ssh/ssh.go:183","msg":"Error while creating ssh connection, over port 22 dial tcp: lookup ts-dc.lambdatest.com: no such host"}
{"level":"error","time":"2025-01-12T10:40:48.471+0530","caller":"ssh/ssh.go:183","msg":"Error while creating ssh connection, over port 22 dial tcp: lookup ts-dc.lambdatest.com: no such host"}
{"level":"error","time":"2025-01-12T10:40:48.471+0530","caller":"core/lifecycle.go:413","msg":"Err occurred: ERR::ALL::SSH::FAIL : All SSH connections failed "}
{"level":"error","time":"2025-01-12T10:40:48.471+0530","caller":"ssh/ssh.go:183","msg":"Error while creating ssh connection, over port 22 dial tcp: lookup ts-dc.lambdatest.com: no such host"}
{"level":"error","time":"2025-01-12T10:40:48.471+0530","caller":"core/lifecycle.go:414","msg":"Aborting"}
{"level":"error","time":"2025-01-12T10:40:48.471+0530","caller":"core/lifecycle.go:413","msg":"Err occurred: ERR::ALL::SSH::FAIL : All SSH connections failed "}
{"level":"error","time":"2025-01-12T10:40:48.471+0530","caller":"core/lifecycle.go:414","msg":"Aborting"}
{"level":"error","time":"2025-01-12T10:40:48.472+0530","caller":"ssh/ssh.go:183","msg":"Error while creating ssh connection, over port 22 dial tcp: lookup ts-dc.lambdatest.com: no such host"}
{"level":"error","time":"2025-01-12T10:40:48.472+0530","caller":"ssh/ssh.go:183","msg":"Error while creating ssh connection, over port 22 dial tcp: lookup ts-dc.lambdatest.com: no such host"}
{"level":"error","time":"2025-01-12T10:40:48.472+0530","caller":"ssh/ssh.go:183","msg":"Error while creating ssh connection, over port 22 dial tcp: lookup ts-dc.lambdatest.com: no such host"}
{"level":"error","time":"2025-01-12T10:40:48.472+0530","caller":"ssh/ssh.go:183","msg":"Error while creating ssh connection, over port 22 dial tcp: lookup ts-dc.lambdatest.com: no such host"}
{"level":"error","time":"2025-01-12T10:40:48.472+0530","caller":"ssh/ssh.go:183","msg":"Error while creating ssh connection, over port 22 dial tcp: lookup ts-dc.lambdatest.com: no such host"}
{"level":"error","time":"2025-01-12T10:40:48.472+0530","caller":"core/lifecycle.go:432","msg":"Unable to stop the tunnel: ERR::STP::TUNN : Stop tunnel failed Delete \"https://ts-dc.lambdatest.com/v1.0/stop/3866432\": dial tcp: lookup ts-dc.lambdatest.com: no such host "}
{"level":"error","time":"2025-01-12T10:40:48.472+0530","caller":"core/lifecycle.go:413","msg":"Err occurred: ERR::ALL::SSH::FAIL : All SSH connections failed "}
{"level":"error","time":"2025-01-12T10:40:48.472+0530","caller":"core/lifecycle.go:433","msg":"Aborting graceful shutdown"}
{"level":"error","time":"2025-01-12T10:40:48.472+0530","caller":"core/lifecycle.go:414","msg":"Aborting"}
{"level":"info","time":"2025-01-12T10:40:48.472+0530","caller":"cmd/lt.go:238","msg":"Tunnel aborted, starting new tunnel."}
{"level":"error","time":"2025-01-12T10:40:48.473+0530","caller":"ssh/ssh.go:183","msg":"Error while creating ssh connection, over port 22 dial tcp: lookup ts-dc.lambdatest.com: no such host"}
{"level":"error","time":"2025-01-12T10:40:48.473+0530","caller":"ssh/ssh.go:183","msg":"Error while creating ssh connection, over port 22 dial tcp: lookup ts-dc.lambdatest.com: no such host"}
{"level":"error","time":"2025-01-12T10:40:48.473+0530","caller":"ssh/ssh.go:183","msg":"Error while creating ssh connection, over port 22 dial tcp: lookup ts-dc.lambdatest.com: no such host"}
{"level":"error","time":"2025-01-12T10:40:48.473+0530","caller":"ssh/ssh.go:183","msg":"Error while creating ssh connection, over port 22 dial tcp: lookup ts-dc.lambdatest.com: no such host"}
{"level":"error","time":"2025-01-12T10:40:48.473+0530","caller":"ssh/ssh.go:183","msg":"Error while creating ssh connection, over port 22 dial tcp: lookup ts-dc.lambdatest.com: no such host"}
{"level":"error","time":"2025-01-12T10:40:48.473+0530","caller":"ssh/ssh.go:183","msg":"Error while creating ssh connection, over port 22 dial tcp: lookup ts-dc.lambdatest.com: no such host"}
{"level":"error","time":"2025-01-12T10:40:48.473+0530","caller":"core/lifecycle.go:413","msg":"Err occurred: ERR::ALL::SSH::FAIL : All SSH connections failed "}
{"level":"error","time":"2025-01-12T10:40:48.473+0530","caller":"ssh/ssh.go:183","msg":"Error while creating ssh connection, over port 22 dial tcp: lookup ts-dc.lambdatest.com: no such host"}
{"level":"error","time":"2025-01-12T10:40:48.473+0530","caller":"core/lifecycle.go:414","msg":"Aborting"}
{"level":"error","time":"2025-01-12T10:40:48.473+0530","caller":"ssh/ssh.go:183","msg":"Error while creating ssh connection, over port 22 dial tcp: lookup ts-dc.lambdatest.com: no such host"}
{"level":"error","time":"2025-01-12T10:40:48.473+0530","caller":"core/lifecycle.go:413","msg":"Err occurred: ERR::ALL::SSH::FAIL : All SSH connections failed "}
{"level":"error","time":"2025-01-12T10:40:48.473+0530","caller":"core/lifecycle.go:414","msg":"Aborting"}
{"level":"error","time":"2025-01-12T10:40:48.474+0530","caller":"core/lifecycle.go:432","msg":"Unable to stop the tunnel: ERR::STP::TUNN : Stop tunnel failed Delete \"https://ts-dc.lambdatest.com/v1.0/stop/3866453\": dial tcp: lookup ts-dc.lambdatest.com: no such host "}
{"level":"error","time":"2025-01-12T10:40:48.474+0530","caller":"core/lifecycle.go:433","msg":"Aborting graceful shutdown"}
{"level":"error","time":"2025-01-12T10:40:48.474+0530","caller":"ssh/ssh.go:183","msg":"Error while creating ssh connection, over port 22 dial tcp: lookup ts-dc.lambdatest.com: no such host"}
{"level":"info","time":"2025-01-12T10:40:48.474+0530","caller":"cmd/lt.go:238","msg":"Tunnel aborted, starting new tunnel."}
{"level":"error","time":"2025-01-12T10:40:48.474+0530","caller":"ssh/ssh.go:183","msg":"Error while creating ssh connection, over port 22 dial tcp: lookup ts-dc.lambdatest.com: no such host"}
{"level":"error","time":"2025-01-12T10:40:48.474+0530","caller":"core/lifecycle.go:413","msg":"Err occurred: ERR::ALL::SSH::FAIL : All SSH connections failed "}
{"level":"error","time":"2025-01-12T10:40:48.474+0530","caller":"core/lifecycle.go:414","msg":"Aborting"}
{"level":"error","time":"2025-01-12T10:40:48.474+0530","caller":"ssh/ssh.go:183","msg":"Error while creating ssh connection, over port 22 dial tcp: lookup ts-dc.lambdatest.com: no such host"}
{"level":"error","time":"2025-01-12T10:40:48.474+0530","caller":"ssh/ssh.go:183","msg":"Error while creating ssh connection, over port 22 dial tcp: lookup ts-dc.lambdatest.com: no such host"}
{"level":"error","time":"2025-01-12T10:40:48.474+0530","caller":"ssh/ssh.go:183","msg":"Error while creating ssh connection, over port 22 dial tcp: lookup ts-dc.lambdatest.com: no such host"}
{"level":"error","time":"2025-01-12T10:40:48.474+0530","caller":"core/lifecycle.go:413","msg":"Err occurred: ERR::ALL::SSH::FAIL : All SSH connections failed "}
{"level":"error","time":"2025-01-12T10:40:48.475+0530","caller":"core/lifecycle.go:414","msg":"Aborting"}
{"level":"error","time":"2025-01-12T10:40:48.475+0530","caller":"ssh/ssh.go:183","msg":"Error while creating ssh connection, over port 22 dial tcp: lookup ts-dc.lambdatest.com: no such host"}
{"level":"error","time":"2025-01-12T10:40:48.475+0530","caller":"ssh/ssh.go:183","msg":"Error while creating ssh connection, over port 22 dial tcp: lookup ts-dc.lambdatest.com: no such host"}
{"level":"error","time":"2025-01-12T10:40:48.475+0530","caller":"ssh/ssh.go:183","msg":"Error while creating ssh connection, over port 22 dial tcp: lookup ts-dc.lambdatest.com: no such host"}
{"level":"error","time":"2025-01-12T10:40:48.475+0530","caller":"ssh/ssh.go:183","msg":"Error while creating ssh connection, over port 22 dial tcp: lookup ts-dc.lambdatest.com: no such host"}
{"level":"error","time":"2025-01-12T10:40:48.475+0530","caller":"core/lifecycle.go:432","msg":"Unable to stop the tunnel: ERR::STP::TUNN : Stop tunnel failed Delete \"https://ts-dc.lambdatest.com/v1.0/stop/3866304\": dial tcp: lookup ts-dc.lambdatest.com: no such host "}
{"level":"error","time":"2025-01-12T10:40:48.475+0530","caller":"core/lifecycle.go:413","msg":"Err occurred: ERR::ALL::SSH::FAIL : All SSH connections failed "}
{"level":"error","time":"2025-01-12T10:40:48.475+0530","caller":"core/lifecycle.go:433","msg":"Aborting graceful shutdown"}
{"level":"error","time":"2025-01-12T10:40:48.475+0530","caller":"core/lifecycle.go:414","msg":"Aborting"}
{"level":"info","time":"2025-01-12T10:40:48.475+0530","caller":"cmd/lt.go:238","msg":"Tunnel aborted, starting new tunnel."}
{"level":"error","time":"2025-01-12T10:40:48.476+0530","caller":"core/lifecycle.go:432","msg":"Unable to stop the tunnel: ERR::STP::TUNN : Stop tunnel failed Delete \"https://ts-dc.lambdatest.com/v1.0/stop/3866473\": dial tcp: lookup ts-dc.lambdatest.com: no such host "}
{"level":"error","time":"2025-01-12T10:40:48.476+0530","caller":"core/lifecycle.go:433","msg":"Aborting graceful shutdown"}
{"level":"error","time":"2025-01-12T10:40:48.476+0530","caller":"core/lifecycle.go:432","msg":"Unable to stop the tunnel: ERR::STP::TUNN : Stop tunnel failed Delete \"https://ts-dc.lambdatest.com/v1.0/stop/3866683\": dial tcp: lookup ts-dc.lambdatest.com: no such host "}
{"level":"info","time":"2025-01-12T10:40:48.476+0530","caller":"cmd/lt.go:238","msg":"Tunnel aborted, starting new tunnel."}
{"level":"error","time":"2025-01-12T10:40:48.476+0530","caller":"core/lifecycle.go:433","msg":"Aborting graceful shutdown"}
{"level":"info","time":"2025-01-12T10:40:48.476+0530","caller":"cmd/lt.go:238","msg":"Tunnel aborted, starting new tunnel."}
{"level":"error","time":"2025-01-12T10:40:48.476+0530","caller":"core/lifecycle.go:432","msg":"Unable to stop the tunnel: ERR::STP::TUNN : Stop tunnel failed Delete \"https://ts-dc.lambdatest.com/v1.0/stop/3866492\": dial tcp: lookup ts-dc.lambdatest.com: no such host "}
{"level":"error","time":"2025-01-12T10:40:48.476+0530","caller":"core/lifecycle.go:433","msg":"Aborting graceful shutdown"}
{"level":"info","time":"2025-01-12T10:40:48.476+0530","caller":"cmd/lt.go:238","msg":"Tunnel aborted, starting new tunnel."}
{"level":"error","time":"2025-01-12T10:40:48.472+0530","caller":"ssh/ssh.go:183","msg":"Error while creating ssh connection, over port 22 dial tcp: lookup ts-dc.lambdatest.com: no such host"}
{"level":"error","time":"2025-01-12T10:40:48.477+0530","caller":"ssh/ssh.go:183","msg":"Error while creating ssh connection, over port 22 dial tcp: lookup ts-dc.lambdatest.com: no such host"}
{"level":"error","time":"2025-01-12T10:40:48.477+0530","caller":"ssh/ssh.go:183","msg":"Error while creating ssh connection, over port 22 dial tcp: lookup ts-dc.lambdatest.com: no such host"}
{"level":"error","time":"2025-01-12T10:40:48.477+0530","caller":"ssh/ssh.go:183","msg":"Error while creating ssh connection, over port 22 dial tcp: lookup ts-dc.lambdatest.com: no such host"}
{"level":"error","time":"2025-01-12T10:40:48.477+0530","caller":"ssh/ssh.go:183","msg":"Error while creating ssh connection, over port 22 dial tcp: lookup ts-dc.lambdatest.com: no such host"}
{"level":"error","time":"2025-01-12T10:40:48.477+0530","caller":"core/lifecycle.go:413","msg":"Err occurred: ERR::ALL::SSH::FAIL : All SSH connections failed "}
{"level":"error","time":"2025-01-12T10:40:48.477+0530","caller":"core/lifecycle.go:414","msg":"Aborting"}
{"level":"error","time":"2025-01-12T10:40:48.477+0530","caller":"core/lifecycle.go:432","msg":"Unable to stop the tunnel: ERR::STP::TUNN : Stop tunnel failed Delete \"https://ts-dc.lambdatest.com/v1.0/stop/3866421\": dial tcp: lookup ts-dc.lambdatest.com: no such host "}
{"level":"error","time":"2025-01-12T10:40:48.477+0530","caller":"core/lifecycle.go:433","msg":"Aborting graceful shutdown"}
{"level":"info","time":"2025-01-12T10:40:48.477+0530","caller":"cmd/lt.go:238","msg":"Tunnel aborted, starting new tunnel."}
{"level":"error","time":"2025-01-12T10:40:48.478+0530","caller":"core/lifecycle.go:432","msg":"Unable to stop the tunnel: ERR::STP::TUNN : Stop tunnel failed Delete \"https://ts-dc.lambdatest.com/v1.0/stop/3866423\": dial tcp: lookup ts-dc.lambdatest.com: no such host "}
{"level":"error","time":"2025-01-12T10:40:48.478+0530","caller":"core/lifecycle.go:433","msg":"Aborting graceful shutdown"}
{"level":"info","time":"2025-01-12T10:40:48.478+0530","caller":"cmd/lt.go:238","msg":"Tunnel aborted, starting new tunnel."}
{"level":"error","time":"2025-01-12T10:40:48.478+0530","caller":"core/lifecycle.go:432","msg":"Unable to stop the tunnel: ERR::STP::TUNN : Stop tunnel failed Delete \"https://ts-dc.lambdatest.com/v1.0/stop/3866311\": dial tcp: lookup ts-dc.lambdatest.com: no such host "}
{"level":"error","time":"2025-01-12T10:40:48.478+0530","caller":"ssh/ssh.go:183","msg":"Error while creating ssh connection, over port 22 dial tcp: lookup ts-dc.lambdatest.com: no such host"}
{"level":"error","time":"2025-01-12T10:40:48.478+0530","caller":"core/lifecycle.go:433","msg":"Aborting graceful shutdown"}
{"level":"info","time":"2025-01-12T10:40:48.478+0530","caller":"cmd/lt.go:238","msg":"Tunnel aborted, starting new tunnel."}
{"level":"error","time":"2025-01-12T10:40:48.478+0530","caller":"core/lifecycle.go:413","msg":"Err occurred: ERR::ALL::SSH::FAIL : All SSH connections failed "}
{"level":"error","time":"2025-01-12T10:40:48.478+0530","caller":"core/lifecycle.go:414","msg":"Aborting"}
{"level":"error","time":"2025-01-12T10:40:48.479+0530","caller":"core/lifecycle.go:432","msg":"Unable to stop the tunnel: ERR::STP::TUNN : Stop tunnel failed Delete \"https://ts-dc.lambdatest.com/v1.0/stop/3866309\": dial tcp: lookup ts-dc.lambdatest.com: no such host "}
{"level":"error","time":"2025-01-12T10:40:48.479+0530","caller":"core/lifecycle.go:433","msg":"Aborting graceful shutdown"}
{"level":"info","time":"2025-01-12T10:40:48.479+0530","caller":"cmd/lt.go:238","msg":"Tunnel aborted, starting new tunnel."}
{"level":"error","time":"2025-01-12T10:40:48.479+0530","caller":"core/lifecycle.go:432","msg":"Unable to stop the tunnel: ERR::STP::TUNN : Stop tunnel failed Delete \"https://ts-dc.lambdatest.com/v1.0/stop/3866425\": dial tcp: lookup ts-dc.lambdatest.com: no such host "}
{"level":"error","time":"2025-01-12T10:40:48.479+0530","caller":"core/lifecycle.go:433","msg":"Aborting graceful shutdown"}
{"level":"info","time":"2025-01-12T10:40:48.479+0530","caller":"cmd/lt.go:238","msg":"Tunnel aborted, starting new tunnel."}
{"level":"error","time":"2025-01-12T10:40:48.480+0530","caller":"core/lifecycle.go:432","msg":"Unable to stop the tunnel: ERR::STP::TUNN : Stop tunnel failed Delete \"https://ts-dc.lambdatest.com/v1.0/stop/3866424\": dial tcp: lookup ts-dc.lambdatest.com: no such host "}
{"level":"error","time":"2025-01-12T10:40:48.481+0530","caller":"core/lifecycle.go:433","msg":"Aborting graceful shutdown"}
{"level":"info","time":"2025-01-12T10:40:48.481+0530","caller":"cmd/lt.go:238","msg":"Tunnel aborted, starting new tunnel."}
{"level":"error","time":"2025-01-12T10:40:48.481+0530","caller":"core/lifecycle.go:432","msg":"Unable to stop the tunnel: ERR::STP::TUNN : Stop tunnel failed Delete \"https://ts-dc.lambdatest.com/v1.0/stop/3866491\": dial tcp: lookup ts-dc.lambdatest.com: no such host "}
{"level":"error","time":"2025-01-12T10:40:48.481+0530","caller":"core/lifecycle.go:433","msg":"Aborting graceful shutdown"}
{"level":"info","time":"2025-01-12T10:40:48.481+0530","caller":"cmd/lt.go:238","msg":"Tunnel aborted, starting new tunnel."}
{"level":"error","time":"2025-01-12T10:40:48.482+0530","caller":"core/lifecycle.go:432","msg":"Unable to stop the tunnel: ERR::STP::TUNN : Stop tunnel failed Delete \"https://ts-dc.lambdatest.com/v1.0/stop/3866292\": dial tcp: lookup ts-dc.lambdatest.com: no such host "}
{"level":"error","time":"2025-01-12T10:40:48.482+0530","caller":"core/lifecycle.go:433","msg":"Aborting graceful shutdown"}
{"level":"info","time":"2025-01-12T10:40:48.482+0530","caller":"cmd/lt.go:238","msg":"Tunnel aborted, starting new tunnel."}
{"level":"error","time":"2025-01-12T10:40:48.483+0530","caller":"core/lifecycle.go:432","msg":"Unable to stop the tunnel: ERR::STP::TUNN : Stop tunnel failed Delete \"https://ts-dc.lambdatest.com/v1.0/stop/3866674\": dial tcp: lookup ts-dc.lambdatest.com: no such host "}
{"level":"error","time":"2025-01-12T10:40:48.483+0530","caller":"core/lifecycle.go:433","msg":"Aborting graceful shutdown"}
{"level":"info","time":"2025-01-12T10:40:48.483+0530","caller":"cmd/lt.go:238","msg":"Tunnel aborted, starting new tunnel."}
{"level":"error","time":"2025-01-12T10:40:48.484+0530","caller":"ssh/ssh.go:183","msg":"Error while creating ssh connection, over port 22 dial tcp: lookup ts-dc.lambdatest.com: no such host"}
{"level":"error","time":"2025-01-12T10:40:48.485+0530","caller":"ssh/ssh.go:183","msg":"Error while creating ssh connection, over port 22 dial tcp: lookup ts-dc.lambdatest.com: no such host"}
{"level":"error","time":"2025-01-12T10:40:48.514+0530","caller":"ssh/ssh.go:183","msg":"Error while creating ssh connection, over port 22 dial tcp: lookup ts-dc.lambdatest.com: no such host"}
{"level":"error","time":"2025-01-12T10:40:48.514+0530","caller":"core/lifecycle.go:413","msg":"Err occurred: ERR::ALL::SSH::FAIL : All SSH connections failed "}
{"level":"error","time":"2025-01-12T10:40:48.514+0530","caller":"core/lifecycle.go:414","msg":"Aborting"}
{"level":"error","time":"2025-01-12T10:40:48.515+0530","caller":"core/lifecycle.go:432","msg":"Unable to stop the tunnel: ERR::STP::TUNN : Stop tunnel failed Delete \"https://ts-dc.lambdatest.com/v1.0/stop/3866310\": dial tcp: lookup ts-dc.lambdatest.com: no such host "}
{"level":"error","time":"2025-01-12T10:40:48.515+0530","caller":"core/lifecycle.go:433","msg":"Aborting graceful shutdown"}
{"level":"info","time":"2025-01-12T10:40:48.515+0530","caller":"cmd/lt.go:238","msg":"Tunnel aborted, starting new tunnel."}
{"level":"error","time":"2025-01-12T10:40:48.535+0530","caller":"ssh/ssh.go:183","msg":"Error while creating ssh connection, over port 22 dial tcp: lookup ts-dc.lambdatest.com: no such host"}
{"level":"error","time":"2025-01-12T10:40:48.535+0530","caller":"core/lifecycle.go:413","msg":"Err occurred: ERR::ALL::SSH::FAIL : All SSH connections failed "}
{"level":"error","time":"2025-01-12T10:40:48.535+0530","caller":"core/lifecycle.go:414","msg":"Aborting"}
{"level":"error","time":"2025-01-12T10:40:48.536+0530","caller":"core/lifecycle.go:432","msg":"Unable to stop the tunnel: ERR::STP::TUNN : Stop tunnel failed Delete \"https://ts-dc.lambdatest.com/v1.0/stop/3866452\": dial tcp: lookup ts-dc.lambdatest.com: no such host "}
{"level":"error","time":"2025-01-12T10:40:48.536+0530","caller":"core/lifecycle.go:433","msg":"Aborting graceful shutdown"}
{"level":"info","time":"2025-01-12T10:40:48.536+0530","caller":"cmd/lt.go:238","msg":"Tunnel aborted, starting new tunnel."}
{"level":"error","time":"2025-01-12T10:40:51.886+0530","caller":"ssh/ssh.go:183","msg":"Error while creating ssh connection, over port 22 dial tcp: lookup ts-dc.lambdatest.com: no such host"}
{"level":"error","time":"2025-01-12T10:40:51.886+0530","caller":"ssh/ssh.go:183","msg":"Error while creating ssh connection, over port 22 dial tcp: lookup ts-dc.lambdatest.com: no such host"}
{"level":"error","time":"2025-01-12T10:40:51.886+0530","caller":"ssh/ssh.go:183","msg":"Error while creating ssh connection, over port 22 dial tcp: lookup ts-dc.lambdatest.com: no such host"}
{"level":"error","time":"2025-01-12T10:40:51.886+0530","caller":"ssh/ssh.go:183","msg":"Error while creating ssh connection, over port 22 dial tcp: lookup ts-dc.lambdatest.com: no such host"}
{"level":"error","time":"2025-01-12T10:40:51.886+0530","caller":"ws/control.go:67","msg":"ERR::WS::Conn : Unable to establish control websocket connection dial tcp: lookup ts-dc.lambdatest.com: no such host "}
{"level":"error","time":"2025-01-12T10:40:51.886+0530","caller":"ssh/ssh.go:183","msg":"Error while creating ssh connection, over port 22 dial tcp: lookup ts-dc.lambdatest.com: no such host"}
{"level":"error","time":"2025-01-12T10:40:51.886+0530","caller":"ssh/ssh.go:183","msg":"Error while creating ssh connection, over port 22 dial tcp: lookup ts-dc.lambdatest.com: no such host"}
{"level":"warn","time":"2025-01-12T10:40:51.886+0530","caller":"ws/control.go:68","msg":"Retrying"}
{"level":"error","time":"2025-01-12T10:40:51.886+0530","caller":"ssh/ssh.go:183","msg":"Error while creating ssh connection, over port 22 dial tcp: lookup ts-dc.lambdatest.com: no such host"}
{"level":"error","time":"2025-01-12T10:40:51.886+0530","caller":"ws/control.go:67","msg":"ERR::WS::Conn : Unable to establish control websocket connection dial tcp: lookup ts-dc.lambdatest.com: no such host "}
{"level":"error","time":"2025-01-12T10:40:51.886+0530","caller":"core/lifecycle.go:413","msg":"Err occurred: ERR::ALL::SSH::FAIL : All SSH connections failed "}
{"level":"warn","time":"2025-01-12T10:40:51.886+0530","caller":"ws/control.go:68","msg":"Retrying"}
{"level":"error","time":"2025-01-12T10:40:51.886+0530","caller":"core/lifecycle.go:414","msg":"Aborting"}
{"level":"error","time":"2025-01-12T10:40:51.886+0530","caller":"ssh/ssh.go:183","msg":"Error while creating ssh connection, over port 22 dial tcp: lookup ts-dc.lambdatest.com: no such host"}
{"level":"error","time":"2025-01-12T10:40:51.886+0530","caller":"ssh/ssh.go:183","msg":"Error while creating ssh connection, over port 22 dial tcp: lookup ts-dc.lambdatest.com: no such host"}
{"level":"error","time":"2025-01-12T10:40:51.886+0530","caller":"ssh/ssh.go:183","msg":"Error while creating ssh connection, over port 22 dial tcp: lookup ts-dc.lambdatest.com: no such host"}
{"level":"error","time":"2025-01-12T10:40:51.886+0530","caller":"core/lifecycle.go:413","msg":"Err occurred: ERR::ALL::SSH::FAIL : All SSH connections failed "}
{"level":"error","time":"2025-01-12T10:40:51.886+0530","caller":"core/lifecycle.go:414","msg":"Aborting"}
{"level":"error","time":"2025-01-12T10:40:51.891+0530","caller":"ws/control.go:67","msg":"ERR::WS::Conn : Unable to establish control websocket connection dial tcp: lookup ts-dc.lambdatest.com: no such host "}
{"level":"error","time":"2025-01-12T10:40:51.891+0530","caller":"ws/control.go:67","msg":"ERR::WS::Conn : Unable to establish control websocket connection dial tcp: lookup ts-dc.lambdatest.com: no such host "}
{"level":"error","time":"2025-01-12T10:40:51.891+0530","caller":"core/lifecycle.go:432","msg":"Unable to stop the tunnel: ERR::STP::TUNN : Stop tunnel failed Delete \"https://ts-dc.lambdatest.com/v1.0/stop/3866297\": dial tcp: lookup ts-dc.lambdatest.com: no such host "}
{"level":"error","time":"2025-01-12T10:40:51.891+0530","caller":"core/lifecycle.go:432","msg":"Unable to stop the tunnel: ERR::STP::TUNN : Stop tunnel failed Delete \"https://ts-dc.lambdatest.com/v1.0/stop/3866437\": dial tcp: lookup ts-dc.lambdatest.com: no such host "}
{"level":"warn","time":"2025-01-12T10:40:51.891+0530","caller":"ws/control.go:68","msg":"Retrying"}
{"level":"warn","time":"2025-01-12T10:40:51.891+0530","caller":"ws/control.go:68","msg":"Retrying"}
{"level":"error","time":"2025-01-12T10:40:51.891+0530","caller":"core/lifecycle.go:433","msg":"Aborting graceful shutdown"}
{"level":"error","time":"2025-01-12T10:40:51.891+0530","caller":"core/lifecycle.go:433","msg":"Aborting graceful shutdown"}
{"level":"info","time":"2025-01-12T10:40:51.891+0530","caller":"cmd/lt.go:238","msg":"Tunnel aborted, starting new tunnel."}
{"level":"info","time":"2025-01-12T10:40:51.892+0530","caller":"cmd/lt.go:238","msg":"Tunnel aborted, starting new tunnel."}
{"level":"error","time":"2025-01-12T10:40:58.022+0530","caller":"core/lifecycle.go:76","msg":"Unable to fetch remote config Get \"https://ts-dc.lambdatest.com/v1.0/tunnel/config\": dial tcp: lookup ts-dc.lambdatest.com: no such host"}
{"level":"warn","time":"2025-01-12T10:40:58.022+0530","caller":"core/lifecycle.go:80","msg":"Please ensure https://ts.lambdatest.com is reachable from your network."}
{"level":"error","time":"2025-01-12T10:40:58.049+0530","caller":"core/lifecycle.go:76","msg":"Unable to fetch remote config Get \"https://ts-dc.lambdatest.com/v1.0/tunnel/config\": dial tcp: lookup ts-dc.lambdatest.com: no such host"}
{"level":"warn","time":"2025-01-12T10:40:58.049+0530","caller":"core/lifecycle.go:80","msg":"Please ensure https://ts.lambdatest.com is reachable from your network."}
{"level":"error","time":"2025-01-12T10:40:58.199+0530","caller":"core/lifecycle.go:76","msg":"Unable to fetch remote config Get \"https://ts-dc.lambdatest.com/v1.0/tunnel/config\": dial tcp: lookup ts-dc.lambdatest.com: no such host"}
{"level":"warn","time":"2025-01-12T10:40:58.199+0530","caller":"core/lifecycle.go:80","msg":"Please ensure https://ts.lambdatest.com is reachable from your network."}
{"level":"error","time":"2025-01-12T10:40:58.230+0530","caller":"core/lifecycle.go:76","msg":"Unable to fetch remote config Get \"https://ts-dc.lambdatest.com/v1.0/tunnel/config\": dial tcp: lookup ts-dc.lambdatest.com: no such host"}
{"level":"warn","time":"2025-01-12T10:40:58.230+0530","caller":"core/lifecycle.go:80","msg":"Please ensure https://ts.lambdatest.com is reachable from your network."}
{"level":"error","time":"2025-01-12T10:40:58.242+0530","caller":"core/lifecycle.go:76","msg":"Unable to fetch remote config Get \"https://ts-dc.lambdatest.com/v1.0/tunnel/config\": dial tcp: lookup ts-dc.lambdatest.com: no such host"}
{"level":"warn","time":"2025-01-12T10:40:58.242+0530","caller":"core/lifecycle.go:80","msg":"Please ensure https://ts.lambdatest.com is reachable from your network."}
{"level":"error","time":"2025-01-12T10:40:58.309+0530","caller":"core/lifecycle.go:76","msg":"Unable to fetch remote config Get \"https://ts-dc.lambdatest.com/v1.0/tunnel/config\": dial tcp: lookup ts-dc.lambdatest.com: no such host"}
{"level":"warn","time":"2025-01-12T10:40:58.309+0530","caller":"core/lifecycle.go:80","msg":"Please ensure https://ts.lambdatest.com is reachable from your network."}
{"level":"error","time":"2025-01-12T10:40:58.344+0530","caller":"core/lifecycle.go:76","msg":"Unable to fetch remote config Get \"https://ts-dc.lambdatest.com/v1.0/tunnel/config\": dial tcp: lookup ts-dc.lambdatest.com: no such host"}
{"level":"warn","time":"2025-01-12T10:40:58.344+0530","caller":"core/lifecycle.go:80","msg":"Please ensure https://ts.lambdatest.com is reachable from your network."}
{"level":"error","time":"2025-01-12T10:40:58.364+0530","caller":"core/lifecycle.go:76","msg":"Unable to fetch remote config Get \"https://ts-dc.lambdatest.com/v1.0/tunnel/config\": dial tcp: lookup ts-dc.lambdatest.com: no such host"}
{"level":"warn","time":"2025-01-12T10:40:58.364+0530","caller":"core/lifecycle.go:80","msg":"Please ensure https://ts.lambdatest.com is reachable from your network."}
{"level":"error","time":"2025-01-12T10:40:58.421+0530","caller":"core/lifecycle.go:76","msg":"Unable to fetch remote config Get \"https://ts-dc.lambdatest.com/v1.0/tunnel/config\": dial tcp: lookup ts-dc.lambdatest.com: no such host"}
{"level":"warn","time":"2025-01-12T10:40:58.421+0530","caller":"core/lifecycle.go:80","msg":"Please ensure https://ts.lambdatest.com is reachable from your network."}
{"level":"error","time":"2025-01-12T10:40:58.475+0530","caller":"core/lifecycle.go:76","msg":"Unable to fetch remote config Get \"https://ts-dc.lambdatest.com/v1.0/tunnel/config\": dial tcp: lookup ts-dc.lambdatest.com: no such host"}
{"level":"error","time":"2025-01-12T10:40:58.475+0530","caller":"core/lifecycle.go:76","msg":"Unable to fetch remote config Get \"https://ts-dc.lambdatest.com/v1.0/tunnel/config\": dial tcp: lookup ts-dc.lambdatest.com: no such host"}
{"level":"warn","time":"2025-01-12T10:40:58.475+0530","caller":"core/lifecycle.go:80","msg":"Please ensure https://ts.lambdatest.com is reachable from your network."}
{"level":"warn","time":"2025-01-12T10:40:58.475+0530","caller":"core/lifecycle.go:80","msg":"Please ensure https://ts.lambdatest.com is reachable from your network."}
{"level":"error","time":"2025-01-12T10:40:58.529+0530","caller":"core/lifecycle.go:76","msg":"Unable to fetch remote config Get \"https://ts-dc.lambdatest.com/v1.0/tunnel/config\": dial tcp: lookup ts-dc.lambdatest.com: no such host"}
{"level":"warn","time":"2025-01-12T10:40:58.529+0530","caller":"core/lifecycle.go:80","msg":"Please ensure https://ts.lambdatest.com is reachable from your network."}
{"level":"error","time":"2025-01-12T10:40:58.646+0530","caller":"core/lifecycle.go:76","msg":"Unable to fetch remote config Get \"https://ts-dc.lambdatest.com/v1.0/tunnel/config\": dial tcp: lookup ts-dc.lambdatest.com: no such host"}
{"level":"warn","time":"2025-01-12T10:40:58.646+0530","caller":"core/lifecycle.go:80","msg":"Please ensure https://ts.lambdatest.com is reachable from your network."}
{"level":"error","time":"2025-01-12T10:40:58.657+0530","caller":"core/lifecycle.go:76","msg":"Unable to fetch remote config Get \"https://ts-dc.lambdatest.com/v1.0/tunnel/config\": dial tcp: lookup ts-dc.lambdatest.com: no such host"}
{"level":"warn","time":"2025-01-12T10:40:58.657+0530","caller":"core/lifecycle.go:80","msg":"Please ensure https://ts.lambdatest.com is reachable from your network."}
{"level":"error","time":"2025-01-12T10:40:58.669+0530","caller":"core/lifecycle.go:76","msg":"Unable to fetch remote config Get \"https://ts-dc.lambdatest.com/v1.0/tunnel/config\": dial tcp: lookup ts-dc.lambdatest.com: no such host"}
{"level":"warn","time":"2025-01-12T10:40:58.669+0530","caller":"core/lifecycle.go:80","msg":"Please ensure https://ts.lambdatest.com is reachable from your network."}
{"level":"error","time":"2025-01-12T10:40:58.682+0530","caller":"core/lifecycle.go:76","msg":"Unable to fetch remote config Get \"https://ts-dc.lambdatest.com/v1.0/tunnel/config\": dial tcp: lookup ts-dc.lambdatest.com: no such host"}
{"level":"warn","time":"2025-01-12T10:40:58.682+0530","caller":"core/lifecycle.go:80","msg":"Please ensure https://ts.lambdatest.com is reachable from your network."}
{"level":"error","time":"2025-01-12T10:40:58.772+0530","caller":"core/lifecycle.go:76","msg":"Unable to fetch remote config Get \"https://ts-dc.lambdatest.com/v1.0/tunnel/config\": dial tcp: lookup ts-dc.lambdatest.com: no such host"}
{"level":"warn","time":"2025-01-12T10:40:58.772+0530","caller":"core/lifecycle.go:80","msg":"Please ensure https://ts.lambdatest.com is reachable from your network."}
{"level":"error","time":"2025-01-12T10:40:58.775+0530","caller":"core/lifecycle.go:76","msg":"Unable to fetch remote config Get \"https://ts-dc.lambdatest.com/v1.0/tunnel/config\": dial tcp: lookup ts-dc.lambdatest.com: no such host"}
{"level":"warn","time":"2025-01-12T10:40:58.775+0530","caller":"core/lifecycle.go:80","msg":"Please ensure https://ts.lambdatest.com is reachable from your network."}
{"level":"error","time":"2025-01-12T10:40:58.788+0530","caller":"core/lifecycle.go:76","msg":"Unable to fetch remote config Get \"https://ts-dc.lambdatest.com/v1.0/tunnel/config\": dial tcp: lookup ts-dc.lambdatest.com: no such host"}
{"level":"warn","time":"2025-01-12T10:40:58.788+0530","caller":"core/lifecycle.go:80","msg":"Please ensure https://ts.lambdatest.com is reachable from your network."}
{"level":"error","time":"2025-01-12T10:40:58.792+0530","caller":"core/lifecycle.go:76","msg":"Unable to fetch remote config Get \"https://ts-dc.lambdatest.com/v1.0/tunnel/config\": dial tcp: lookup ts-dc.lambdatest.com: no such host"}
{"level":"warn","time":"2025-01-12T10:40:58.792+0530","caller":"core/lifecycle.go:80","msg":"Please ensure https://ts.lambdatest.com is reachable from your network."}
{"level":"error","time":"2025-01-12T10:40:58.816+0530","caller":"core/lifecycle.go:76","msg":"Unable to fetch remote config Get \"https://ts-dc.lambdatest.com/v1.0/tunnel/config\": dial tcp: lookup ts-dc.lambdatest.com: no such host"}
{"level":"warn","time":"2025-01-12T10:40:58.816+0530","caller":"core/lifecycle.go:80","msg":"Please ensure https://ts.lambdatest.com is reachable from your network."}
{"level":"error","time":"2025-01-12T10:40:58.861+0530","caller":"core/lifecycle.go:76","msg":"Unable to fetch remote config Get \"https://ts-dc.lambdatest.com/v1.0/tunnel/config\": dial tcp: lookup ts-dc.lambdatest.com: no such host"}
{"level":"warn","time":"2025-01-12T10:40:58.861+0530","caller":"core/lifecycle.go:80","msg":"Please ensure https://ts.lambdatest.com is reachable from your network."}
{"level":"error","time":"2025-01-12T10:40:58.890+0530","caller":"core/lifecycle.go:76","msg":"Unable to fetch remote config Get \"https://ts-dc.lambdatest.com/v1.0/tunnel/config\": dial tcp: lookup ts-dc.lambdatest.com: no such host"}
{"level":"warn","time":"2025-01-12T10:40:58.891+0530","caller":"core/lifecycle.go:80","msg":"Please ensure https://ts.lambdatest.com is reachable from your network."}
{"level":"error","time":"2025-01-12T10:40:58.898+0530","caller":"core/lifecycle.go:76","msg":"Unable to fetch remote config Get \"https://ts-dc.lambdatest.com/v1.0/tunnel/config\": dial tcp: lookup ts-dc.lambdatest.com: no such host"}
{"level":"warn","time":"2025-01-12T10:40:58.898+0530","caller":"core/lifecycle.go:80","msg":"Please ensure https://ts.lambdatest.com is reachable from your network."}
{"level":"error","time":"2025-01-12T10:40:58.903+0530","caller":"core/lifecycle.go:76","msg":"Unable to fetch remote config Get \"https://ts-dc.lambdatest.com/v1.0/tunnel/config\": dial tcp: lookup ts-dc.lambdatest.com: no such host"}
{"level":"warn","time":"2025-01-12T10:40:58.903+0530","caller":"core/lifecycle.go:80","msg":"Please ensure https://ts.lambdatest.com is reachable from your network."}
{"level":"error","time":"2025-01-12T10:41:01.982+0530","caller":"core/lifecycle.go:76","msg":"Unable to fetch remote config Get \"https://ts-dc.lambdatest.com/v1.0/tunnel/config\": dial tcp: lookup ts-dc.lambdatest.com: no such host"}
{"level":"warn","time":"2025-01-12T10:41:01.982+0530","caller":"core/lifecycle.go:80","msg":"Please ensure https://ts.lambdatest.com is reachable from your network."}
{"level":"error","time":"2025-01-12T10:41:02.115+0530","caller":"core/lifecycle.go:76","msg":"Unable to fetch remote config Get \"https://ts-dc.lambdatest.com/v1.0/tunnel/config\": dial tcp: lookup ts-dc.lambdatest.com: no such host"}
{"level":"warn","time":"2025-01-12T10:41:02.115+0530","caller":"core/lifecycle.go:80","msg":"Please ensure https://ts.lambdatest.com is reachable from your network."}
{"level":"info","time":"2025-01-12T11:08:04.465+0530","caller":"cmd/lt.go:207","msg":"LambdaTest Tunnel version: 3.2.10"}
{"level":"warn","time":"2025-01-12T11:08:04.466+0530","caller":"configmanager/setup.go:79","msg":"Tunnel Name was not specified, using: 7cc30fc2-88e9-4a58-be1a-f7bccc35546d"}
{"level":"info","time":"2025-01-12T11:08:06.345+0530","caller":"custom/setup.go:861","msg":"Tunnel binary started on port :9090"}
{"level":"info","time":"2025-01-12T11:08:08.092+0530","caller":"core/lifecycle.go:282","msg":"Launching tunnel"}
{"level":"info","time":"2025-01-12T11:08:12.060+0530","caller":"core/lifecycle.go:404","msg":"You can start testing now"}
{"level":"info","time":"2025-01-12T11:08:12.060+0530","caller":"core/lifecycle.go:405","msg":"Tunnel ID: 3867397"}
{"level":"info","time":"2025-01-12T11:08:41.340+0530","caller":"cmd/lt.go:207","msg":"LambdaTest Tunnel version: 3.2.10"}
{"level":"warn","time":"2025-01-12T11:08:41.342+0530","caller":"configmanager/setup.go:79","msg":"Tunnel Name was not specified, using: 9aa62483-7868-49aa-a997-344ab620c2a1"}
{"level":"warn","time":"2025-01-12T11:08:42.853+0530","caller":"custom/setup.go:846","msg":"Port 9090 is already in use. Trying on a random free tcp port."}
{"level":"info","time":"2025-01-12T11:08:42.854+0530","caller":"custom/setup.go:861","msg":"Tunnel binary started on port :63182"}
{"level":"info","time":"2025-01-12T11:08:44.392+0530","caller":"core/lifecycle.go:282","msg":"Launching tunnel"}
{"level":"info","time":"2025-01-12T11:08:48.272+0530","caller":"core/lifecycle.go:404","msg":"You can start testing now"}
{"level":"info","time":"2025-01-12T11:08:48.272+0530","caller":"core/lifecycle.go:405","msg":"Tunnel ID: 3867403"}
{"level":"info","time":"2025-01-12T11:09:11.882+0530","caller":"cmd/lt.go:207","msg":"LambdaTest Tunnel version: 3.2.10"}
{"level":"warn","time":"2025-01-12T11:09:11.884+0530","caller":"configmanager/setup.go:79","msg":"Tunnel Name was not specified, using: 4f4584ae-ba08-4819-b8f7-bc1c5d3efe05"}
{"level":"warn","time":"2025-01-12T11:09:13.180+0530","caller":"custom/setup.go:846","msg":"Port 9090 is already in use. Trying on a random free tcp port."}
{"level":"info","time":"2025-01-12T11:09:13.183+0530","caller":"custom/setup.go:861","msg":"Tunnel binary started on port :63265"}
{"level":"info","time":"2025-01-12T11:09:14.866+0530","caller":"core/lifecycle.go:282","msg":"Launching tunnel"}
{"level":"info","time":"2025-01-12T11:09:19.009+0530","caller":"core/lifecycle.go:404","msg":"You can start testing now"}
{"level":"info","time":"2025-01-12T11:09:19.009+0530","caller":"core/lifecycle.go:405","msg":"Tunnel ID: 3867411"}
{"level":"info","time":"2025-01-12T11:27:14.043+0530","caller":"cmd/lt.go:207","msg":"LambdaTest Tunnel version: 3.2.10"}
{"level":"warn","time":"2025-01-12T11:27:14.045+0530","caller":"configmanager/setup.go:79","msg":"Tunnel Name was not specified, using: fb3a5eba-cd00-4ad6-bcb3-2f7aecbc4736"}
{"level":"info","time":"2025-01-12T11:27:14.076+0530","caller":"cmd/lt.go:207","msg":"LambdaTest Tunnel version: 3.2.10"}
{"level":"warn","time":"2025-01-12T11:27:14.078+0530","caller":"configmanager/setup.go:79","msg":"Tunnel Name was not specified, using: 35c4a9a9-b32d-4c90-9fa3-f24dae063ce6"}
{"level":"info","time":"2025-01-12T11:27:14.334+0530","caller":"cmd/lt.go:207","msg":"LambdaTest Tunnel version: 3.2.10"}
{"level":"warn","time":"2025-01-12T11:27:14.335+0530","caller":"configmanager/setup.go:79","msg":"Tunnel Name was not specified, using: c1a69dc7-7dec-4db5-89f0-2683d531cb7a"}
{"level":"info","time":"2025-01-12T11:27:14.355+0530","caller":"cmd/lt.go:207","msg":"LambdaTest Tunnel version: 3.2.10"}
{"level":"warn","time":"2025-01-12T11:27:14.356+0530","caller":"configmanager/setup.go:79","msg":"Tunnel Name was not specified, using: 37f07022-5f24-40f0-83c8-3c16278c10e0"}
{"level":"warn","time":"2025-01-12T11:27:15.785+0530","caller":"custom/setup.go:846","msg":"Port 9090 is already in use. Trying on a random free tcp port."}
{"level":"info","time":"2025-01-12T11:27:15.786+0530","caller":"custom/setup.go:861","msg":"Tunnel binary started on port :58118"}
{"level":"warn","time":"2025-01-12T11:27:15.831+0530","caller":"custom/setup.go:846","msg":"Port 9090 is already in use. Trying on a random free tcp port."}
{"level":"info","time":"2025-01-12T11:27:15.832+0530","caller":"custom/setup.go:861","msg":"Tunnel binary started on port :58121"}
{"level":"warn","time":"2025-01-12T11:27:15.843+0530","caller":"custom/setup.go:846","msg":"Port 9090 is already in use. Trying on a random free tcp port."}
{"level":"info","time":"2025-01-12T11:27:15.844+0530","caller":"custom/setup.go:861","msg":"Tunnel binary started on port :58123"}
{"level":"warn","time":"2025-01-12T11:27:15.915+0530","caller":"custom/setup.go:846","msg":"Port 9090 is already in use. Trying on a random free tcp port."}
{"level":"info","time":"2025-01-12T11:27:15.917+0530","caller":"custom/setup.go:861","msg":"Tunnel binary started on port :58141"}
{"level":"info","time":"2025-01-12T11:27:17.219+0530","caller":"core/lifecycle.go:282","msg":"Launching tunnel"}
{"level":"info","time":"2025-01-12T11:27:17.253+0530","caller":"core/lifecycle.go:282","msg":"Launching tunnel"}
{"level":"info","time":"2025-01-12T11:27:17.302+0530","caller":"core/lifecycle.go:282","msg":"Launching tunnel"}
{"level":"info","time":"2025-01-12T11:27:17.373+0530","caller":"core/lifecycle.go:282","msg":"Launching tunnel"}
{"level":"info","time":"2025-01-12T11:27:21.516+0530","caller":"core/lifecycle.go:404","msg":"You can start testing now"}
{"level":"info","time":"2025-01-12T11:27:21.516+0530","caller":"core/lifecycle.go:405","msg":"Tunnel ID: 3867552"}
{"level":"info","time":"2025-01-12T11:27:21.896+0530","caller":"core/lifecycle.go:404","msg":"You can start testing now"}
{"level":"info","time":"2025-01-12T11:27:21.898+0530","caller":"core/lifecycle.go:405","msg":"Tunnel ID: 3867556"}
{"level":"info","time":"2025-01-12T11:27:21.938+0530","caller":"core/lifecycle.go:404","msg":"You can start testing now"}
{"level":"info","time":"2025-01-12T11:27:21.938+0530","caller":"core/lifecycle.go:405","msg":"Tunnel ID: 3867555"}
{"level":"info","time":"2025-01-12T11:27:22.666+0530","caller":"core/lifecycle.go:404","msg":"You can start testing now"}
{"level":"info","time":"2025-01-12T11:27:22.666+0530","caller":"core/lifecycle.go:405","msg":"Tunnel ID: 3867557"}
{"level":"info","time":"2025-01-12T11:27:46.049+0530","caller":"cmd/lt.go:207","msg":"LambdaTest Tunnel version: 3.2.10"}
{"level":"warn","time":"2025-01-12T11:27:46.052+0530","caller":"configmanager/setup.go:79","msg":"Tunnel Name was not specified, using: 71ee6c3a-a31c-4a83-853f-07dc997817a8"}
{"level":"warn","time":"2025-01-12T11:27:47.771+0530","caller":"custom/setup.go:846","msg":"Port 9090 is already in use. Trying on a random free tcp port."}
{"level":"info","time":"2025-01-12T11:27:47.775+0530","caller":"custom/setup.go:861","msg":"Tunnel binary started on port :58213"}
{"level":"info","time":"2025-01-12T11:27:49.530+0530","caller":"core/lifecycle.go:282","msg":"Launching tunnel"}
{"level":"info","time":"2025-01-12T11:27:53.553+0530","caller":"core/lifecycle.go:404","msg":"You can start testing now"}
{"level":"info","time":"2025-01-12T11:27:53.553+0530","caller":"core/lifecycle.go:405","msg":"Tunnel ID: 3867562"}
{"level":"info","time":"2025-01-12T11:27:58.551+0530","caller":"cmd/lt.go:207","msg":"LambdaTest Tunnel version: 3.2.10"}
{"level":"warn","time":"2025-01-12T11:27:58.553+0530","caller":"configmanager/setup.go:79","msg":"Tunnel Name was not specified, using: df606d00-7f57-4721-a90d-8ab68a195deb"}
{"level":"warn","time":"2025-01-12T11:28:00.016+0530","caller":"custom/setup.go:846","msg":"Port 9090 is already in use. Trying on a random free tcp port."}
{"level":"info","time":"2025-01-12T11:28:00.019+0530","caller":"custom/setup.go:861","msg":"Tunnel binary started on port :58251"}
{"level":"info","time":"2025-01-12T11:28:01.472+0530","caller":"core/lifecycle.go:282","msg":"Launching tunnel"}
{"level":"info","time":"2025-01-12T11:28:05.479+0530","caller":"core/lifecycle.go:404","msg":"You can start testing now"}
{"level":"info","time":"2025-01-12T11:28:05.479+0530","caller":"core/lifecycle.go:405","msg":"Tunnel ID: 3867564"}
{"level":"info","time":"2025-01-12T11:28:10.980+0530","caller":"cmd/lt.go:207","msg":"LambdaTest Tunnel version: 3.2.10"}
{"level":"warn","time":"2025-01-12T11:28:10.984+0530","caller":"configmanager/setup.go:79","msg":"Tunnel Name was not specified, using: 46c573bf-9580-4004-b354-2120a9f8e607"}
{"level":"warn","time":"2025-01-12T11:28:12.472+0530","caller":"custom/setup.go:846","msg":"Port 9090 is already in use. Trying on a random free tcp port."}
{"level":"info","time":"2025-01-12T11:28:12.473+0530","caller":"custom/setup.go:861","msg":"Tunnel binary started on port :58357"}
{"level":"info","time":"2025-01-12T11:28:14.341+0530","caller":"core/lifecycle.go:282","msg":"Launching tunnel"}
{"level":"info","time":"2025-01-12T11:28:16.372+0530","caller":"cmd/lt.go:207","msg":"LambdaTest Tunnel version: 3.2.10"}
{"level":"warn","time":"2025-01-12T11:28:16.374+0530","caller":"configmanager/setup.go:79","msg":"Tunnel Name was not specified, using: 94f1b9c8-51ed-466b-a83b-b01204eb452c"}
{"level":"warn","time":"2025-01-12T11:28:18.527+0530","caller":"custom/setup.go:846","msg":"Port 9090 is already in use. Trying on a random free tcp port."}
{"level":"info","time":"2025-01-12T11:28:18.528+0530","caller":"custom/setup.go:861","msg":"Tunnel binary started on port :58401"}
{"level":"info","time":"2025-01-12T11:28:18.594+0530","caller":"core/lifecycle.go:404","msg":"You can start testing now"}
{"level":"info","time":"2025-01-12T11:28:18.594+0530","caller":"core/lifecycle.go:405","msg":"Tunnel ID: 3867568"}
{"level":"info","time":"2025-01-12T11:28:19.951+0530","caller":"core/lifecycle.go:282","msg":"Launching tunnel"}
{"level":"info","time":"2025-01-12T11:28:23.915+0530","caller":"core/lifecycle.go:404","msg":"You can start testing now"}
{"level":"info","time":"2025-01-12T11:28:23.915+0530","caller":"core/lifecycle.go:405","msg":"Tunnel ID: 3867569"}
{"level":"info","time":"2025-01-12T11:28:24.291+0530","caller":"cmd/lt.go:207","msg":"LambdaTest Tunnel version: 3.2.10"}
{"level":"warn","time":"2025-01-12T11:28:24.293+0530","caller":"configmanager/setup.go:79","msg":"Tunnel Name was not specified, using: 8f26f081-14ac-4daf-90f4-902471c51595"}
{"level":"warn","time":"2025-01-12T11:28:26.020+0530","caller":"custom/setup.go:846","msg":"Port 9090 is already in use. Trying on a random free tcp port."}
{"level":"info","time":"2025-01-12T11:28:26.022+0530","caller":"custom/setup.go:861","msg":"Tunnel binary started on port :58431"}
{"level":"info","time":"2025-01-12T11:28:27.478+0530","caller":"core/lifecycle.go:282","msg":"Launching tunnel"}
{"level":"info","time":"2025-01-12T11:28:31.585+0530","caller":"core/lifecycle.go:404","msg":"You can start testing now"}
{"level":"info","time":"2025-01-12T11:28:31.585+0530","caller":"core/lifecycle.go:405","msg":"Tunnel ID: 3867570"}
{"level":"info","time":"2025-01-12T11:28:39.016+0530","caller":"cmd/lt.go:207","msg":"LambdaTest Tunnel version: 3.2.10"}
{"level":"warn","time":"2025-01-12T11:28:39.018+0530","caller":"configmanager/setup.go:79","msg":"Tunnel Name was not specified, using: 2e99b984-f90d-43ee-9b5e-0d55eaae6da6"}
{"level":"warn","time":"2025-01-12T11:28:40.137+0530","caller":"custom/setup.go:846","msg":"Port 9090 is already in use. Trying on a random free tcp port."}
{"level":"info","time":"2025-01-12T11:28:40.138+0530","caller":"custom/setup.go:861","msg":"Tunnel binary started on port :58453"}
{"level":"info","time":"2025-01-12T11:28:41.537+0530","caller":"core/lifecycle.go:282","msg":"Launching tunnel"}
{"level":"info","time":"2025-01-12T11:28:46.181+0530","caller":"core/lifecycle.go:404","msg":"You can start testing now"}
{"level":"info","time":"2025-01-12T11:28:46.181+0530","caller":"core/lifecycle.go:405","msg":"Tunnel ID: 3867572"}
{"level":"info","time":"2025-01-12T11:28:51.093+0530","caller":"cmd/lt.go:207","msg":"LambdaTest Tunnel version: 3.2.10"}
{"level":"warn","time":"2025-01-12T11:28:51.094+0530","caller":"configmanager/setup.go:79","msg":"Tunnel Name was not specified, using: e3998e37-6e81-41b3-b562-35a303ad593d"}
{"level":"warn","time":"2025-01-12T11:28:52.561+0530","caller":"custom/setup.go:846","msg":"Port 9090 is already in use. Trying on a random free tcp port."}
{"level":"info","time":"2025-01-12T11:28:52.562+0530","caller":"custom/setup.go:861","msg":"Tunnel binary started on port :58483"}
{"level":"info","time":"2025-01-12T11:28:53.908+0530","caller":"core/lifecycle.go:282","msg":"Launching tunnel"}
{"level":"info","time":"2025-01-12T11:28:57.874+0530","caller":"core/lifecycle.go:404","msg":"You can start testing now"}
{"level":"info","time":"2025-01-12T11:28:57.874+0530","caller":"core/lifecycle.go:405","msg":"Tunnel ID: 3867574"}
{"level":"info","time":"2025-01-12T11:29:07.640+0530","caller":"cmd/lt.go:207","msg":"LambdaTest Tunnel version: 3.2.10"}
{"level":"warn","time":"2025-01-12T11:29:07.641+0530","caller":"configmanager/setup.go:79","msg":"Tunnel Name was not specified, using: eb942bcf-0efa-4745-89a8-bd9520ea0381"}
{"level":"warn","time":"2025-01-12T11:29:08.846+0530","caller":"custom/setup.go:846","msg":"Port 9090 is already in use. Trying on a random free tcp port."}
{"level":"info","time":"2025-01-12T11:29:08.847+0530","caller":"custom/setup.go:861","msg":"Tunnel binary started on port :58514"}
{"level":"info","time":"2025-01-12T11:29:10.400+0530","caller":"core/lifecycle.go:282","msg":"Launching tunnel"}
{"level":"info","time":"2025-01-12T11:29:15.265+0530","caller":"core/lifecycle.go:404","msg":"You can start testing now"}
{"level":"info","time":"2025-01-12T11:29:15.266+0530","caller":"core/lifecycle.go:405","msg":"Tunnel ID: 3867575"}
{"level":"info","time":"2025-01-12T11:52:00.579+0530","caller":"core/lifecycle.go:450","msg":"Stopping tunnel"}
{"level":"info","time":"2025-01-12T11:52:00.579+0530","caller":"core/lifecycle.go:450","msg":"Stopping tunnel"}
{"level":"info","time":"2025-01-12T11:52:00.581+0530","caller":"core/lifecycle.go:450","msg":"Stopping tunnel"}
{"level":"info","time":"2025-01-12T11:52:00.582+0530","caller":"core/lifecycle.go:450","msg":"Stopping tunnel"}
{"level":"info","time":"2025-01-12T11:52:00.582+0530","caller":"core/lifecycle.go:450","msg":"Stopping tunnel"}
{"level":"info","time":"2025-01-12T11:52:00.582+0530","caller":"core/lifecycle.go:450","msg":"Stopping tunnel"}
{"level":"info","time":"2025-01-12T11:52:00.582+0530","caller":"core/lifecycle.go:450","msg":"Stopping tunnel"}
{"level":"info","time":"2025-01-12T11:52:00.582+0530","caller":"core/lifecycle.go:450","msg":"Stopping tunnel"}
{"level":"info","time":"2025-01-12T11:52:00.582+0530","caller":"core/lifecycle.go:450","msg":"Stopping tunnel"}
{"level":"info","time":"2025-01-12T11:52:00.582+0530","caller":"core/lifecycle.go:450","msg":"Stopping tunnel"}
{"level":"info","time":"2025-01-12T11:52:00.582+0530","caller":"core/lifecycle.go:450","msg":"Stopping tunnel"}
{"level":"info","time":"2025-01-12T11:52:00.582+0530","caller":"core/lifecycle.go:450","msg":"Stopping tunnel"}
{"level":"info","time":"2025-01-12T11:52:00.582+0530","caller":"core/lifecycle.go:450","msg":"Stopping tunnel"}
{"level":"info","time":"2025-01-12T11:52:00.582+0530","caller":"core/lifecycle.go:450","msg":"Stopping tunnel"}
{"level":"info","time":"2025-01-12T11:52:02.675+0530","caller":"core/lifecycle.go:457","msg":"Tunnel stopped successfully"}
{"level":"info","time":"2025-01-12T11:52:03.604+0530","caller":"core/lifecycle.go:457","msg":"Tunnel stopped successfully"}
{"level":"info","time":"2025-01-12T11:52:03.993+0530","caller":"core/lifecycle.go:457","msg":"Tunnel stopped successfully"}
{"level":"info","time":"2025-01-12T11:52:04.025+0530","caller":"core/lifecycle.go:457","msg":"Tunnel stopped successfully"}
{"level":"info","time":"2025-01-12T11:52:04.026+0530","caller":"core/lifecycle.go:457","msg":"Tunnel stopped successfully"}
{"level":"info","time":"2025-01-12T11:52:04.043+0530","caller":"core/lifecycle.go:457","msg":"Tunnel stopped successfully"}
{"level":"info","time":"2025-01-12T11:52:04.044+0530","caller":"core/lifecycle.go:457","msg":"Tunnel stopped successfully"}
{"level":"info","time":"2025-01-12T11:52:04.063+0530","caller":"core/lifecycle.go:457","msg":"Tunnel stopped successfully"}
{"level":"info","time":"2025-01-12T11:52:04.094+0530","caller":"core/lifecycle.go:457","msg":"Tunnel stopped successfully"}
{"level":"info","time":"2025-01-12T11:52:04.112+0530","caller":"core/lifecycle.go:457","msg":"Tunnel stopped successfully"}
{"level":"info","time":"2025-01-12T11:52:04.134+0530","caller":"core/lifecycle.go:457","msg":"Tunnel stopped successfully"}
{"level":"info","time":"2025-01-12T11:52:04.165+0530","caller":"core/lifecycle.go:457","msg":"Tunnel stopped successfully"}
{"level":"info","time":"2025-01-12T11:52:04.687+0530","caller":"core/lifecycle.go:457","msg":"Tunnel stopped successfully"}
{"level":"info","time":"2025-01-12T11:52:05.155+0530","caller":"core/lifecycle.go:457","msg":"Tunnel stopped successfully"}
{"level":"info","time":"2025-01-12T11:52:05.222+0530","caller":"core/lifecycle.go:450","msg":"Stopping tunnel"}
{"level":"info","time":"2025-01-12T11:52:07.199+0530","caller":"core/lifecycle.go:457","msg":"Tunnel stopped successfully"}
{"level":"info","time":"2025-01-12T18:15:43.047+0530","caller":"cmd/lt.go:207","msg":"LambdaTest Tunnel version: 3.2.10"}
{"level":"warn","time":"2025-01-12T18:15:43.052+0530","caller":"configmanager/setup.go:79","msg":"Tunnel Name was not specified, using: 64585682-a0b8-410a-be54-442c8af99f52"}
{"level":"info","time":"2025-01-12T18:15:43.054+0530","caller":"cmd/lt.go:207","msg":"LambdaTest Tunnel version: 3.2.10"}
{"level":"warn","time":"2025-01-12T18:15:43.055+0530","caller":"configmanager/setup.go:79","msg":"Tunnel Name was not specified, using: a1acfe25-84dd-4b05-819c-4e23784291f4"}
{"level":"info","time":"2025-01-12T18:15:43.105+0530","caller":"cmd/lt.go:207","msg":"LambdaTest Tunnel version: 3.2.10"}
{"level":"warn","time":"2025-01-12T18:15:43.106+0530","caller":"configmanager/setup.go:79","msg":"Tunnel Name was not specified, using: 55283f0c-6c4b-4522-ae73-c955893095e2"}
{"level":"info","time":"2025-01-12T18:15:43.122+0530","caller":"cmd/lt.go:207","msg":"LambdaTest Tunnel version: 3.2.10"}
{"level":"warn","time":"2025-01-12T18:15:43.123+0530","caller":"configmanager/setup.go:79","msg":"Tunnel Name was not specified, using: 065f9737-7d44-41a9-b82d-f52b229d6e95"}
{"level":"info","time":"2025-01-12T18:15:44.337+0530","caller":"custom/setup.go:861","msg":"Tunnel binary started on port :9090"}
{"level":"warn","time":"2025-01-12T18:15:44.727+0530","caller":"custom/setup.go:846","msg":"Port 9090 is already in use. Trying on a random free tcp port."}
{"level":"info","time":"2025-01-12T18:15:44.728+0530","caller":"custom/setup.go:861","msg":"Tunnel binary started on port :64218"}
{"level":"warn","time":"2025-01-12T18:15:45.486+0530","caller":"custom/setup.go:846","msg":"Port 9090 is already in use. Trying on a random free tcp port."}
{"level":"info","time":"2025-01-12T18:15:45.487+0530","caller":"custom/setup.go:861","msg":"Tunnel binary started on port :64224"}
{"level":"warn","time":"2025-01-12T18:15:45.645+0530","caller":"custom/setup.go:846","msg":"Port 9090 is already in use. Trying on a random free tcp port."}
{"level":"info","time":"2025-01-12T18:15:45.647+0530","caller":"custom/setup.go:861","msg":"Tunnel binary started on port :64230"}
{"level":"info","time":"2025-01-12T18:15:46.024+0530","caller":"core/lifecycle.go:282","msg":"Launching tunnel"}
{"level":"info","time":"2025-01-12T18:15:46.155+0530","caller":"core/lifecycle.go:282","msg":"Launching tunnel"}
{"level":"info","time":"2025-01-12T18:15:46.960+0530","caller":"core/lifecycle.go:282","msg":"Launching tunnel"}
{"level":"info","time":"2025-01-12T18:15:47.123+0530","caller":"core/lifecycle.go:282","msg":"Launching tunnel"}
{"level":"info","time":"2025-01-12T18:15:50.731+0530","caller":"core/lifecycle.go:404","msg":"You can start testing now"}
{"level":"info","time":"2025-01-12T18:15:50.732+0530","caller":"core/lifecycle.go:405","msg":"Tunnel ID: 3870510"}
{"level":"info","time":"2025-01-12T18:15:51.092+0530","caller":"core/lifecycle.go:404","msg":"You can start testing now"}
{"level":"info","time":"2025-01-12T18:15:51.092+0530","caller":"core/lifecycle.go:405","msg":"Tunnel ID: 3870513"}
{"level":"info","time":"2025-01-12T18:15:52.149+0530","caller":"core/lifecycle.go:404","msg":"You can start testing now"}
{"level":"info","time":"2025-01-12T18:15:52.149+0530","caller":"core/lifecycle.go:405","msg":"Tunnel ID: 3870514"}
{"level":"info","time":"2025-01-12T18:15:52.877+0530","caller":"core/lifecycle.go:404","msg":"You can start testing now"}
{"level":"info","time":"2025-01-12T18:15:52.877+0530","caller":"core/lifecycle.go:405","msg":"Tunnel ID: 3870515"}
{"level":"info","time":"2025-01-12T18:16:08.802+0530","caller":"cmd/lt.go:207","msg":"LambdaTest Tunnel version: 3.2.10"}
{"level":"warn","time":"2025-01-12T18:16:08.803+0530","caller":"configmanager/setup.go:79","msg":"Tunnel Name was not specified, using: 2322ba88-1037-4814-a9d5-b32a77a8dcec"}
{"level":"warn","time":"2025-01-12T18:16:09.733+0530","caller":"custom/setup.go:846","msg":"Port 9090 is already in use. Trying on a random free tcp port."}
{"level":"info","time":"2025-01-12T18:16:09.735+0530","caller":"custom/setup.go:861","msg":"Tunnel binary started on port :64286"}
{"level":"info","time":"2025-01-12T18:16:11.099+0530","caller":"core/lifecycle.go:282","msg":"Launching tunnel"}
{"level":"info","time":"2025-01-12T18:16:12.554+0530","caller":"cmd/lt.go:207","msg":"LambdaTest Tunnel version: 3.2.10"}
{"level":"warn","time":"2025-01-12T18:16:12.555+0530","caller":"configmanager/setup.go:79","msg":"Tunnel Name was not specified, using: 5602e22f-7ede-4b15-840e-d525658d5dfd"}
{"level":"warn","time":"2025-01-12T18:16:13.635+0530","caller":"custom/setup.go:846","msg":"Port 9090 is already in use. Trying on a random free tcp port."}
{"level":"info","time":"2025-01-12T18:16:13.636+0530","caller":"custom/setup.go:861","msg":"Tunnel binary started on port :64297"}
{"level":"info","time":"2025-01-12T18:16:14.856+0530","caller":"core/lifecycle.go:282","msg":"Launching tunnel"}
{"level":"info","time":"2025-01-12T18:16:14.940+0530","caller":"core/lifecycle.go:404","msg":"You can start testing now"}
{"level":"info","time":"2025-01-12T18:16:14.940+0530","caller":"core/lifecycle.go:405","msg":"Tunnel ID: 3870519"}
{"level":"info","time":"2025-01-12T18:16:18.752+0530","caller":"core/lifecycle.go:404","msg":"You can start testing now"}
{"level":"info","time":"2025-01-12T18:16:18.753+0530","caller":"core/lifecycle.go:405","msg":"Tunnel ID: 3870520"}
{"level":"info","time":"2025-01-12T18:16:22.994+0530","caller":"cmd/lt.go:207","msg":"LambdaTest Tunnel version: 3.2.10"}
{"level":"warn","time":"2025-01-12T18:16:22.995+0530","caller":"configmanager/setup.go:79","msg":"Tunnel Name was not specified, using: 68a8ff3d-9608-45b5-ba89-3d9339adc36b"}
{"level":"warn","time":"2025-01-12T18:16:24.017+0530","caller":"custom/setup.go:846","msg":"Port 9090 is already in use. Trying on a random free tcp port."}
{"level":"info","time":"2025-01-12T18:16:24.019+0530","caller":"custom/setup.go:861","msg":"Tunnel binary started on port :64326"}
{"level":"info","time":"2025-01-12T18:16:25.218+0530","caller":"core/lifecycle.go:282","msg":"Launching tunnel"}
{"level":"info","time":"2025-01-12T18:16:29.607+0530","caller":"core/lifecycle.go:404","msg":"You can start testing now"}
{"level":"info","time":"2025-01-12T18:16:29.607+0530","caller":"core/lifecycle.go:405","msg":"Tunnel ID: 3870521"}
{"level":"info","time":"2025-01-12T18:16:32.994+0530","caller":"cmd/lt.go:207","msg":"LambdaTest Tunnel version: 3.2.10"}
{"level":"warn","time":"2025-01-12T18:16:32.995+0530","caller":"configmanager/setup.go:79","msg":"Tunnel Name was not specified, using: 6e77f4bb-9247-4779-a3b7-fe9a30eb5900"}
{"level":"warn","time":"2025-01-12T18:16:33.895+0530","caller":"custom/setup.go:846","msg":"Port 9090 is already in use. Trying on a random free tcp port."}
{"level":"info","time":"2025-01-12T18:16:33.896+0530","caller":"custom/setup.go:861","msg":"Tunnel binary started on port :64349"}
{"level":"info","time":"2025-01-12T18:16:35.308+0530","caller":"core/lifecycle.go:282","msg":"Launching tunnel"}
{"level":"info","time":"2025-01-12T18:16:39.132+0530","caller":"core/lifecycle.go:404","msg":"You can start testing now"}
{"level":"info","time":"2025-01-12T18:16:39.132+0530","caller":"core/lifecycle.go:405","msg":"Tunnel ID: 3870522"}
{"level":"info","time":"2025-01-12T18:16:44.723+0530","caller":"cmd/lt.go:207","msg":"LambdaTest Tunnel version: 3.2.10"}
{"level":"warn","time":"2025-01-12T18:16:44.724+0530","caller":"configmanager/setup.go:79","msg":"Tunnel Name was not specified, using: 07243511-2154-4611-8638-be0977fd5621"}
{"level":"warn","time":"2025-01-12T18:16:45.830+0530","caller":"custom/setup.go:846","msg":"Port 9090 is already in use. Trying on a random free tcp port."}
{"level":"info","time":"2025-01-12T18:16:45.831+0530","caller":"custom/setup.go:861","msg":"Tunnel binary started on port :64374"}
{"level":"info","time":"2025-01-12T18:16:47.247+0530","caller":"cmd/lt.go:207","msg":"LambdaTest Tunnel version: 3.2.10"}
{"level":"warn","time":"2025-01-12T18:16:47.248+0530","caller":"configmanager/setup.go:79","msg":"Tunnel Name was not specified, using: 2818bc56-afc5-4863-af78-1d74029cc005"}
{"level":"info","time":"2025-01-12T18:16:47.323+0530","caller":"core/lifecycle.go:282","msg":"Launching tunnel"}
{"level":"warn","time":"2025-01-12T18:16:48.569+0530","caller":"custom/setup.go:846","msg":"Port 9090 is already in use. Trying on a random free tcp port."}
{"level":"info","time":"2025-01-12T18:16:48.570+0530","caller":"custom/setup.go:861","msg":"Tunnel binary started on port :64385"}
{"level":"info","time":"2025-01-12T18:16:49.842+0530","caller":"core/lifecycle.go:282","msg":"Launching tunnel"}
{"level":"info","time":"2025-01-12T18:16:51.579+0530","caller":"core/lifecycle.go:404","msg":"You can start testing now"}
{"level":"info","time":"2025-01-12T18:16:51.580+0530","caller":"core/lifecycle.go:405","msg":"Tunnel ID: 3870525"}
{"level":"info","time":"2025-01-12T18:16:53.651+0530","caller":"core/lifecycle.go:404","msg":"You can start testing now"}
{"level":"info","time":"2025-01-12T18:16:53.651+0530","caller":"core/lifecycle.go:405","msg":"Tunnel ID: 3870526"}
{"level":"info","time":"2025-01-12T18:17:01.767+0530","caller":"cmd/lt.go:207","msg":"LambdaTest Tunnel version: 3.2.10"}
{"level":"warn","time":"2025-01-12T18:17:01.768+0530","caller":"configmanager/setup.go:79","msg":"Tunnel Name was not specified, using: 8b85484d-f154-426b-ac86-a8b30a1e2eca"}
{"level":"warn","time":"2025-01-12T18:17:03.273+0530","caller":"custom/setup.go:846","msg":"Port 9090 is already in use. Trying on a random free tcp port."}
{"level":"info","time":"2025-01-12T18:17:03.274+0530","caller":"custom/setup.go:861","msg":"Tunnel binary started on port :64416"}
{"level":"info","time":"2025-01-12T18:17:04.589+0530","caller":"core/lifecycle.go:282","msg":"Launching tunnel"}
{"level":"info","time":"2025-01-12T18:17:08.324+0530","caller":"core/lifecycle.go:404","msg":"You can start testing now"}
{"level":"info","time":"2025-01-12T18:17:08.325+0530","caller":"core/lifecycle.go:405","msg":"Tunnel ID: 3870527"}
{"level":"info","time":"2025-01-12T18:17:36.975+0530","caller":"cmd/lt.go:207","msg":"LambdaTest Tunnel version: 3.2.10"}
{"level":"warn","time":"2025-01-12T18:17:36.976+0530","caller":"configmanager/setup.go:79","msg":"Tunnel Name was not specified, using: abbef7b2-b975-4476-aae1-6b89ff44d834"}
{"level":"warn","time":"2025-01-12T18:17:38.099+0530","caller":"custom/setup.go:846","msg":"Port 9090 is already in use. Trying on a random free tcp port."}
{"level":"info","time":"2025-01-12T18:17:38.100+0530","caller":"custom/setup.go:861","msg":"Tunnel binary started on port :64440"}
{"level":"info","time":"2025-01-12T18:17:39.473+0530","caller":"core/lifecycle.go:282","msg":"Launching tunnel"}
{"level":"info","time":"2025-01-12T18:17:43.314+0530","caller":"core/lifecycle.go:404","msg":"You can start testing now"}
{"level":"info","time":"2025-01-12T18:17:43.314+0530","caller":"core/lifecycle.go:405","msg":"Tunnel ID: 3870530"}
{"level":"error","time":"2025-01-12T18:20:56.525+0530","caller":"ws/control.go:79","msg":"Control connection break error"}
{"level":"warn","time":"2025-01-12T18:20:56.525+0530","caller":"ws/control.go:80","msg":"Retrying"}
{"level":"error","time":"2025-01-12T18:20:56.525+0530","caller":"ws/control.go:79","msg":"Control connection break error"}
{"level":"error","time":"2025-01-12T18:20:56.525+0530","caller":"ws/control.go:81","msg":"ERR::WS::CTRL::CONN::DWN : Control websocket connection closed read tcp 192.168.235.179:64423->23.106.54.77:443: wsarecv: An established connection was aborted by the software in your host machine. "}
{"level":"warn","time":"2025-01-12T18:20:56.525+0530","caller":"ws/control.go:80","msg":"Retrying"}
{"level":"error","time":"2025-01-12T18:20:56.525+0530","caller":"ws/control.go:79","msg":"Control connection break error"}
{"level":"error","time":"2025-01-12T18:20:56.525+0530","caller":"ws/control.go:81","msg":"ERR::WS::CTRL::CONN::DWN : Control websocket connection closed read tcp 192.168.235.179:64235->23.106.54.77:443: wsarecv: An established connection was aborted by the software in your host machine. "}
{"level":"warn","time":"2025-01-12T18:20:56.525+0530","caller":"ws/control.go:80","msg":"Retrying"}
{"level":"error","time":"2025-01-12T18:20:56.525+0530","caller":"ws/control.go:81","msg":"ERR::WS::CTRL::CONN::DWN : Control websocket connection closed read tcp 192.168.235.179:64310->23.106.54.77:443: wsarecv: An established connection was aborted by the software in your host machine. "}
{"level":"error","time":"2025-01-12T18:20:56.527+0530","caller":"ws/control.go:79","msg":"Control connection break error"}
{"level":"error","time":"2025-01-12T18:20:56.527+0530","caller":"ws/control.go:79","msg":"Control connection break error"}
{"level":"warn","time":"2025-01-12T18:20:56.527+0530","caller":"ws/control.go:80","msg":"Retrying"}
{"level":"error","time":"2025-01-12T18:20:56.527+0530","caller":"ws/control.go:79","msg":"Control connection break error"}
{"level":"error","time":"2025-01-12T18:20:56.527+0530","caller":"ws/control.go:79","msg":"Control connection break error"}
{"level":"error","time":"2025-01-12T18:20:56.528+0530","caller":"ws/control.go:79","msg":"Control connection break error"}
{"level":"error","time":"2025-01-12T18:20:56.528+0530","caller":"ws/control.go:79","msg":"Control connection break error"}
{"level":"error","time":"2025-01-12T18:20:56.528+0530","caller":"ws/control.go:79","msg":"Control connection break error"}
{"level":"error","time":"2025-01-12T18:20:56.528+0530","caller":"ws/control.go:79","msg":"Control connection break error"}
{"level":"error","time":"2025-01-12T18:20:56.528+0530","caller":"ws/control.go:79","msg":"Control connection break error"}
{"level":"warn","time":"2025-01-12T18:20:56.538+0530","caller":"ws/control.go:80","msg":"Retrying"}
{"level":"error","time":"2025-01-12T18:20:56.544+0530","caller":"ws/control.go:81","msg":"ERR::WS::CTRL::CONN::DWN : Control websocket connection closed read tcp 192.168.235.179:64390->23.106.54.77:443: wsarecv: An established connection was aborted by the software in your host machine. "}
{"level":"warn","time":"2025-01-12T18:20:56.548+0530","caller":"ws/control.go:80","msg":"Retrying"}
{"level":"warn","time":"2025-01-12T18:20:56.551+0530","caller":"ws/control.go:80","msg":"Retrying"}
{"level":"warn","time":"2025-01-12T18:20:56.552+0530","caller":"ws/control.go:80","msg":"Retrying"}
{"level":"warn","time":"2025-01-12T18:20:56.554+0530","caller":"ws/control.go:80","msg":"Retrying"}
{"level":"warn","time":"2025-01-12T18:20:56.557+0530","caller":"ws/control.go:80","msg":"Retrying"}
{"level":"warn","time":"2025-01-12T18:20:56.564+0530","caller":"ws/control.go:80","msg":"Retrying"}
{"level":"warn","time":"2025-01-12T18:20:56.571+0530","caller":"ws/control.go:80","msg":"Retrying"}
{"level":"error","time":"2025-01-12T18:20:56.572+0530","caller":"ws/control.go:81","msg":"ERR::WS::CTRL::CONN::DWN : Control websocket connection closed read tcp 192.168.235.179:64331->23.106.54.77:443: wsarecv: An established connection was aborted by the software in your host machine. "}
{"level":"error","time":"2025-01-12T18:20:56.572+0530","caller":"ws/control.go:67","msg":"ERR::WS::Conn : Unable to establish control websocket connection dial tcp: lookup ts-dc.lambdatest.com: no such host "}
{"level":"error","time":"2025-01-12T18:20:56.572+0530","caller":"ws/control.go:67","msg":"ERR::WS::Conn : Unable to establish control websocket connection dial tcp: lookup ts-dc.lambdatest.com: no such host "}
{"level":"error","time":"2025-01-12T18:20:56.575+0530","caller":"ws/control.go:81","msg":"ERR::WS::CTRL::CONN::DWN : Control websocket connection closed read tcp 192.168.235.179:64446->23.106.54.77:443: wsarecv: An established connection was aborted by the software in your host machine. "}
{"level":"error","time":"2025-01-12T18:20:56.575+0530","caller":"ws/control.go:81","msg":"ERR::WS::CTRL::CONN::DWN : Control websocket connection closed read tcp 192.168.235.179:64382->23.106.54.77:443: wsarecv: An established connection was aborted by the software in your host machine. "}
{"level":"error","time":"2025-01-12T18:20:56.575+0530","caller":"ws/control.go:81","msg":"ERR::WS::CTRL::CONN::DWN : Control websocket connection closed read tcp 192.168.235.179:64238->23.106.54.77:443: wsarecv: An established connection was aborted by the software in your host machine. "}
{"level":"error","time":"2025-01-12T18:20:56.576+0530","caller":"ws/control.go:81","msg":"ERR::WS::CTRL::CONN::DWN : Control websocket connection closed read tcp 192.168.235.179:64240->23.106.54.77:443: wsarecv: An established connection was aborted by the software in your host machine. "}
{"level":"error","time":"2025-01-12T18:20:56.577+0530","caller":"ws/control.go:81","msg":"ERR::WS::CTRL::CONN::DWN : Control websocket connection closed read tcp 192.168.235.179:64292->23.106.54.77:443: wsarecv: An established connection was aborted by the software in your host machine. "}
{"level":"error","time":"2025-01-12T18:20:56.578+0530","caller":"ws/control.go:81","msg":"ERR::WS::CTRL::CONN::DWN : Control websocket connection closed read tcp 192.168.235.179:64355->23.106.54.77:443: wsarecv: An established connection was aborted by the software in your host machine. "}
{"level":"error","time":"2025-01-12T18:20:56.579+0530","caller":"ws/control.go:81","msg":"ERR::WS::CTRL::CONN::DWN : Control websocket connection closed read tcp 192.168.235.179:64242->23.106.54.77:443: wsarecv: An established connection was aborted by the software in your host machine. "}
{"level":"warn","time":"2025-01-12T18:20:56.584+0530","caller":"ws/control.go:68","msg":"Retrying"}
{"level":"warn","time":"2025-01-12T18:20:56.585+0530","caller":"ws/control.go:68","msg":"Retrying"}
{"level":"error","time":"2025-01-12T18:20:56.618+0530","caller":"ws/control.go:67","msg":"ERR::WS::Conn : Unable to establish control websocket connection dial tcp: lookup ts-dc.lambdatest.com: no such host "}
{"level":"warn","time":"2025-01-12T18:20:56.634+0530","caller":"ws/control.go:68","msg":"Retrying"}
{"level":"error","time":"2025-01-12T18:20:56.640+0530","caller":"ws/control.go:67","msg":"ERR::WS::Conn : Unable to establish control websocket connection dial tcp: lookup ts-dc.lambdatest.com: no such host "}
{"level":"warn","time":"2025-01-12T18:20:56.640+0530","caller":"ws/control.go:68","msg":"Retrying"}
{"level":"error","time":"2025-01-12T18:20:56.640+0530","caller":"ws/control.go:67","msg":"ERR::WS::Conn : Unable to establish control websocket connection dial tcp: lookup ts-dc.lambdatest.com: no such host "}
{"level":"warn","time":"2025-01-12T18:20:56.640+0530","caller":"ws/control.go:68","msg":"Retrying"}
{"level":"error","time":"2025-01-12T18:20:56.640+0530","caller":"ws/control.go:67","msg":"ERR::WS::Conn : Unable to establish control websocket connection dial tcp: lookup ts-dc.lambdatest.com: no such host "}
{"level":"warn","time":"2025-01-12T18:20:56.640+0530","caller":"ws/control.go:68","msg":"Retrying"}
{"level":"error","time":"2025-01-12T18:20:56.641+0530","caller":"ws/control.go:67","msg":"ERR::WS::Conn : Unable to establish control websocket connection dial tcp: lookup ts-dc.lambdatest.com: no such host "}
{"level":"warn","time":"2025-01-12T18:20:56.641+0530","caller":"ws/control.go:68","msg":"Retrying"}
{"level":"error","time":"2025-01-12T18:20:56.642+0530","caller":"ws/control.go:67","msg":"ERR::WS::Conn : Unable to establish control websocket connection dial tcp: lookup ts-dc.lambdatest.com: no such host "}
{"level":"warn","time":"2025-01-12T18:20:56.642+0530","caller":"ws/control.go:68","msg":"Retrying"}
{"level":"error","time":"2025-01-12T18:20:56.643+0530","caller":"ws/control.go:67","msg":"ERR::WS::Conn : Unable to establish control websocket connection dial tcp: lookup ts-dc.lambdatest.com: no such host "}
{"level":"warn","time":"2025-01-12T18:20:56.643+0530","caller":"ws/control.go:68","msg":"Retrying"}
{"level":"error","time":"2025-01-12T18:20:56.646+0530","caller":"ws/control.go:67","msg":"ERR::WS::Conn : Unable to establish control websocket connection dial tcp: lookup ts-dc.lambdatest.com: no such host "}
{"level":"warn","time":"2025-01-12T18:20:56.646+0530","caller":"ws/control.go:68","msg":"Retrying"}
{"level":"error","time":"2025-01-12T18:20:57.036+0530","caller":"ssh/ssh.go:183","msg":"Error while creating ssh connection, over port 22 dial tcp: lookup ts-dc.lambdatest.com: no such host"}
{"level":"error","time":"2025-01-12T18:20:57.036+0530","caller":"ssh/ssh.go:183","msg":"Error while creating ssh connection, over port 22 dial tcp: lookup ts-dc.lambdatest.com: no such host"}
{"level":"error","time":"2025-01-12T18:20:57.036+0530","caller":"ssh/ssh.go:183","msg":"Error while creating ssh connection, over port 22 dial tcp: lookup ts-dc.lambdatest.com: no such host"}
{"level":"error","time":"2025-01-12T18:20:57.036+0530","caller":"ssh/ssh.go:183","msg":"Error while creating ssh connection, over port 22 dial tcp: lookup ts-dc.lambdatest.com: no such host"}
{"level":"error","time":"2025-01-12T18:20:57.036+0530","caller":"ssh/ssh.go:183","msg":"Error while creating ssh connection, over port 22 dial tcp: lookup ts-dc.lambdatest.com: no such host"}
{"level":"error","time":"2025-01-12T18:20:57.036+0530","caller":"ssh/ssh.go:183","msg":"Error while creating ssh connection, over port 22 dial tcp: lookup ts-dc.lambdatest.com: no such host"}
{"level":"error","time":"2025-01-12T18:20:57.036+0530","caller":"ssh/ssh.go:183","msg":"Error while creating ssh connection, over port 22 dial tcp: lookup ts-dc.lambdatest.com: no such host"}
{"level":"error","time":"2025-01-12T18:20:57.037+0530","caller":"ssh/ssh.go:183","msg":"Error while creating ssh connection, over port 22 dial tcp: lookup ts-dc.lambdatest.com: no such host"}
{"level":"error","time":"2025-01-12T18:20:57.037+0530","caller":"ssh/ssh.go:183","msg":"Error while creating ssh connection, over port 22 dial tcp: lookup ts-dc.lambdatest.com: no such host"}
{"level":"error","time":"2025-01-12T18:20:57.037+0530","caller":"ssh/ssh.go:183","msg":"Error while creating ssh connection, over port 22 dial tcp: lookup ts-dc.lambdatest.com: no such host"}
{"level":"error","time":"2025-01-12T18:20:57.037+0530","caller":"ssh/ssh.go:183","msg":"Error while creating ssh connection, over port 22 dial tcp: lookup ts-dc.lambdatest.com: no such host"}
{"level":"error","time":"2025-01-12T18:20:57.036+0530","caller":"ssh/ssh.go:183","msg":"Error while creating ssh connection, over port 22 dial tcp: lookup ts-dc.lambdatest.com: no such host"}
{"level":"error","time":"2025-01-12T18:20:57.036+0530","caller":"ssh/ssh.go:183","msg":"Error while creating ssh connection, over port 22 dial tcp: lookup ts-dc.lambdatest.com: no such host"}
{"level":"error","time":"2025-01-12T18:20:57.037+0530","caller":"ssh/ssh.go:183","msg":"Error while creating ssh connection, over port 22 dial tcp: lookup ts-dc.lambdatest.com: no such host"}
{"level":"error","time":"2025-01-12T18:20:57.037+0530","caller":"ssh/ssh.go:183","msg":"Error while creating ssh connection, over port 22 dial tcp: lookup ts-dc.lambdatest.com: no such host"}
{"level":"error","time":"2025-01-12T18:20:57.037+0530","caller":"ssh/ssh.go:183","msg":"Error while creating ssh connection, over port 22 dial tcp: lookup ts-dc.lambdatest.com: no such host"}
{"level":"error","time":"2025-01-12T18:20:57.037+0530","caller":"ssh/ssh.go:183","msg":"Error while creating ssh connection, over port 22 dial tcp: lookup ts-dc.lambdatest.com: no such host"}
{"level":"error","time":"2025-01-12T18:20:57.038+0530","caller":"ssh/ssh.go:183","msg":"Error while creating ssh connection, over port 22 dial tcp: lookup ts-dc.lambdatest.com: no such host"}
{"level":"error","time":"2025-01-12T18:20:57.038+0530","caller":"ssh/ssh.go:183","msg":"Error while creating ssh connection, over port 22 dial tcp: lookup ts-dc.lambdatest.com: no such host"}
{"level":"error","time":"2025-01-12T18:20:57.036+0530","caller":"ssh/ssh.go:183","msg":"Error while creating ssh connection, over port 22 dial tcp: lookup ts-dc.lambdatest.com: no such host"}
{"level":"error","time":"2025-01-12T18:20:57.037+0530","caller":"ssh/ssh.go:183","msg":"Error while creating ssh connection, over port 22 dial tcp: lookup ts-dc.lambdatest.com: no such host"}
{"level":"error","time":"2025-01-12T18:20:57.037+0530","caller":"ssh/ssh.go:183","msg":"Error while creating ssh connection, over port 22 dial tcp: lookup ts-dc.lambdatest.com: no such host"}
{"level":"error","time":"2025-01-12T18:20:57.037+0530","caller":"ssh/ssh.go:183","msg":"Error while creating ssh connection, over port 22 dial tcp: lookup ts-dc.lambdatest.com: no such host"}
{"level":"error","time":"2025-01-12T18:20:57.037+0530","caller":"ssh/ssh.go:183","msg":"Error while creating ssh connection, over port 22 dial tcp: lookup ts-dc.lambdatest.com: no such host"}
{"level":"error","time":"2025-01-12T18:20:57.038+0530","caller":"ws/control.go:67","msg":"ERR::WS::Conn : Unable to establish control websocket connection dial tcp: lookup ts-dc.lambdatest.com: no such host "}
{"level":"error","time":"2025-01-12T18:20:57.038+0530","caller":"ssh/ssh.go:183","msg":"Error while creating ssh connection, over port 22 dial tcp: lookup ts-dc.lambdatest.com: no such host"}
{"level":"error","time":"2025-01-12T18:20:57.038+0530","caller":"ssh/ssh.go:183","msg":"Error while creating ssh connection, over port 22 dial tcp: lookup ts-dc.lambdatest.com: no such host"}
{"level":"warn","time":"2025-01-12T18:20:57.040+0530","caller":"ws/control.go:68","msg":"Retrying"}
{"level":"error","time":"2025-01-12T18:20:57.038+0530","caller":"ssh/ssh.go:183","msg":"Error while creating ssh connection, over port 22 dial tcp: lookup ts-dc.lambdatest.com: no such host"}
{"level":"error","time":"2025-01-12T18:20:57.038+0530","caller":"ssh/ssh.go:183","msg":"Error while creating ssh connection, over port 22 dial tcp: lookup ts-dc.lambdatest.com: no such host"}
{"level":"error","time":"2025-01-12T18:20:57.038+0530","caller":"ssh/ssh.go:183","msg":"Error while creating ssh connection, over port 22 dial tcp: lookup ts-dc.lambdatest.com: no such host"}
{"level":"error","time":"2025-01-12T18:20:57.038+0530","caller":"ssh/ssh.go:183","msg":"Error while creating ssh connection, over port 22 dial tcp: lookup ts-dc.lambdatest.com: no such host"}
{"level":"error","time":"2025-01-12T18:20:57.038+0530","caller":"ssh/ssh.go:183","msg":"Error while creating ssh connection, over port 22 dial tcp: lookup ts-dc.lambdatest.com: no such host"}
{"level":"error","time":"2025-01-12T18:20:57.040+0530","caller":"core/lifecycle.go:413","msg":"Err occurred: ERR::ALL::SSH::FAIL : All SSH connections failed "}
{"level":"error","time":"2025-01-12T18:20:57.038+0530","caller":"ssh/ssh.go:183","msg":"Error while creating ssh connection, over port 22 dial tcp: lookup ts-dc.lambdatest.com: no such host"}
{"level":"error","time":"2025-01-12T18:20:57.038+0530","caller":"ssh/ssh.go:183","msg":"Error while creating ssh connection, over port 22 dial tcp: lookup ts-dc.lambdatest.com: no such host"}
{"level":"error","time":"2025-01-12T18:20:57.041+0530","caller":"core/lifecycle.go:413","msg":"Err occurred: ERR::ALL::SSH::FAIL : All SSH connections failed "}
{"level":"error","time":"2025-01-12T18:20:57.041+0530","caller":"core/lifecycle.go:414","msg":"Aborting"}
{"level":"error","time":"2025-01-12T18:20:57.038+0530","caller":"ssh/ssh.go:183","msg":"Error while creating ssh connection, over port 22 dial tcp: lookup ts-dc.lambdatest.com: no such host"}
{"level":"error","time":"2025-01-12T18:20:57.041+0530","caller":"core/lifecycle.go:414","msg":"Aborting"}
{"level":"error","time":"2025-01-12T18:20:57.041+0530","caller":"core/lifecycle.go:413","msg":"Err occurred: ERR::ALL::SSH::FAIL : All SSH connections failed "}
{"level":"error","time":"2025-01-12T18:20:57.039+0530","caller":"ssh/ssh.go:183","msg":"Error while creating ssh connection, over port 22 dial tcp: lookup ts-dc.lambdatest.com: no such host"}
{"level":"error","time":"2025-01-12T18:20:57.042+0530","caller":"core/lifecycle.go:414","msg":"Aborting"}
{"level":"error","time":"2025-01-12T18:20:57.042+0530","caller":"core/lifecycle.go:432","msg":"Unable to stop the tunnel: ERR::STP::TUNN : Stop tunnel failed Delete \"https://ts-dc.lambdatest.com/v1.0/stop/3870520\": dial tcp: lookup ts-dc.lambdatest.com: no such host "}
{"level":"error","time":"2025-01-12T18:20:57.042+0530","caller":"ssh/ssh.go:183","msg":"Error while creating ssh connection, over port 22 dial tcp: lookup ts-dc.lambdatest.com: no such host"}
{"level":"error","time":"2025-01-12T18:20:57.042+0530","caller":"core/lifecycle.go:413","msg":"Err occurred: ERR::ALL::SSH::FAIL : All SSH connections failed "}
{"level":"error","time":"2025-01-12T18:20:57.042+0530","caller":"core/lifecycle.go:433","msg":"Aborting graceful shutdown"}
{"level":"error","time":"2025-01-12T18:20:57.042+0530","caller":"core/lifecycle.go:414","msg":"Aborting"}
{"level":"error","time":"2025-01-12T18:20:57.036+0530","caller":"ssh/ssh.go:183","msg":"Error while creating ssh connection, over port 22 dial tcp: lookup ts-dc.lambdatest.com: no such host"}
{"level":"info","time":"2025-01-12T18:20:57.042+0530","caller":"cmd/lt.go:238","msg":"Tunnel aborted, starting new tunnel."}
{"level":"error","time":"2025-01-12T18:20:57.042+0530","caller":"core/lifecycle.go:432","msg":"Unable to stop the tunnel: ERR::STP::TUNN : Stop tunnel failed Delete \"https://ts-dc.lambdatest.com/v1.0/stop/3870510\": dial tcp: lookup ts-dc.lambdatest.com: no such host "}
{"level":"error","time":"2025-01-12T18:20:57.036+0530","caller":"ssh/ssh.go:183","msg":"Error while creating ssh connection, over port 22 dial tcp: lookup ts-dc.lambdatest.com: no such host"}
{"level":"error","time":"2025-01-12T18:20:57.042+0530","caller":"core/lifecycle.go:432","msg":"Unable to stop the tunnel: ERR::STP::TUNN : Stop tunnel failed Delete \"https://ts-dc.lambdatest.com/v1.0/stop/3870525\": dial tcp: lookup ts-dc.lambdatest.com: no such host "}
{"level":"error","time":"2025-01-12T18:20:57.043+0530","caller":"core/lifecycle.go:432","msg":"Unable to stop the tunnel: ERR::STP::TUNN : Stop tunnel failed Delete \"https://ts-dc.lambdatest.com/v1.0/stop/3870513\": dial tcp: lookup ts-dc.lambdatest.com: no such host "}
{"level":"error","time":"2025-01-12T18:20:57.043+0530","caller":"core/lifecycle.go:433","msg":"Aborting graceful shutdown"}
{"level":"error","time":"2025-01-12T18:20:57.038+0530","caller":"ssh/ssh.go:183","msg":"Error while creating ssh connection, over port 22 dial tcp: lookup ts-dc.lambdatest.com: no such host"}
{"level":"error","time":"2025-01-12T18:20:57.043+0530","caller":"core/lifecycle.go:433","msg":"Aborting graceful shutdown"}
{"level":"error","time":"2025-01-12T18:20:57.043+0530","caller":"core/lifecycle.go:433","msg":"Aborting graceful shutdown"}
{"level":"info","time":"2025-01-12T18:20:57.043+0530","caller":"cmd/lt.go:238","msg":"Tunnel aborted, starting new tunnel."}
{"level":"info","time":"2025-01-12T18:20:57.043+0530","caller":"cmd/lt.go:238","msg":"Tunnel aborted, starting new tunnel."}
{"level":"error","time":"2025-01-12T18:20:57.043+0530","caller":"core/lifecycle.go:413","msg":"Err occurred: ERR::ALL::SSH::FAIL : All SSH connections failed "}
{"level":"info","time":"2025-01-12T18:20:57.043+0530","caller":"cmd/lt.go:238","msg":"Tunnel aborted, starting new tunnel."}
{"level":"error","time":"2025-01-12T18:20:57.044+0530","caller":"core/lifecycle.go:414","msg":"Aborting"}
{"level":"error","time":"2025-01-12T18:20:57.037+0530","caller":"ssh/ssh.go:183","msg":"Error while creating ssh connection, over port 22 dial tcp: lookup ts-dc.lambdatest.com: no such host"}
{"level":"error","time":"2025-01-12T18:20:57.037+0530","caller":"ssh/ssh.go:183","msg":"Error while creating ssh connection, over port 22 dial tcp: lookup ts-dc.lambdatest.com: no such host"}
{"level":"error","time":"2025-01-12T18:20:57.037+0530","caller":"ssh/ssh.go:183","msg":"Error while creating ssh connection, over port 22 dial tcp: lookup ts-dc.lambdatest.com: no such host"}
{"level":"error","time":"2025-01-12T18:20:57.038+0530","caller":"ssh/ssh.go:183","msg":"Error while creating ssh connection, over port 22 dial tcp: lookup ts-dc.lambdatest.com: no such host"}
{"level":"error","time":"2025-01-12T18:20:57.037+0530","caller":"ssh/ssh.go:183","msg":"Error while creating ssh connection, over port 22 dial tcp: lookup ts-dc.lambdatest.com: no such host"}
{"level":"error","time":"2025-01-12T18:20:57.045+0530","caller":"core/lifecycle.go:413","msg":"Err occurred: ERR::ALL::SSH::FAIL : All SSH connections failed "}
{"level":"error","time":"2025-01-12T18:20:57.042+0530","caller":"ssh/ssh.go:183","msg":"Error while creating ssh connection, over port 22 dial tcp: lookup ts-dc.lambdatest.com: no such host"}
{"level":"error","time":"2025-01-12T18:20:57.045+0530","caller":"core/lifecycle.go:413","msg":"Err occurred: ERR::ALL::SSH::FAIL : All SSH connections failed "}
{"level":"error","time":"2025-01-12T18:20:57.045+0530","caller":"core/lifecycle.go:414","msg":"Aborting"}
{"level":"error","time":"2025-01-12T18:20:57.045+0530","caller":"core/lifecycle.go:432","msg":"Unable to stop the tunnel: ERR::STP::TUNN : Stop tunnel failed Delete \"https://ts-dc.lambdatest.com/v1.0/stop/3870514\": dial tcp: lookup ts-dc.lambdatest.com: no such host "}
{"level":"error","time":"2025-01-12T18:20:57.045+0530","caller":"core/lifecycle.go:414","msg":"Aborting"}
{"level":"error","time":"2025-01-12T18:20:57.045+0530","caller":"core/lifecycle.go:433","msg":"Aborting graceful shutdown"}
{"level":"info","time":"2025-01-12T18:20:57.045+0530","caller":"cmd/lt.go:238","msg":"Tunnel aborted, starting new tunnel."}
{"level":"error","time":"2025-01-12T18:20:57.046+0530","caller":"core/lifecycle.go:432","msg":"Unable to stop the tunnel: ERR::STP::TUNN : Stop tunnel failed Delete \"https://ts-dc.lambdatest.com/v1.0/stop/3870519\": dial tcp: lookup ts-dc.lambdatest.com: no such host "}
{"level":"error","time":"2025-01-12T18:20:57.046+0530","caller":"core/lifecycle.go:432","msg":"Unable to stop the tunnel: ERR::STP::TUNN : Stop tunnel failed Delete \"https://ts-dc.lambdatest.com/v1.0/stop/3870526\": dial tcp: lookup ts-dc.lambdatest.com: no such host "}
{"level":"error","time":"2025-01-12T18:20:57.046+0530","caller":"core/lifecycle.go:433","msg":"Aborting graceful shutdown"}
{"level":"error","time":"2025-01-12T18:20:57.046+0530","caller":"core/lifecycle.go:433","msg":"Aborting graceful shutdown"}
{"level":"info","time":"2025-01-12T18:20:57.046+0530","caller":"cmd/lt.go:238","msg":"Tunnel aborted, starting new tunnel."}
{"level":"info","time":"2025-01-12T18:20:57.046+0530","caller":"cmd/lt.go:238","msg":"Tunnel aborted, starting new tunnel."}
{"level":"error","time":"2025-01-12T18:20:57.046+0530","caller":"ssh/ssh.go:183","msg":"Error while creating ssh connection, over port 22 dial tcp: lookup ts-dc.lambdatest.com: no such host"}
{"level":"error","time":"2025-01-12T18:20:57.046+0530","caller":"ssh/ssh.go:183","msg":"Error while creating ssh connection, over port 22 dial tcp: lookup ts-dc.lambdatest.com: no such host"}
{"level":"error","time":"2025-01-12T18:20:57.046+0530","caller":"ssh/ssh.go:183","msg":"Error while creating ssh connection, over port 22 dial tcp: lookup ts-dc.lambdatest.com: no such host"}
{"level":"error","time":"2025-01-12T18:20:57.046+0530","caller":"ssh/ssh.go:183","msg":"Error while creating ssh connection, over port 22 dial tcp: lookup ts-dc.lambdatest.com: no such host"}
{"level":"error","time":"2025-01-12T18:20:57.048+0530","caller":"ssh/ssh.go:183","msg":"Error while creating ssh connection, over port 22 dial tcp: lookup ts-dc.lambdatest.com: no such host"}
{"level":"error","time":"2025-01-12T18:20:57.048+0530","caller":"ssh/ssh.go:183","msg":"Error while creating ssh connection, over port 22 dial tcp: lookup ts-dc.lambdatest.com: no such host"}
{"level":"error","time":"2025-01-12T18:20:57.048+0530","caller":"ssh/ssh.go:183","msg":"Error while creating ssh connection, over port 22 dial tcp: lookup ts-dc.lambdatest.com: no such host"}
{"level":"error","time":"2025-01-12T18:20:57.050+0530","caller":"ssh/ssh.go:183","msg":"Error while creating ssh connection, over port 22 dial tcp: lookup ts-dc.lambdatest.com: no such host"}
{"level":"error","time":"2025-01-12T18:20:57.052+0530","caller":"ssh/ssh.go:183","msg":"Error while creating ssh connection, over port 22 dial tcp: lookup ts-dc.lambdatest.com: no such host"}
{"level":"error","time":"2025-01-12T18:20:57.053+0530","caller":"core/lifecycle.go:413","msg":"Err occurred: ERR::ALL::SSH::FAIL : All SSH connections failed "}
{"level":"error","time":"2025-01-12T18:20:57.053+0530","caller":"core/lifecycle.go:414","msg":"Aborting"}
{"level":"error","time":"2025-01-12T18:20:57.053+0530","caller":"core/lifecycle.go:432","msg":"Unable to stop the tunnel: ERR::STP::TUNN : Stop tunnel failed Delete \"https://ts-dc.lambdatest.com/v1.0/stop/3870527\": dial tcp: lookup ts-dc.lambdatest.com: no such host "}
{"level":"error","time":"2025-01-12T18:20:57.053+0530","caller":"core/lifecycle.go:433","msg":"Aborting graceful shutdown"}
{"level":"info","time":"2025-01-12T18:20:57.053+0530","caller":"cmd/lt.go:238","msg":"Tunnel aborted, starting new tunnel."}
{"level":"error","time":"2025-01-12T18:20:57.053+0530","caller":"ssh/ssh.go:183","msg":"Error while creating ssh connection, over port 22 dial tcp: lookup ts-dc.lambdatest.com: no such host"}
{"level":"error","time":"2025-01-12T18:20:57.053+0530","caller":"ssh/ssh.go:183","msg":"Error while creating ssh connection, over port 22 dial tcp: lookup ts-dc.lambdatest.com: no such host"}
{"level":"error","time":"2025-01-12T18:20:57.053+0530","caller":"ssh/ssh.go:183","msg":"Error while creating ssh connection, over port 22 dial tcp: lookup ts-dc.lambdatest.com: no such host"}
{"level":"error","time":"2025-01-12T18:20:57.054+0530","caller":"core/lifecycle.go:413","msg":"Err occurred: ERR::ALL::SSH::FAIL : All SSH connections failed "}
{"level":"error","time":"2025-01-12T18:20:57.054+0530","caller":"core/lifecycle.go:414","msg":"Aborting"}
{"level":"error","time":"2025-01-12T18:20:57.054+0530","caller":"ssh/ssh.go:183","msg":"Error while creating ssh connection, over port 22 dial tcp: lookup ts-dc.lambdatest.com: no such host"}
{"level":"error","time":"2025-01-12T18:20:57.054+0530","caller":"core/lifecycle.go:413","msg":"Err occurred: ERR::ALL::SSH::FAIL : All SSH connections failed "}
{"level":"error","time":"2025-01-12T18:20:57.054+0530","caller":"core/lifecycle.go:414","msg":"Aborting"}
{"level":"error","time":"2025-01-12T18:20:57.054+0530","caller":"core/lifecycle.go:432","msg":"Unable to stop the tunnel: ERR::STP::TUNN : Stop tunnel failed Delete \"https://ts-dc.lambdatest.com/v1.0/stop/3870521\": dial tcp: lookup ts-dc.lambdatest.com: no such host "}
{"level":"error","time":"2025-01-12T18:20:57.054+0530","caller":"core/lifecycle.go:433","msg":"Aborting graceful shutdown"}
{"level":"info","time":"2025-01-12T18:20:57.054+0530","caller":"cmd/lt.go:238","msg":"Tunnel aborted, starting new tunnel."}
{"level":"error","time":"2025-01-12T18:20:57.054+0530","caller":"core/lifecycle.go:432","msg":"Unable to stop the tunnel: ERR::STP::TUNN : Stop tunnel failed Delete \"https://ts-dc.lambdatest.com/v1.0/stop/3870522\": dial tcp: lookup ts-dc.lambdatest.com: no such host "}
{"level":"error","time":"2025-01-12T18:20:57.054+0530","caller":"core/lifecycle.go:433","msg":"Aborting graceful shutdown"}
{"level":"info","time":"2025-01-12T18:20:57.054+0530","caller":"cmd/lt.go:238","msg":"Tunnel aborted, starting new tunnel."}
{"level":"error","time":"2025-01-12T18:20:57.057+0530","caller":"ssh/ssh.go:183","msg":"Error while creating ssh connection, over port 22 dial tcp: lookup ts-dc.lambdatest.com: no such host"}
{"level":"error","time":"2025-01-12T18:20:57.057+0530","caller":"core/lifecycle.go:413","msg":"Err occurred: ERR::ALL::SSH::FAIL : All SSH connections failed "}
{"level":"error","time":"2025-01-12T18:20:57.057+0530","caller":"core/lifecycle.go:414","msg":"Aborting"}
{"level":"error","time":"2025-01-12T18:20:57.057+0530","caller":"core/lifecycle.go:432","msg":"Unable to stop the tunnel: ERR::STP::TUNN : Stop tunnel failed Delete \"https://ts-dc.lambdatest.com/v1.0/stop/3870530\": dial tcp: lookup ts-dc.lambdatest.com: no such host "}
{"level":"error","time":"2025-01-12T18:20:57.058+0530","caller":"core/lifecycle.go:433","msg":"Aborting graceful shutdown"}
{"level":"info","time":"2025-01-12T18:20:57.058+0530","caller":"cmd/lt.go:238","msg":"Tunnel aborted, starting new tunnel."}
{"level":"error","time":"2025-01-12T18:20:57.063+0530","caller":"ssh/ssh.go:183","msg":"Error while creating ssh connection, over port 22 dial tcp: lookup ts-dc.lambdatest.com: no such host"}
{"level":"error","time":"2025-01-12T18:20:57.063+0530","caller":"core/lifecycle.go:413","msg":"Err occurred: ERR::ALL::SSH::FAIL : All SSH connections failed "}
{"level":"error","time":"2025-01-12T18:20:57.063+0530","caller":"core/lifecycle.go:414","msg":"Aborting"}
{"level":"error","time":"2025-01-12T18:20:57.064+0530","caller":"core/lifecycle.go:432","msg":"Unable to stop the tunnel: ERR::STP::TUNN : Stop tunnel failed Delete \"https://ts-dc.lambdatest.com/v1.0/stop/3870515\": dial tcp: lookup ts-dc.lambdatest.com: no such host "}
{"level":"error","time":"2025-01-12T18:20:57.064+0530","caller":"core/lifecycle.go:433","msg":"Aborting graceful shutdown"}
{"level":"info","time":"2025-01-12T18:20:57.064+0530","caller":"cmd/lt.go:238","msg":"Tunnel aborted, starting new tunnel."}
{"level":"error","time":"2025-01-12T18:21:06.598+0530","caller":"core/lifecycle.go:76","msg":"Unable to fetch remote config Get \"https://ts-dc.lambdatest.com/v1.0/tunnel/config\": dial tcp: lookup ts-dc.lambdatest.com: no such host"}
{"level":"warn","time":"2025-01-12T18:21:06.598+0530","caller":"core/lifecycle.go:80","msg":"Please ensure https://ts.lambdatest.com is reachable from your network."}
{"level":"error","time":"2025-01-12T18:21:06.622+0530","caller":"core/lifecycle.go:76","msg":"Unable to fetch remote config Get \"https://ts-dc.lambdatest.com/v1.0/tunnel/config\": dial tcp: lookup ts-dc.lambdatest.com: no such host"}
{"level":"warn","time":"2025-01-12T18:21:06.622+0530","caller":"core/lifecycle.go:80","msg":"Please ensure https://ts.lambdatest.com is reachable from your network."}
{"level":"error","time":"2025-01-12T18:21:06.623+0530","caller":"core/lifecycle.go:76","msg":"Unable to fetch remote config Get \"https://ts-dc.lambdatest.com/v1.0/tunnel/config\": dial tcp: lookup ts-dc.lambdatest.com: no such host"}
{"level":"warn","time":"2025-01-12T18:21:06.623+0530","caller":"core/lifecycle.go:80","msg":"Please ensure https://ts.lambdatest.com is reachable from your network."}
{"level":"error","time":"2025-01-12T18:21:06.691+0530","caller":"core/lifecycle.go:76","msg":"Unable to fetch remote config Get \"https://ts-dc.lambdatest.com/v1.0/tunnel/config\": dial tcp: lookup ts-dc.lambdatest.com: no such host"}
{"level":"warn","time":"2025-01-12T18:21:06.691+0530","caller":"core/lifecycle.go:80","msg":"Please ensure https://ts.lambdatest.com is reachable from your network."}
{"level":"error","time":"2025-01-12T18:21:06.739+0530","caller":"core/lifecycle.go:76","msg":"Unable to fetch remote config Get \"https://ts-dc.lambdatest.com/v1.0/tunnel/config\": dial tcp: lookup ts-dc.lambdatest.com: no such host"}
{"level":"warn","time":"2025-01-12T18:21:06.739+0530","caller":"core/lifecycle.go:80","msg":"Please ensure https://ts.lambdatest.com is reachable from your network."}
{"level":"error","time":"2025-01-12T18:21:06.879+0530","caller":"core/lifecycle.go:76","msg":"Unable to fetch remote config Get \"https://ts-dc.lambdatest.com/v1.0/tunnel/config\": dial tcp: lookup ts-dc.lambdatest.com: no such host"}
{"level":"warn","time":"2025-01-12T18:21:06.879+0530","caller":"core/lifecycle.go:80","msg":"Please ensure https://ts.lambdatest.com is reachable from your network."}
{"level":"error","time":"2025-01-12T18:21:06.880+0530","caller":"core/lifecycle.go:76","msg":"Unable to fetch remote config Get \"https://ts-dc.lambdatest.com/v1.0/tunnel/config\": dial tcp: lookup ts-dc.lambdatest.com: no such host"}
{"level":"warn","time":"2025-01-12T18:21:06.880+0530","caller":"core/lifecycle.go:80","msg":"Please ensure https://ts.lambdatest.com is reachable from your network."}
{"level":"error","time":"2025-01-12T18:21:07.009+0530","caller":"core/lifecycle.go:76","msg":"Unable to fetch remote config Get \"https://ts-dc.lambdatest.com/v1.0/tunnel/config\": dial tcp: lookup ts-dc.lambdatest.com: no such host"}
{"level":"warn","time":"2025-01-12T18:21:07.009+0530","caller":"core/lifecycle.go:80","msg":"Please ensure https://ts.lambdatest.com is reachable from your network."}
{"level":"error","time":"2025-01-12T18:21:07.239+0530","caller":"core/lifecycle.go:76","msg":"Unable to fetch remote config Get \"https://ts-dc.lambdatest.com/v1.0/tunnel/config\": dial tcp: lookup ts-dc.lambdatest.com: no such host"}
{"level":"warn","time":"2025-01-12T18:21:07.239+0530","caller":"core/lifecycle.go:80","msg":"Please ensure https://ts.lambdatest.com is reachable from your network."}
{"level":"error","time":"2025-01-12T18:21:07.240+0530","caller":"core/lifecycle.go:76","msg":"Unable to fetch remote config Get \"https://ts-dc.lambdatest.com/v1.0/tunnel/config\": dial tcp: lookup ts-dc.lambdatest.com: no such host"}
{"level":"warn","time":"2025-01-12T18:21:07.240+0530","caller":"core/lifecycle.go:80","msg":"Please ensure https://ts.lambdatest.com is reachable from your network."}
{"level":"error","time":"2025-01-12T18:21:07.405+0530","caller":"core/lifecycle.go:76","msg":"Unable to fetch remote config Get \"https://ts-dc.lambdatest.com/v1.0/tunnel/config\": dial tcp: lookup ts-dc.lambdatest.com: no such host"}
{"level":"warn","time":"2025-01-12T18:21:07.405+0530","caller":"core/lifecycle.go:80","msg":"Please ensure https://ts.lambdatest.com is reachable from your network."}
{"level":"error","time":"2025-01-12T18:21:07.539+0530","caller":"core/lifecycle.go:76","msg":"Unable to fetch remote config Get \"https://ts-dc.lambdatest.com/v1.0/tunnel/config\": dial tcp: lookup ts-dc.lambdatest.com: no such host"}
{"level":"warn","time":"2025-01-12T18:21:07.540+0530","caller":"core/lifecycle.go:80","msg":"Please ensure https://ts.lambdatest.com is reachable from your network."}
